,tID,clusters
0,0,6
1,1,6
2,2,6
3,3,6
4,4,6
5,5,6
6,6,6
7,7,6
8,8,6
9,9,6
10,10,6
11,11,6
12,12,6
13,13,6
14,14,6
15,15,6
16,16,6
17,17,6
18,18,6
19,19,6
20,20,6
21,21,6
22,22,6
23,23,6
24,24,6
25,25,6
26,26,6
27,27,3
28,28,6
29,29,6
30,30,6
31,31,6
32,32,6
33,33,6
34,34,6
35,35,6
36,36,6
37,37,6
38,38,6
39,39,6
40,40,3
41,41,3
42,42,6
43,43,6
44,44,6
45,45,6
46,46,6
47,47,6
48,48,6
49,49,6
50,50,8
51,51,8
52,52,8
53,53,8
54,54,8
55,55,8
56,56,8
57,57,8
58,58,8
59,59,8
60,60,6
61,61,8
62,62,1
63,63,8
64,64,8
65,65,8
66,66,8
67,67,8
68,68,8
69,69,8
70,70,8
71,71,8
72,72,8
73,73,6
74,74,1
75,75,1
76,76,8
77,77,8
78,78,1
79,79,8
80,80,8
81,81,1
82,82,1
83,83,1
84,84,1
85,85,1
86,86,1
87,87,1
88,88,1
89,89,1
90,90,1
91,91,1
92,92,1
93,93,1
94,94,1
95,95,1
96,96,1
97,97,6
98,98,1
99,99,1
100,100,1
101,101,1
102,102,8
103,103,1
104,104,1
105,105,1
106,106,1
107,107,1
108,108,1
109,109,1
110,110,1
111,111,1
112,112,1
113,113,1
114,114,1
115,115,1
116,116,1
117,117,1
118,118,1
119,119,1
120,120,1
121,121,1
122,122,6
123,123,6
124,124,6
125,125,6
126,126,6
127,127,8
128,128,8
129,129,8
130,130,8
131,131,7
132,132,8
133,133,7
134,134,8
135,135,8
136,136,8
137,137,7
138,138,8
139,139,8
140,140,8
141,141,8
142,142,8
143,143,8
144,144,8
145,145,8
146,146,8
147,147,7
148,148,7
149,149,7
150,150,7
151,151,8
152,152,8
153,153,8
154,154,8
155,155,8
156,156,8
157,157,7
158,158,8
159,159,8
160,160,8
161,161,8
162,162,8
163,163,8
164,164,8
165,165,8
166,166,8
167,167,8
168,168,8
169,169,8
170,170,8
171,171,8
172,172,8
173,173,8
174,174,8
175,175,8
176,176,8
177,177,8
178,178,8
179,179,8
180,180,8
181,181,8
182,182,8
183,183,8
184,184,8
185,185,8
186,186,8
187,187,8
188,188,7
189,189,8
190,190,8
191,191,8
192,192,7
193,193,7
194,194,7
195,195,7
196,196,7
197,197,7
198,198,7
199,199,7
200,200,7
201,201,7
202,202,7
203,203,7
204,204,7
205,205,7
206,206,7
207,207,7
208,208,8
209,209,8
210,210,8
211,211,8
212,212,8
213,213,8
214,214,8
215,215,8
216,216,8
217,217,8
218,218,8
219,219,8
220,220,8
221,221,8
222,222,7
223,223,7
224,224,7
225,225,7
226,226,7
227,227,7
228,228,7
229,229,7
230,230,7
231,231,7
232,232,7
233,233,7
234,234,7
235,235,7
236,236,7
237,237,7
238,238,7
239,239,7
240,240,7
241,241,7
242,242,7
243,243,7
244,244,8
245,245,7
246,246,8
247,247,8
248,248,8
249,249,8
250,250,8
251,251,7
252,252,8
253,253,8
254,254,8
255,255,8
256,256,8
257,257,8
258,258,8
259,259,8
260,260,8
261,261,8
262,262,8
263,263,8
264,264,8
265,265,8
266,266,8
267,267,8
268,268,7
269,269,7
270,270,8
271,271,7
272,272,7
273,273,7
274,274,7
275,275,8
276,276,8
277,277,8
278,278,8
279,279,8
280,280,8
281,281,7
282,282,7
283,283,7
284,284,7
285,285,7
286,286,7
287,287,7
288,288,7
289,289,7
290,290,7
291,291,7
292,292,7
293,293,7
294,294,7
295,295,7
296,296,7
297,297,7
298,298,7
299,299,7
300,300,7
301,301,7
302,302,7
303,303,7
304,304,7
305,305,7
306,306,7
307,307,7
308,308,7
309,309,7
310,310,7
311,311,7
312,312,7
313,313,7
314,314,7
315,315,7
316,316,7
317,317,7
318,318,7
319,319,7
320,320,7
321,321,7
322,322,7
323,323,7
324,324,7
325,325,7
326,326,7
327,327,7
328,328,7
329,329,7
330,330,7
331,331,7
332,332,7
333,333,7
334,334,7
335,335,7
336,336,7
337,337,7
338,338,7
339,339,7
340,340,7
341,341,7
342,342,7
343,343,7
344,344,7
345,345,7
346,346,7
347,347,7
348,348,7
349,349,7
350,350,7
351,351,7
352,352,7
353,353,7
354,354,7
355,355,7
356,356,7
357,357,7
358,358,7
359,359,7
360,360,7
361,361,7
362,362,7
363,363,7
364,364,7
365,365,7
366,366,7
367,367,7
368,368,7
369,369,7
370,370,7
371,371,7
372,372,7
373,373,7
374,374,7
375,375,7
376,376,7
377,377,7
378,378,7
379,379,7
380,380,7
381,381,7
382,382,7
383,383,7
384,384,7
385,385,7
386,386,7
387,387,7
388,388,7
389,389,7
390,390,7
391,391,7
392,392,7
393,393,7
394,394,7
395,395,7
396,396,7
397,397,7
398,398,7
399,399,7
400,400,7
401,401,7
402,402,7
403,403,7
404,404,7
405,405,7
406,406,7
407,407,7
408,408,7
409,409,7
410,410,7
411,411,7
412,412,7
413,413,7
414,414,7
415,415,7
416,416,7
417,417,7
418,418,7
419,419,7
420,420,7
421,421,7
422,422,7
423,423,7
424,424,7
425,425,7
426,426,7
427,427,7
428,428,7
429,429,7
430,430,7
431,431,7
432,432,7
433,433,7
434,434,7
435,435,7
436,436,7
437,437,7
438,438,7
439,439,7
440,440,7
441,441,7
442,442,7
443,443,7
444,444,7
445,445,7
446,446,7
447,447,7
448,448,7
449,449,7
450,450,7
451,451,7
452,452,7
453,453,7
454,454,7
455,455,7
456,456,7
457,457,7
458,458,7
459,459,7
460,460,7
461,461,7
462,462,7
463,463,7
464,464,7
465,465,7
466,466,7
467,467,7
468,468,7
469,469,7
470,470,7
471,471,7
472,472,7
473,473,7
474,474,7
475,475,7
476,476,7
477,477,7
478,478,7
479,479,7
480,480,7
481,481,7
482,482,7
483,483,7
484,484,7
485,485,7
486,486,7
487,487,7
488,488,7
489,489,7
490,490,7
491,491,7
492,492,7
493,493,7
494,494,7
495,495,7
496,496,7
497,497,7
498,498,7
499,499,7
500,500,7
501,501,7
502,502,7
503,503,7
504,504,7
505,505,7
506,506,7
507,507,7
508,508,7
509,509,7
510,510,7
511,511,7
512,512,7
513,513,7
514,514,7
515,515,7
516,516,7
517,517,7
518,518,7
519,519,7
520,520,7
521,521,7
522,522,7
523,523,7
524,524,7
525,525,7
526,526,7
527,527,7
528,528,7
529,529,7
530,530,7
531,531,7
532,532,7
533,533,7
534,534,7
535,535,7
536,536,7
537,537,7
538,538,7
539,539,7
540,540,7
541,541,7
542,542,7
543,543,7
544,544,7
545,545,7
546,546,7
547,547,7
548,548,7
549,549,7
550,550,7
551,551,7
552,552,7
553,553,7
554,554,7
555,555,7
556,556,7
557,557,7
558,558,7
559,559,7
560,560,7
561,561,7
562,562,7
563,563,7
564,564,7
565,565,7
566,566,7
567,567,7
568,568,7
569,569,7
570,570,7
571,571,7
572,572,7
573,573,7
574,574,7
575,575,7
576,576,7
577,577,7
578,578,7
579,579,7
580,580,7
581,581,7
582,582,7
583,583,7
584,584,7
585,585,7
586,586,7
587,587,7
588,588,7
589,589,7
590,590,7
591,591,7
592,592,7
593,593,7
594,594,7
595,595,7
596,596,7
597,597,7
598,598,7
599,599,7
600,600,7
601,601,7
602,602,7
603,603,7
604,604,7
605,605,7
606,606,7
607,607,7
608,608,7
609,609,7
610,610,7
611,611,7
612,612,7
613,613,7
614,614,7
615,615,7
616,616,7
617,617,7
618,618,7
619,619,7
620,620,7
621,621,7
622,622,7
623,623,7
624,624,7
625,625,7
626,626,7
627,627,7
628,628,7
629,629,7
630,630,7
631,631,7
632,632,7
633,633,7
634,634,7
635,635,7
636,636,7
637,637,7
638,638,7
639,639,7
640,640,7
641,641,7
642,642,7
643,643,7
644,644,7
645,645,7
646,646,7
647,647,7
648,648,0
649,649,7
650,650,0
651,651,0
652,652,0
653,653,7
654,654,7
655,655,0
656,656,0
657,657,0
658,658,0
659,659,7
660,660,7
661,661,0
662,662,0
663,663,0
664,664,0
665,665,0
666,666,8
667,667,8
668,668,7
669,669,8
670,670,7
671,671,7
672,672,8
673,673,8
674,674,8
675,675,7
676,676,7
677,677,8
678,678,8
679,679,8
680,680,8
681,681,8
682,682,8
683,683,8
684,684,8
685,685,8
686,686,8
687,687,8
688,688,8
689,689,8
690,690,8
691,691,8
692,692,8
693,693,8
694,694,8
695,695,8
696,696,8
697,697,8
698,698,8
699,699,8
700,700,8
701,701,8
702,702,7
703,703,7
704,704,7
705,705,7
706,706,7
707,707,7
708,708,7
709,709,7
710,710,7
711,711,7
712,712,7
713,713,7
714,714,7
715,715,7
716,716,7
717,717,7
718,718,7
719,719,7
720,720,7
721,721,7
722,722,7
723,723,7
724,724,7
725,725,7
726,726,7
727,727,7
728,728,7
729,729,7
730,730,7
731,731,7
732,732,7
733,733,7
734,734,7
735,735,7
736,736,7
737,737,7
738,738,7
739,739,7
740,740,7
741,741,7
742,742,7
743,743,7
744,744,7
745,745,7
746,746,8
747,747,8
748,748,8
749,749,7
750,750,7
751,751,7
752,752,7
753,753,7
754,754,7
755,755,7
756,756,8
757,757,7
758,758,7
759,759,7
760,760,7
761,761,7
762,762,7
763,763,7
764,764,7
765,765,7
766,766,7
767,767,7
768,768,7
769,769,7
770,770,8
771,771,7
772,772,7
773,773,7
774,774,7
775,775,7
776,776,7
777,777,7
778,778,7
779,779,7
780,780,7
781,781,7
782,782,7
783,783,7
784,784,7
785,785,7
786,786,7
787,787,7
788,788,7
789,789,7
790,790,7
791,791,7
792,792,7
793,793,7
794,794,7
795,795,7
796,796,7
797,797,7
798,798,7
799,799,6
800,800,6
801,801,6
802,802,6
803,803,6
804,804,6
805,805,6
806,806,6
807,807,6
808,808,6
809,809,6
810,810,6
811,811,6
812,812,6
813,813,6
814,814,6
815,815,6
816,816,6
817,817,6
818,818,6
819,819,6
820,820,6
821,821,6
822,822,6
823,823,6
824,824,6
825,825,8
826,826,8
827,827,8
828,828,8
829,829,8
830,830,6
831,831,6
832,832,6
833,833,6
834,834,6
835,835,8
836,836,8
837,837,6
838,838,6
839,839,6
840,840,6
841,841,6
842,842,6
843,843,6
844,844,6
845,845,6
846,846,6
847,847,6
848,848,6
849,849,6
850,850,6
851,851,6
852,852,6
853,853,6
854,854,6
855,855,6
856,856,6
857,857,6
858,858,6
859,859,6
860,860,6
861,861,6
862,862,6
863,863,6
864,864,6
865,865,6
866,866,6
867,867,6
868,868,6
869,869,6
870,870,6
871,871,6
872,872,8
873,873,8
874,874,8
875,875,8
876,876,8
877,877,8
878,878,8
879,879,8
880,880,8
881,881,8
882,882,8
883,883,8
884,884,8
885,885,8
886,886,6
887,887,6
888,888,6
889,889,3
890,890,3
891,891,6
892,892,6
893,893,6
894,894,6
895,895,6
896,896,6
897,897,6
898,898,6
899,899,6
900,900,6
901,901,6
902,902,6
903,903,6
904,904,6
905,905,6
906,906,6
907,907,6
908,908,6
909,909,6
910,910,6
911,911,6
912,912,6
913,913,6
914,914,6
915,915,6
916,916,6
917,917,6
918,918,6
919,919,6
920,920,6
921,921,6
922,922,6
923,923,8
924,924,6
925,925,6
926,926,6
927,927,6
928,928,6
929,929,8
930,930,6
931,931,8
932,932,8
933,933,8
934,934,8
935,935,8
936,936,1
937,937,1
938,938,1
939,939,1
940,940,3
941,941,1
942,942,1
943,943,3
944,944,3
945,945,3
946,946,1
947,947,3
948,948,1
949,949,3
950,950,3
951,951,3
952,952,3
953,953,1
954,954,1
955,955,1
956,956,3
957,957,3
958,958,1
959,959,3
960,960,3
961,961,1
962,962,3
963,963,1
964,964,3
965,965,3
966,966,3
967,967,3
968,968,3
969,969,3
970,970,3
971,971,1
972,972,3
973,973,1
974,974,1
975,975,1
976,976,1
977,977,1
978,978,1
979,979,1
980,980,1
981,981,1
982,982,1
983,983,1
984,984,1
985,985,1
986,986,1
987,987,1
988,988,1
989,989,1
990,990,1
991,991,1
992,992,1
993,993,3
994,994,1
995,995,1
996,996,1
997,997,1
998,998,1
999,999,1
1000,1000,1
1001,1001,1
1002,1002,1
1003,1003,1
1004,1004,1
1005,1005,1
1006,1006,1
1007,1007,1
1008,1008,1
1009,1009,1
1010,1010,1
1011,1011,1
1012,1012,1
1013,1013,1
1014,1014,1
1015,1015,1
1016,1016,1
1017,1017,1
1018,1018,1
1019,1019,1
1020,1020,1
1021,1021,1
1022,1022,1
1023,1023,1
1024,1024,1
1025,1025,1
1026,1026,1
1027,1027,1
1028,1028,1
1029,1029,1
1030,1030,1
1031,1031,1
1032,1032,1
1033,1033,1
1034,1034,1
1035,1035,1
1036,1036,1
1037,1037,1
1038,1038,1
1039,1039,1
1040,1040,1
1041,1041,1
1042,1042,1
1043,1043,1
1044,1044,1
1045,1045,1
1046,1046,1
1047,1047,1
1048,1048,1
1049,1049,1
1050,1050,1
1051,1051,1
1052,1052,1
1053,1053,1
1054,1054,1
1055,1055,1
1056,1056,1
1057,1057,1
1058,1058,1
1059,1059,1
1060,1060,1
1061,1061,1
1062,1062,1
1063,1063,1
1064,1064,1
1065,1065,1
1066,1066,1
1067,1067,1
1068,1068,1
1069,1069,1
1070,1070,1
1071,1071,1
1072,1072,1
1073,1073,1
1074,1074,1
1075,1075,1
1076,1076,1
1077,1077,1
1078,1078,1
1079,1079,1
1080,1080,1
1081,1081,1
1082,1082,1
1083,1083,1
1084,1084,1
1085,1085,1
1086,1086,1
1087,1087,1
1088,1088,1
1089,1089,1
1090,1090,1
1091,1091,1
1092,1092,1
1093,1093,1
1094,1094,1
1095,1095,1
1096,1096,6
1097,1097,6
1098,1098,1
1099,1099,1
1100,1100,1
1101,1101,1
1102,1102,1
1103,1103,1
1104,1104,1
1105,1105,6
1106,1106,1
1107,1107,1
1108,1108,1
1109,1109,1
1110,1110,1
1111,1111,1
1112,1112,1
1113,1113,1
1114,1114,1
1115,1115,1
1116,1116,1
1117,1117,1
1118,1118,1
1119,1119,1
1120,1120,1
1121,1121,1
1122,1122,1
1123,1123,1
1124,1124,1
1125,1125,1
1126,1126,1
1127,1127,1
1128,1128,1
1129,1129,3
1130,1130,1
1131,1131,1
1132,1132,3
1133,1133,3
1134,1134,1
1135,1135,3
1136,1136,1
1137,1137,1
1138,1138,1
1139,1139,1
1140,1140,3
1141,1141,1
1142,1142,3
1143,1143,1
1144,1144,3
1145,1145,3
1146,1146,1
1147,1147,3
1148,1148,1
1149,1149,1
1150,1150,1
1151,1151,1
1152,1152,1
1153,1153,1
1154,1154,1
1155,1155,3
1156,1156,3
1157,1157,3
1158,1158,3
1159,1159,3
1160,1160,3
1161,1161,1
1162,1162,1
1163,1163,1
1164,1164,1
1165,1165,1
1166,1166,1
1167,1167,1
1168,1168,1
1169,1169,1
1170,1170,1
1171,1171,1
1172,1172,3
1173,1173,1
1174,1174,1
1175,1175,3
1176,1176,3
1177,1177,3
1178,1178,3
1179,1179,3
1180,1180,1
1181,1181,3
1182,1182,3
1183,1183,3
1184,1184,1
1185,1185,3
1186,1186,3
1187,1187,3
1188,1188,3
1189,1189,3
1190,1190,3
1191,1191,3
1192,1192,3
1193,1193,3
1194,1194,3
1195,1195,1
1196,1196,1
1197,1197,3
1198,1198,1
1199,1199,3
1200,1200,1
1201,1201,1
1202,1202,1
1203,1203,1
1204,1204,1
1205,1205,1
1206,1206,1
1207,1207,1
1208,1208,1
1209,1209,1
1210,1210,1
1211,1211,1
1212,1212,1
1213,1213,1
1214,1214,1
1215,1215,1
1216,1216,1
1217,1217,1
1218,1218,1
1219,1219,1
1220,1220,1
1221,1221,1
1222,1222,1
1223,1223,1
1224,1224,1
1225,1225,1
1226,1226,1
1227,1227,1
1228,1228,1
1229,1229,1
1230,1230,1
1231,1231,1
1232,1232,1
1233,1233,1
1234,1234,1
1235,1235,1
1236,1236,1
1237,1237,1
1238,1238,1
1239,1239,1
1240,1240,1
1241,1241,1
1242,1242,1
1243,1243,1
1244,1244,1
1245,1245,1
1246,1246,1
1247,1247,1
1248,1248,1
1249,1249,1
1250,1250,1
1251,1251,1
1252,1252,1
1253,1253,1
1254,1254,1
1255,1255,1
1256,1256,1
1257,1257,1
1258,1258,1
1259,1259,1
1260,1260,1
1261,1261,1
1262,1262,1
1263,1263,1
1264,1264,1
1265,1265,1
1266,1266,1
1267,1267,1
1268,1268,1
1269,1269,1
1270,1270,1
1271,1271,1
1272,1272,1
1273,1273,1
1274,1274,1
1275,1275,1
1276,1276,1
1277,1277,1
1278,1278,1
1279,1279,1
1280,1280,1
1281,1281,1
1282,1282,1
1283,1283,1
1284,1284,1
1285,1285,1
1286,1286,1
1287,1287,1
1288,1288,1
1289,1289,1
1290,1290,1
1291,1291,1
1292,1292,1
1293,1293,1
1294,1294,1
1295,1295,1
1296,1296,1
1297,1297,1
1298,1298,1
1299,1299,1
1300,1300,1
1301,1301,1
1302,1302,1
1303,1303,1
1304,1304,1
1305,1305,1
1306,1306,1
1307,1307,1
1308,1308,1
1309,1309,1
1310,1310,1
1311,1311,1
1312,1312,1
1313,1313,1
1314,1314,1
1315,1315,1
1316,1316,1
1317,1317,1
1318,1318,1
1319,1319,1
1320,1320,1
1321,1321,1
1322,1322,1
1323,1323,7
1324,1324,7
1325,1325,7
1326,1326,7
1327,1327,7
1328,1328,7
1329,1329,7
1330,1330,7
1331,1331,7
1332,1332,7
1333,1333,7
1334,1334,7
1335,1335,7
1336,1336,7
1337,1337,7
1338,1338,7
1339,1339,7
1340,1340,7
1341,1341,7
1342,1342,7
1343,1343,7
1344,1344,7
1345,1345,7
1346,1346,7
1347,1347,7
1348,1348,7
1349,1349,7
1350,1350,7
1351,1351,7
1352,1352,7
1353,1353,7
1354,1354,7
1355,1355,7
1356,1356,7
1357,1357,3
1358,1358,3
1359,1359,3
1360,1360,3
1361,1361,3
1362,1362,3
1363,1363,3
1364,1364,3
1365,1365,3
1366,1366,3
1367,1367,3
1368,1368,3
1369,1369,3
1370,1370,3
1371,1371,3
1372,1372,3
1373,1373,3
1374,1374,3
1375,1375,3
1376,1376,3
1377,1377,3
1378,1378,3
1379,1379,3
1380,1380,3
1381,1381,3
1382,1382,3
1383,1383,3
1384,1384,3
1385,1385,3
1386,1386,3
1387,1387,3
1388,1388,3
1389,1389,3
1390,1390,3
1391,1391,3
1392,1392,3
1393,1393,3
1394,1394,3
1395,1395,3
1396,1396,3
1397,1397,3
1398,1398,3
1399,1399,3
1400,1400,3
1401,1401,3
1402,1402,3
1403,1403,3
1404,1404,3
1405,1405,3
1406,1406,3
1407,1407,3
1408,1408,3
1409,1409,3
1410,1410,3
1411,1411,3
1412,1412,3
1413,1413,3
1414,1414,3
1415,1415,3
1416,1416,3
1417,1417,3
1418,1418,3
1419,1419,3
1420,1420,3
1421,1421,3
1422,1422,3
1423,1423,3
1424,1424,3
1425,1425,3
1426,1426,3
1427,1427,3
1428,1428,3
1429,1429,3
1430,1430,3
1431,1431,3
1432,1432,3
1433,1433,3
1434,1434,3
1435,1435,3
1436,1436,3
1437,1437,3
1438,1438,3
1439,1439,3
1440,1440,3
1441,1441,3
1442,1442,3
1443,1443,3
1444,1444,3
1445,1445,3
1446,1446,3
1447,1447,3
1448,1448,3
1449,1449,3
1450,1450,3
1451,1451,3
1452,1452,3
1453,1453,3
1454,1454,3
1455,1455,3
1456,1456,3
1457,1457,3
1458,1458,3
1459,1459,3
1460,1460,3
1461,1461,3
1462,1462,3
1463,1463,3
1464,1464,3
1465,1465,3
1466,1466,3
1467,1467,3
1468,1468,3
1469,1469,3
1470,1470,3
1471,1471,3
1472,1472,3
1473,1473,3
1474,1474,3
1475,1475,3
1476,1476,3
1477,1477,3
1478,1478,3
1479,1479,3
1480,1480,3
1481,1481,3
1482,1482,3
1483,1483,3
1484,1484,3
1485,1485,3
1486,1486,3
1487,1487,3
1488,1488,3
1489,1489,3
1490,1490,3
1491,1491,3
1492,1492,3
1493,1493,3
1494,1494,3
1495,1495,3
1496,1496,3
1497,1497,3
1498,1498,3
1499,1499,3
1500,1500,3
1501,1501,3
1502,1502,3
1503,1503,3
1504,1504,3
1505,1505,3
1506,1506,3
1507,1507,3
1508,1508,3
1509,1509,3
1510,1510,3
1511,1511,7
1512,1512,7
1513,1513,7
1514,1514,7
1515,1515,7
1516,1516,7
1517,1517,7
1518,1518,7
1519,1519,7
1520,1520,7
1521,1521,7
1522,1522,7
1523,1523,7
1524,1524,7
1525,1525,7
1526,1526,7
1527,1527,7
1528,1528,7
1529,1529,7
1530,1530,7
1531,1531,7
1532,1532,7
1533,1533,7
1534,1534,7
1535,1535,7
1536,1536,7
1537,1537,7
1538,1538,7
1539,1539,7
1540,1540,7
1541,1541,7
1542,1542,7
1543,1543,7
1544,1544,7
1545,1545,7
1546,1546,7
1547,1547,7
1548,1548,7
1549,1549,7
1550,1550,7
1551,1551,7
1552,1552,7
1553,1553,7
1554,1554,7
1555,1555,7
1556,1556,7
1557,1557,7
1558,1558,7
1559,1559,7
1560,1560,7
1561,1561,7
1562,1562,7
1563,1563,7
1564,1564,7
1565,1565,7
1566,1566,7
1567,1567,7
1568,1568,7
1569,1569,7
1570,1570,7
1571,1571,7
1572,1572,7
1573,1573,7
1574,1574,7
1575,1575,7
1576,1576,7
1577,1577,2
1578,1578,2
1579,1579,2
1580,1580,2
1581,1581,2
1582,1582,2
1583,1583,2
1584,1584,2
1585,1585,2
1586,1586,2
1587,1587,2
1588,1588,2
1589,1589,2
1590,1590,2
1591,1591,2
1592,1592,7
1593,1593,7
1594,1594,7
1595,1595,7
1596,1596,7
1597,1597,7
1598,1598,7
1599,1599,7
1600,1600,7
1601,1601,7
1602,1602,7
1603,1603,7
1604,1604,7
1605,1605,7
1606,1606,7
1607,1607,7
1608,1608,7
1609,1609,7
1610,1610,7
1611,1611,7
1612,1612,7
1613,1613,7
1614,1614,7
1615,1615,7
1616,1616,7
1617,1617,7
1618,1618,7
1619,1619,7
1620,1620,7
1621,1621,7
1622,1622,7
1623,1623,7
1624,1624,7
1625,1625,7
1626,1626,7
1627,1627,7
1628,1628,7
1629,1629,7
1630,1630,7
1631,1631,7
1632,1632,7
1633,1633,7
1634,1634,7
1635,1635,7
1636,1636,7
1637,1637,7
1638,1638,7
1639,1639,7
1640,1640,7
1641,1641,7
1642,1642,7
1643,1643,7
1644,1644,7
1645,1645,7
1646,1646,7
1647,1647,7
1648,1648,7
1649,1649,7
1650,1650,7
1651,1651,7
1652,1652,7
1653,1653,7
1654,1654,7
1655,1655,7
1656,1656,7
1657,1657,7
1658,1658,7
1659,1659,7
1660,1660,7
1661,1661,7
1662,1662,7
1663,1663,7
1664,1664,7
1665,1665,7
1666,1666,2
1667,1667,2
1668,1668,2
1669,1669,2
1670,1670,2
1671,1671,2
1672,1672,2
1673,1673,2
1674,1674,2
1675,1675,2
1676,1676,2
1677,1677,2
1678,1678,2
1679,1679,2
1680,1680,2
1681,1681,2
1682,1682,2
1683,1683,2
1684,1684,10
1685,1685,10
1686,1686,10
1687,1687,10
1688,1688,10
1689,1689,10
1690,1690,10
1691,1691,10
1692,1692,10
1693,1693,10
1694,1694,10
1695,1695,10
1696,1696,10
1697,1697,10
1698,1698,10
1699,1699,10
1700,1700,10
1701,1701,10
1702,1702,8
1703,1703,8
1704,1704,8
1705,1705,10
1706,1706,10
1707,1707,10
1708,1708,10
1709,1709,10
1710,1710,10
1711,1711,10
1712,1712,10
1713,1713,10
1714,1714,10
1715,1715,10
1716,1716,10
1717,1717,10
1718,1718,10
1719,1719,10
1720,1720,10
1721,1721,10
1722,1722,10
1723,1723,10
1724,1724,10
1725,1725,10
1726,1726,10
1727,1727,10
1728,1728,10
1729,1729,10
1730,1730,10
1731,1731,10
1732,1732,10
1733,1733,10
1734,1734,10
1735,1735,10
1736,1736,10
1737,1737,10
1738,1738,10
1739,1739,10
1740,1740,10
1741,1741,10
1742,1742,10
1743,1743,10
1744,1744,10
1745,1745,10
1746,1746,10
1747,1747,10
1748,1748,10
1749,1749,10
1750,1750,10
1751,1751,10
1752,1752,10
1753,1753,10
1754,1754,10
1755,1755,10
1756,1756,10
1757,1757,10
1758,1758,10
1759,1759,10
1760,1760,10
1761,1761,10
1762,1762,10
1763,1763,10
1764,1764,10
1765,1765,10
1766,1766,10
1767,1767,10
1768,1768,10
1769,1769,10
1770,1770,10
1771,1771,10
1772,1772,10
1773,1773,10
1774,1774,10
1775,1775,10
1776,1776,10
1777,1777,10
1778,1778,10
1779,1779,10
1780,1780,10
1781,1781,10
1782,1782,10
1783,1783,8
1784,1784,8
1785,1785,8
1786,1786,8
1787,1787,8
1788,1788,8
1789,1789,8
1790,1790,8
1791,1791,8
1792,1792,8
1793,1793,8
1794,1794,8
1795,1795,8
1796,1796,8
1797,1797,8
1798,1798,8
1799,1799,8
1800,1800,10
1801,1801,10
1802,1802,10
1803,1803,8
1804,1804,8
1805,1805,8
1806,1806,8
1807,1807,8
1808,1808,8
1809,1809,8
1810,1810,8
1811,1811,8
1812,1812,8
1813,1813,10
1814,1814,8
1815,1815,10
1816,1816,8
1817,1817,8
1818,1818,10
1819,1819,8
1820,1820,8
1821,1821,8
1822,1822,8
1823,1823,8
1824,1824,8
1825,1825,10
1826,1826,10
1827,1827,10
1828,1828,10
1829,1829,10
1830,1830,10
1831,1831,10
1832,1832,10
1833,1833,10
1834,1834,10
1835,1835,10
1836,1836,10
1837,1837,10
1838,1838,10
1839,1839,10
1840,1840,10
1841,1841,10
1842,1842,10
1843,1843,10
1844,1844,10
1845,1845,10
1846,1846,10
1847,1847,10
1848,1848,10
1849,1849,10
1850,1850,10
1851,1851,10
1852,1852,10
1853,1853,10
1854,1854,10
1855,1855,10
1856,1856,10
1857,1857,10
1858,1858,10
1859,1859,10
1860,1860,10
1861,1861,10
1862,1862,10
1863,1863,10
1864,1864,10
1865,1865,10
1866,1866,10
1867,1867,10
1868,1868,10
1869,1869,10
1870,1870,10
1871,1871,10
1872,1872,10
1873,1873,10
1874,1874,10
1875,1875,10
1876,1876,10
1877,1877,10
1878,1878,10
1879,1879,10
1880,1880,10
1881,1881,10
1882,1882,10
1883,1883,10
1884,1884,10
1885,1885,10
1886,1886,10
1887,1887,10
1888,1888,10
1889,1889,10
1890,1890,10
1891,1891,10
1892,1892,10
1893,1893,10
1894,1894,10
1895,1895,10
1896,1896,10
1897,1897,10
1898,1898,10
1899,1899,10
1900,1900,10
1901,1901,10
1902,1902,10
1903,1903,10
1904,1904,10
1905,1905,10
1906,1906,10
1907,1907,10
1908,1908,10
1909,1909,10
1910,1910,10
1911,1911,10
1912,1912,10
1913,1913,10
1914,1914,10
1915,1915,10
1916,1916,10
1917,1917,10
1918,1918,10
1919,1919,10
1920,1920,10
1921,1921,10
1922,1922,10
1923,1923,10
1924,1924,10
1925,1925,10
1926,1926,10
1927,1927,10
1928,1928,10
1929,1929,10
1930,1930,10
1931,1931,10
1932,1932,10
1933,1933,10
1934,1934,10
1935,1935,10
1936,1936,10
1937,1937,10
1938,1938,10
1939,1939,10
1940,1940,10
1941,1941,10
1942,1942,10
1943,1943,10
1944,1944,10
1945,1945,10
1946,1946,10
1947,1947,10
1948,1948,10
1949,1949,10
1950,1950,10
1951,1951,10
1952,1952,10
1953,1953,10
1954,1954,10
1955,1955,10
1956,1956,10
1957,1957,10
1958,1958,10
1959,1959,10
1960,1960,10
1961,1961,10
1962,1962,10
1963,1963,10
1964,1964,10
1965,1965,10
1966,1966,10
1967,1967,10
1968,1968,10
1969,1969,10
1970,1970,10
1971,1971,8
1972,1972,10
1973,1973,8
1974,1974,10
1975,1975,10
1976,1976,10
1977,1977,10
1978,1978,10
1979,1979,8
1980,1980,8
1981,1981,8
1982,1982,8
1983,1983,8
1984,1984,8
1985,1985,8
1986,1986,10
1987,1987,8
1988,1988,8
1989,1989,8
1990,1990,8
1991,1991,8
1992,1992,8
1993,1993,8
1994,1994,8
1995,1995,8
1996,1996,8
1997,1997,8
1998,1998,8
1999,1999,8
2000,2000,8
2001,2001,8
2002,2002,8
2003,2003,8
2004,2004,8
2005,2005,8
2006,2006,8
2007,2007,8
2008,2008,8
2009,2009,8
2010,2010,8
2011,2011,8
2012,2012,8
2013,2013,10
2014,2014,8
2015,2015,10
2016,2016,8
2017,2017,8
2018,2018,8
2019,2019,8
2020,2020,8
2021,2021,8
2022,2022,8
2023,2023,8
2024,2024,8
2025,2025,8
2026,2026,8
2027,2027,8
2028,2028,8
2029,2029,8
2030,2030,8
2031,2031,8
2032,2032,8
2033,2033,8
2034,2034,8
2035,2035,8
2036,2036,8
2037,2037,8
2038,2038,8
2039,2039,8
2040,2040,8
2041,2041,8
2042,2042,8
2043,2043,8
2044,2044,8
2045,2045,8
2046,2046,8
2047,2047,8
2048,2048,8
2049,2049,8
2050,2050,8
2051,2051,8
2052,2052,8
2053,2053,8
2054,2054,8
2055,2055,8
2056,2056,8
2057,2057,8
2058,2058,8
2059,2059,8
2060,2060,8
2061,2061,8
2062,2062,8
2063,2063,8
2064,2064,8
2065,2065,8
2066,2066,8
2067,2067,8
2068,2068,8
2069,2069,8
2070,2070,8
2071,2071,8
2072,2072,8
2073,2073,8
2074,2074,8
2075,2075,8
2076,2076,8
2077,2077,8
2078,2078,8
2079,2079,8
2080,2080,8
2081,2081,8
2082,2082,8
2083,2083,8
2084,2084,8
2085,2085,8
2086,2086,8
2087,2087,8
2088,2088,8
2089,2089,8
2090,2090,8
2091,2091,8
2092,2092,8
2093,2093,8
2094,2094,8
2095,2095,8
2096,2096,8
2097,2097,7
2098,2098,7
2099,2099,7
2100,2100,7
2101,2101,7
2102,2102,7
2103,2103,7
2104,2104,7
2105,2105,7
2106,2106,8
2107,2107,7
2108,2108,7
2109,2109,7
2110,2110,7
2111,2111,7
2112,2112,7
2113,2113,7
2114,2114,7
2115,2115,8
2116,2116,7
2117,2117,7
2118,2118,7
2119,2119,7
2120,2120,7
2121,2121,7
2122,2122,7
2123,2123,7
2124,2124,7
2125,2125,7
2126,2126,7
2127,2127,8
2128,2128,8
2129,2129,7
2130,2130,8
2131,2131,7
2132,2132,7
2133,2133,7
2134,2134,8
2135,2135,8
2136,2136,8
2137,2137,8
2138,2138,7
2139,2139,7
2140,2140,8
2141,2141,8
2142,2142,8
2143,2143,8
2144,2144,8
2145,2145,7
2146,2146,8
2147,2147,7
2148,2148,7
2149,2149,7
2150,2150,8
2151,2151,8
2152,2152,8
2153,2153,8
2154,2154,8
2155,2155,7
2156,2156,7
2157,2157,7
2158,2158,8
2159,2159,7
2160,2160,7
2161,2161,7
2162,2162,7
2163,2163,7
2164,2164,7
2165,2165,7
2166,2166,7
2167,2167,7
2168,2168,7
2169,2169,7
2170,2170,7
2171,2171,7
2172,2172,7
2173,2173,7
2174,2174,7
2175,2175,7
2176,2176,7
2177,2177,8
2178,2178,8
2179,2179,8
2180,2180,8
2181,2181,8
2182,2182,8
2183,2183,8
2184,2184,8
2185,2185,8
2186,2186,8
2187,2187,8
2188,2188,8
2189,2189,8
2190,2190,8
2191,2191,8
2192,2192,8
2193,2193,8
2194,2194,8
2195,2195,8
2196,2196,8
2197,2197,8
2198,2198,8
2199,2199,8
2200,2200,8
2201,2201,8
2202,2202,8
2203,2203,8
2204,2204,8
2205,2205,8
2206,2206,8
2207,2207,8
2208,2208,8
2209,2209,8
2210,2210,8
2211,2211,8
2212,2212,8
2213,2213,8
2214,2214,8
2215,2215,8
2216,2216,8
2217,2217,8
2218,2218,8
2219,2219,8
2220,2220,8
2221,2221,8
2222,2222,8
2223,2223,8
2224,2224,8
2225,2225,8
2226,2226,8
2227,2227,8
2228,2228,8
2229,2229,8
2230,2230,8
2231,2231,8
2232,2232,8
2233,2233,8
2234,2234,8
2235,2235,8
2236,2236,8
2237,2237,8
2238,2238,8
2239,2239,8
2240,2240,8
2241,2241,8
2242,2242,8
2243,2243,8
2244,2244,8
2245,2245,8
2246,2246,8
2247,2247,8
2248,2248,8
2249,2249,8
2250,2250,8
2251,2251,8
2252,2252,8
2253,2253,8
2254,2254,8
2255,2255,8
2256,2256,8
2257,2257,8
2258,2258,8
2259,2259,8
2260,2260,8
2261,2261,8
2262,2262,8
2263,2263,8
2264,2264,8
2265,2265,8
2266,2266,8
2267,2267,8
2268,2268,8
2269,2269,8
2270,2270,2
2271,2271,7
2272,2272,2
2273,2273,7
2274,2274,7
2275,2275,7
2276,2276,7
2277,2277,7
2278,2278,2
2279,2279,2
2280,2280,2
2281,2281,2
2282,2282,2
2283,2283,2
2284,2284,2
2285,2285,2
2286,2286,2
2287,2287,2
2288,2288,2
2289,2289,2
2290,2290,2
2291,2291,2
2292,2292,2
2293,2293,2
2294,2294,2
2295,2295,2
2296,2296,2
2297,2297,2
2298,2298,2
2299,2299,2
2300,2300,2
2301,2301,2
2302,2302,2
2303,2303,2
2304,2304,2
2305,2305,2
2306,2306,2
2307,2307,2
2308,2308,2
2309,2309,2
2310,2310,2
2311,2311,2
2312,2312,2
2313,2313,7
2314,2314,7
2315,2315,7
2316,2316,2
2317,2317,7
2318,2318,7
2319,2319,7
2320,2320,7
2321,2321,2
2322,2322,2
2323,2323,2
2324,2324,2
2325,2325,2
2326,2326,2
2327,2327,2
2328,2328,2
2329,2329,2
2330,2330,2
2331,2331,7
2332,2332,2
2333,2333,2
2334,2334,2
2335,2335,2
2336,2336,2
2337,2337,2
2338,2338,2
2339,2339,2
2340,2340,2
2341,2341,2
2342,2342,2
2343,2343,2
2344,2344,2
2345,2345,2
2346,2346,2
2347,2347,2
2348,2348,2
2349,2349,2
2350,2350,2
2351,2351,2
2352,2352,2
2353,2353,2
2354,2354,2
2355,2355,2
2356,2356,2
2357,2357,2
2358,2358,2
2359,2359,2
2360,2360,2
2361,2361,2
2362,2362,2
2363,2363,2
2364,2364,2
2365,2365,2
2366,2366,2
2367,2367,2
2368,2368,2
2369,2369,2
2370,2370,2
2371,2371,2
2372,2372,2
2373,2373,2
2374,2374,2
2375,2375,2
2376,2376,2
2377,2377,2
2378,2378,2
2379,2379,2
2380,2380,2
2381,2381,2
2382,2382,2
2383,2383,2
2384,2384,2
2385,2385,2
2386,2386,2
2387,2387,2
2388,2388,2
2389,2389,2
2390,2390,2
2391,2391,2
2392,2392,2
2393,2393,2
2394,2394,2
2395,2395,2
2396,2396,2
2397,2397,2
2398,2398,2
2399,2399,2
2400,2400,2
2401,2401,2
2402,2402,2
2403,2403,2
2404,2404,2
2405,2405,2
2406,2406,2
2407,2407,2
2408,2408,2
2409,2409,2
2410,2410,2
2411,2411,2
2412,2412,2
2413,2413,2
2414,2414,2
2415,2415,2
2416,2416,2
2417,2417,2
2418,2418,2
2419,2419,2
2420,2420,2
2421,2421,2
2422,2422,2
2423,2423,2
2424,2424,2
2425,2425,2
2426,2426,2
2427,2427,2
2428,2428,2
2429,2429,2
2430,2430,2
2431,2431,2
2432,2432,2
2433,2433,2
2434,2434,2
2435,2435,2
2436,2436,2
2437,2437,2
2438,2438,2
2439,2439,2
2440,2440,2
2441,2441,2
2442,2442,2
2443,2443,2
2444,2444,2
2445,2445,2
2446,2446,2
2447,2447,2
2448,2448,2
2449,2449,2
2450,2450,2
2451,2451,2
2452,2452,2
2453,2453,2
2454,2454,2
2455,2455,2
2456,2456,2
2457,2457,2
2458,2458,2
2459,2459,2
2460,2460,2
2461,2461,2
2462,2462,2
2463,2463,2
2464,2464,2
2465,2465,2
2466,2466,2
2467,2467,2
2468,2468,2
2469,2469,2
2470,2470,2
2471,2471,2
2472,2472,2
2473,2473,2
2474,2474,2
2475,2475,2
2476,2476,2
2477,2477,2
2478,2478,2
2479,2479,2
2480,2480,2
2481,2481,2
2482,2482,2
2483,2483,2
2484,2484,2
2485,2485,2
2486,2486,2
2487,2487,2
2488,2488,2
2489,2489,2
2490,2490,2
2491,2491,2
2492,2492,2
2493,2493,2
2494,2494,2
2495,2495,2
2496,2496,2
2497,2497,2
2498,2498,2
2499,2499,2
2500,2500,2
2501,2501,2
2502,2502,2
2503,2503,2
2504,2504,2
2505,2505,2
2506,2506,2
2507,2507,2
2508,2508,2
2509,2509,2
2510,2510,2
2511,2511,2
2512,2512,2
2513,2513,2
2514,2514,2
2515,2515,2
2516,2516,2
2517,2517,2
2518,2518,2
2519,2519,2
2520,2520,2
2521,2521,2
2522,2522,2
2523,2523,2
2524,2524,2
2525,2525,2
2526,2526,2
2527,2527,2
2528,2528,2
2529,2529,2
2530,2530,2
2531,2531,2
2532,2532,2
2533,2533,2
2534,2534,2
2535,2535,2
2536,2536,2
2537,2537,2
2538,2538,2
2539,2539,2
2540,2540,8
2541,2541,8
2542,2542,8
2543,2543,8
2544,2544,7
2545,2545,7
2546,2546,0
2547,2547,7
2548,2548,7
2549,2549,7
2550,2550,7
2551,2551,7
2552,2552,7
2553,2553,7
2554,2554,7
2555,2555,7
2556,2556,7
2557,2557,7
2558,2558,7
2559,2559,7
2560,2560,7
2561,2561,7
2562,2562,7
2563,2563,2
2564,2564,7
2565,2565,7
2566,2566,7
2567,2567,7
2568,2568,7
2569,2569,7
2570,2570,7
2571,2571,7
2572,2572,2
2573,2573,7
2574,2574,7
2575,2575,2
2576,2576,7
2577,2577,2
2578,2578,1
2579,2579,1
2580,2580,1
2581,2581,1
2582,2582,1
2583,2583,1
2584,2584,1
2585,2585,1
2586,2586,1
2587,2587,1
2588,2588,1
2589,2589,1
2590,2590,1
2591,2591,1
2592,2592,1
2593,2593,1
2594,2594,1
2595,2595,1
2596,2596,1
2597,2597,1
2598,2598,1
2599,2599,1
2600,2600,1
2601,2601,1
2602,2602,1
2603,2603,1
2604,2604,1
2605,2605,1
2606,2606,1
2607,2607,1
2608,2608,1
2609,2609,1
2610,2610,1
2611,2611,1
2612,2612,1
2613,2613,1
2614,2614,1
2615,2615,1
2616,2616,1
2617,2617,1
2618,2618,1
2619,2619,1
2620,2620,1
2621,2621,1
2622,2622,1
2623,2623,1
2624,2624,1
2625,2625,1
2626,2626,1
2627,2627,1
2628,2628,1
2629,2629,1
2630,2630,1
2631,2631,1
2632,2632,1
2633,2633,1
2634,2634,1
2635,2635,1
2636,2636,1
2637,2637,1
2638,2638,1
2639,2639,1
2640,2640,1
2641,2641,1
2642,2642,1
2643,2643,1
2644,2644,1
2645,2645,1
2646,2646,1
2647,2647,1
2648,2648,1
2649,2649,1
2650,2650,1
2651,2651,1
2652,2652,1
2653,2653,1
2654,2654,1
2655,2655,1
2656,2656,1
2657,2657,1
2658,2658,1
2659,2659,1
2660,2660,1
2661,2661,1
2662,2662,1
2663,2663,1
2664,2664,1
2665,2665,1
2666,2666,1
2667,2667,1
2668,2668,1
2669,2669,1
2670,2670,1
2671,2671,1
2672,2672,1
2673,2673,1
2674,2674,1
2675,2675,1
2676,2676,1
2677,2677,1
2678,2678,1
2679,2679,1
2680,2680,1
2681,2681,1
2682,2682,1
2683,2683,1
2684,2684,1
2685,2685,1
2686,2686,1
2687,2687,1
2688,2688,1
2689,2689,1
2690,2690,1
2691,2691,1
2692,2692,1
2693,2693,1
2694,2694,1
2695,2695,1
2696,2696,1
2697,2697,1
2698,2698,1
2699,2699,1
2700,2700,1
2701,2701,1
2702,2702,1
2703,2703,1
2704,2704,3
2705,2705,3
2706,2706,3
2707,2707,3
2708,2708,3
2709,2709,1
2710,2710,1
2711,2711,1
2712,2712,1
2713,2713,1
2714,2714,1
2715,2715,3
2716,2716,3
2717,2717,1
2718,2718,1
2719,2719,1
2720,2720,1
2721,2721,1
2722,2722,1
2723,2723,1
2724,2724,1
2725,2725,1
2726,2726,1
2727,2727,1
2728,2728,1
2729,2729,1
2730,2730,1
2731,2731,1
2732,2732,1
2733,2733,1
2734,2734,1
2735,2735,1
2736,2736,1
2737,2737,1
2738,2738,1
2739,2739,1
2740,2740,1
2741,2741,1
2742,2742,1
2743,2743,1
2744,2744,1
2745,2745,1
2746,2746,1
2747,2747,1
2748,2748,1
2749,2749,1
2750,2750,1
2751,2751,1
2752,2752,1
2753,2753,1
2754,2754,1
2755,2755,1
2756,2756,1
2757,2757,1
2758,2758,1
2759,2759,1
2760,2760,1
2761,2761,1
2762,2762,1
2763,2763,1
2764,2764,1
2765,2765,1
2766,2766,1
2767,2767,1
2768,2768,1
2769,2769,1
2770,2770,1
2771,2771,1
2772,2772,1
2773,2773,1
2774,2774,1
2775,2775,1
2776,2776,1
2777,2777,1
2778,2778,1
2779,2779,1
2780,2780,1
2781,2781,1
2782,2782,1
2783,2783,1
2784,2784,1
2785,2785,1
2786,2786,1
2787,2787,1
2788,2788,1
2789,2789,1
2790,2790,1
2791,2791,1
2792,2792,1
2793,2793,1
2794,2794,1
2795,2795,1
2796,2796,1
2797,2797,1
2798,2798,1
2799,2799,1
2800,2800,1
2801,2801,1
2802,2802,1
2803,2803,1
2804,2804,1
2805,2805,8
2806,2806,1
2807,2807,1
2808,2808,1
2809,2809,1
2810,2810,1
2811,2811,1
2812,2812,1
2813,2813,1
2814,2814,1
2815,2815,1
2816,2816,1
2817,2817,1
2818,2818,1
2819,2819,1
2820,2820,1
2821,2821,1
2822,2822,1
2823,2823,1
2824,2824,1
2825,2825,1
2826,2826,1
2827,2827,1
2828,2828,1
2829,2829,1
2830,2830,1
2831,2831,1
2832,2832,1
2833,2833,1
2834,2834,1
2835,2835,1
2836,2836,1
2837,2837,1
2838,2838,1
2839,2839,1
2840,2840,1
2841,2841,1
2842,2842,1
2843,2843,1
2844,2844,1
2845,2845,1
2846,2846,1
2847,2847,1
2848,2848,1
2849,2849,1
2850,2850,1
2851,2851,1
2852,2852,1
2853,2853,1
2854,2854,1
2855,2855,1
2856,2856,1
2857,2857,1
2858,2858,1
2859,2859,1
2860,2860,1
2861,2861,1
2862,2862,1
2863,2863,1
2864,2864,1
2865,2865,1
2866,2866,1
2867,2867,1
2868,2868,1
2869,2869,1
2870,2870,1
2871,2871,1
2872,2872,1
2873,2873,1
2874,2874,1
2875,2875,1
2876,2876,1
2877,2877,8
2878,2878,1
2879,2879,1
2880,2880,1
2881,2881,1
2882,2882,1
2883,2883,1
2884,2884,1
2885,2885,1
2886,2886,1
2887,2887,1
2888,2888,1
2889,2889,1
2890,2890,1
2891,2891,1
2892,2892,1
2893,2893,1
2894,2894,1
2895,2895,1
2896,2896,1
2897,2897,1
2898,2898,1
2899,2899,1
2900,2900,1
2901,2901,1
2902,2902,1
2903,2903,1
2904,2904,1
2905,2905,1
2906,2906,8
2907,2907,1
2908,2908,1
2909,2909,1
2910,2910,1
2911,2911,1
2912,2912,1
2913,2913,1
2914,2914,1
2915,2915,1
2916,2916,1
2917,2917,1
2918,2918,1
2919,2919,1
2920,2920,1
2921,2921,1
2922,2922,1
2923,2923,1
2924,2924,1
2925,2925,1
2926,2926,1
2927,2927,1
2928,2928,1
2929,2929,1
2930,2930,1
2931,2931,1
2932,2932,1
2933,2933,1
2934,2934,1
2935,2935,1
2936,2936,1
2937,2937,1
2938,2938,1
2939,2939,1
2940,2940,1
2941,2941,1
2942,2942,1
2943,2943,1
2944,2944,1
2945,2945,1
2946,2946,1
2947,2947,1
2948,2948,1
2949,2949,1
2950,2950,1
2951,2951,1
2952,2952,1
2953,2953,1
2954,2954,1
2955,2955,1
2956,2956,1
2957,2957,1
2958,2958,1
2959,2959,1
2960,2960,1
2961,2961,1
2962,2962,1
2963,2963,1
2964,2964,1
2965,2965,1
2966,2966,1
2967,2967,1
2968,2968,1
2969,2969,1
2970,2970,1
2971,2971,1
2972,2972,1
2973,2973,1
2974,2974,1
2975,2975,1
2976,2976,1
2977,2977,1
2978,2978,1
2979,2979,1
2980,2980,1
2981,2981,1
2982,2982,1
2983,2983,1
2984,2984,1
2985,2985,1
2986,2986,1
2987,2987,1
2988,2988,1
2989,2989,1
2990,2990,1
2991,2991,1
2992,2992,1
2993,2993,1
2994,2994,1
2995,2995,1
2996,2996,1
2997,2997,1
2998,2998,1
2999,2999,1
3000,3000,1
3001,3001,1
3002,3002,1
3003,3003,1
3004,3004,1
3005,3005,1
3006,3006,1
3007,3007,1
3008,3008,1
3009,3009,1
3010,3010,1
3011,3011,1
3012,3012,1
3013,3013,1
3014,3014,1
3015,3015,1
3016,3016,1
3017,3017,1
3018,3018,3
3019,3019,3
3020,3020,3
3021,3021,3
3022,3022,3
3023,3023,3
3024,3024,3
3025,3025,3
3026,3026,3
3027,3027,3
3028,3028,1
3029,3029,1
3030,3030,1
3031,3031,1
3032,3032,3
3033,3033,1
3034,3034,3
3035,3035,3
3036,3036,3
3037,3037,3
3038,3038,1
3039,3039,1
3040,3040,1
3041,3041,1
3042,3042,1
3043,3043,1
3044,3044,1
3045,3045,1
3046,3046,1
3047,3047,1
3048,3048,3
3049,3049,3
3050,3050,3
3051,3051,3
3052,3052,3
3053,3053,3
3054,3054,3
3055,3055,3
3056,3056,3
3057,3057,3
3058,3058,1
3059,3059,3
3060,3060,1
3061,3061,3
3062,3062,1
3063,3063,3
3064,3064,3
3065,3065,3
3066,3066,3
3067,3067,3
3068,3068,1
3069,3069,3
3070,3070,3
3071,3071,3
3072,3072,3
3073,3073,3
3074,3074,3
3075,3075,3
3076,3076,1
3077,3077,1
3078,3078,1
3079,3079,1
3080,3080,1
3081,3081,1
3082,3082,1
3083,3083,1
3084,3084,1
3085,3085,1
3086,3086,1
3087,3087,1
3088,3088,1
3089,3089,1
3090,3090,1
3091,3091,3
3092,3092,1
3093,3093,1
3094,3094,1
3095,3095,1
3096,3096,1
3097,3097,1
3098,3098,1
3099,3099,1
3100,3100,1
3101,3101,1
3102,3102,1
3103,3103,1
3104,3104,1
3105,3105,1
3106,3106,1
3107,3107,1
3108,3108,1
3109,3109,1
3110,3110,3
3111,3111,3
3112,3112,3
3113,3113,1
3114,3114,3
3115,3115,1
3116,3116,1
3117,3117,1
3118,3118,1
3119,3119,1
3120,3120,1
3121,3121,1
3122,3122,1
3123,3123,1
3124,3124,1
3125,3125,1
3126,3126,1
3127,3127,1
3128,3128,1
3129,3129,1
3130,3130,1
3131,3131,1
3132,3132,1
3133,3133,1
3134,3134,1
3135,3135,1
3136,3136,1
3137,3137,1
3138,3138,1
3139,3139,1
3140,3140,1
3141,3141,1
3142,3142,1
3143,3143,1
3144,3144,1
3145,3145,1
3146,3146,1
3147,3147,1
3148,3148,1
3149,3149,1
3150,3150,1
3151,3151,1
3152,3152,1
3153,3153,1
3154,3154,1
3155,3155,1
3156,3156,1
3157,3157,1
3158,3158,1
3159,3159,1
3160,3160,1
3161,3161,1
3162,3162,1
3163,3163,1
3164,3164,1
3165,3165,1
3166,3166,1
3167,3167,1
3168,3168,1
3169,3169,1
3170,3170,1
3171,3171,3
3172,3172,3
3173,3173,4
3174,3174,4
3175,3175,4
3176,3176,3
3177,3177,4
3178,3178,4
3179,3179,3
3180,3180,4
3181,3181,3
3182,3182,1
3183,3183,1
3184,3184,1
3185,3185,1
3186,3186,4
3187,3187,1
3188,3188,4
3189,3189,4
3190,3190,4
3191,3191,3
3192,3192,1
3193,3193,3
3194,3194,1
3195,3195,3
3196,3196,1
3197,3197,3
3198,3198,3
3199,3199,3
3200,3200,3
3201,3201,1
3202,3202,4
3203,3203,1
3204,3204,1
3205,3205,1
3206,3206,1
3207,3207,1
3208,3208,1
3209,3209,1
3210,3210,1
3211,3211,1
3212,3212,1
3213,3213,1
3214,3214,1
3215,3215,1
3216,3216,1
3217,3217,3
3218,3218,1
3219,3219,3
3220,3220,1
3221,3221,1
3222,3222,4
3223,3223,4
3224,3224,3
3225,3225,3
3226,3226,3
3227,3227,3
3228,3228,3
3229,3229,3
3230,3230,3
3231,3231,3
3232,3232,3
3233,3233,3
3234,3234,3
3235,3235,3
3236,3236,3
3237,3237,3
3238,3238,3
3239,3239,3
3240,3240,3
3241,3241,3
3242,3242,3
3243,3243,1
3244,3244,1
3245,3245,3
3246,3246,3
3247,3247,1
3248,3248,1
3249,3249,3
3250,3250,4
3251,3251,1
3252,3252,4
3253,3253,1
3254,3254,4
3255,3255,3
3256,3256,4
3257,3257,4
3258,3258,4
3259,3259,3
3260,3260,4
3261,3261,3
3262,3262,4
3263,3263,4
3264,3264,4
3265,3265,4
3266,3266,1
3267,3267,4
3268,3268,4
3269,3269,1
3270,3270,4
3271,3271,4
3272,3272,4
3273,3273,4
3274,3274,4
3275,3275,4
3276,3276,3
3277,3277,3
3278,3278,4
3279,3279,3
3280,3280,3
3281,3281,1
3282,3282,1
3283,3283,1
3284,3284,1
3285,3285,1
3286,3286,1
3287,3287,1
3288,3288,1
3289,3289,1
3290,3290,1
3291,3291,1
3292,3292,1
3293,3293,1
3294,3294,1
3295,3295,1
3296,3296,1
3297,3297,1
3298,3298,1
3299,3299,1
3300,3300,1
3301,3301,1
3302,3302,1
3303,3303,1
3304,3304,1
3305,3305,1
3306,3306,1
3307,3307,1
3308,3308,1
3309,3309,1
3310,3310,1
3311,3311,1
3312,3312,1
3313,3313,1
3314,3314,1
3315,3315,1
3316,3316,1
3317,3317,1
3318,3318,1
3319,3319,1
3320,3320,1
3321,3321,1
3322,3322,1
3323,3323,1
3324,3324,1
3325,3325,1
3326,3326,1
3327,3327,1
3328,3328,1
3329,3329,1
3330,3330,1
3331,3331,1
3332,3332,1
3333,3333,3
3334,3334,1
3335,3335,1
3336,3336,1
3337,3337,1
3338,3338,1
3339,3339,1
3340,3340,1
3341,3341,1
3342,3342,1
3343,3343,1
3344,3344,1
3345,3345,1
3346,3346,1
3347,3347,1
3348,3348,1
3349,3349,1
3350,3350,1
3351,3351,1
3352,3352,1
3353,3353,1
3354,3354,1
3355,3355,1
3356,3356,1
3357,3357,1
3358,3358,1
3359,3359,1
3360,3360,1
3361,3361,1
3362,3362,1
3363,3363,1
3364,3364,1
3365,3365,1
3366,3366,1
3367,3367,1
3368,3368,1
3369,3369,1
3370,3370,1
3371,3371,1
3372,3372,1
3373,3373,1
3374,3374,1
3375,3375,8
3376,3376,8
3377,3377,8
3378,3378,8
3379,3379,1
3380,3380,8
3381,3381,1
3382,3382,1
3383,3383,1
3384,3384,8
3385,3385,8
3386,3386,1
3387,3387,1
3388,3388,1
3389,3389,8
3390,3390,1
3391,3391,1
3392,3392,1
3393,3393,1
3394,3394,1
3395,3395,8
3396,3396,8
3397,3397,1
3398,3398,1
3399,3399,1
3400,3400,1
3401,3401,1
3402,3402,1
3403,3403,1
3404,3404,1
3405,3405,1
3406,3406,1
3407,3407,1
3408,3408,1
3409,3409,1
3410,3410,1
3411,3411,6
3412,3412,1
3413,3413,6
3414,3414,6
3415,3415,1
3416,3416,1
3417,3417,8
3418,3418,1
3419,3419,1
3420,3420,1
3421,3421,1
3422,3422,1
3423,3423,1
3424,3424,1
3425,3425,1
3426,3426,1
3427,3427,1
3428,3428,1
3429,3429,1
3430,3430,1
3431,3431,1
3432,3432,1
3433,3433,1
3434,3434,1
3435,3435,8
3436,3436,1
3437,3437,1
3438,3438,6
3439,3439,6
3440,3440,6
3441,3441,6
3442,3442,1
3443,3443,1
3444,3444,1
3445,3445,6
3446,3446,8
3447,3447,8
3448,3448,8
3449,3449,6
3450,3450,1
3451,3451,6
3452,3452,6
3453,3453,6
3454,3454,6
3455,3455,6
3456,3456,8
3457,3457,1
3458,3458,1
3459,3459,1
3460,3460,6
3461,3461,6
3462,3462,6
3463,3463,6
3464,3464,6
3465,3465,6
3466,3466,1
3467,3467,1
3468,3468,1
3469,3469,1
3470,3470,6
3471,3471,6
3472,3472,6
3473,3473,6
3474,3474,6
3475,3475,6
3476,3476,6
3477,3477,6
3478,3478,6
3479,3479,6
3480,3480,6
3481,3481,6
3482,3482,6
3483,3483,6
3484,3484,6
3485,3485,6
3486,3486,6
3487,3487,6
3488,3488,6
3489,3489,6
3490,3490,6
3491,3491,6
3492,3492,6
3493,3493,6
3494,3494,6
3495,3495,6
3496,3496,8
3497,3497,8
3498,3498,8
3499,3499,8
3500,3500,6
3501,3501,8
3502,3502,8
3503,3503,6
3504,3504,6
3505,3505,6
3506,3506,8
3507,3507,8
3508,3508,8
3509,3509,8
3510,3510,8
3511,3511,8
3512,3512,8
3513,3513,8
3514,3514,8
3515,3515,8
3516,3516,6
3517,3517,6
3518,3518,8
3519,3519,8
3520,3520,8
3521,3521,8
3522,3522,8
3523,3523,8
3524,3524,8
3525,3525,8
3526,3526,6
3527,3527,8
3528,3528,8
3529,3529,8
3530,3530,6
3531,3531,8
3532,3532,8
3533,3533,8
3534,3534,8
3535,3535,8
3536,3536,8
3537,3537,8
3538,3538,8
3539,3539,8
3540,3540,8
3541,3541,8
3542,3542,8
3543,3543,8
3544,3544,6
3545,3545,6
3546,3546,6
3547,3547,6
3548,3548,8
3549,3549,6
3550,3550,6
3551,3551,6
3552,3552,6
3553,3553,8
3554,3554,8
3555,3555,8
3556,3556,8
3557,3557,8
3558,3558,8
3559,3559,8
3560,3560,8
3561,3561,8
3562,3562,8
3563,3563,8
3564,3564,8
3565,3565,8
3566,3566,8
3567,3567,8
3568,3568,8
3569,3569,8
3570,3570,8
3571,3571,8
3572,3572,8
3573,3573,8
3574,3574,8
3575,3575,8
3576,3576,8
3577,3577,8
3578,3578,8
3579,3579,8
3580,3580,8
3581,3581,8
3582,3582,8
3583,3583,8
3584,3584,8
3585,3585,8
3586,3586,8
3587,3587,8
3588,3588,8
3589,3589,8
3590,3590,8
3591,3591,8
3592,3592,8
3593,3593,8
3594,3594,8
3595,3595,8
3596,3596,8
3597,3597,6
3598,3598,6
3599,3599,6
3600,3600,6
3601,3601,8
3602,3602,8
3603,3603,8
3604,3604,8
3605,3605,8
3606,3606,8
3607,3607,8
3608,3608,8
3609,3609,8
3610,3610,8
3611,3611,8
3612,3612,8
3613,3613,6
3614,3614,8
3615,3615,8
3616,3616,6
3617,3617,8
3618,3618,8
3619,3619,6
3620,3620,6
3621,3621,8
3622,3622,8
3623,3623,8
3624,3624,6
3625,3625,8
3626,3626,6
3627,3627,8
3628,3628,6
3629,3629,6
3630,3630,6
3631,3631,6
3632,3632,8
3633,3633,8
3634,3634,8
3635,3635,8
3636,3636,8
3637,3637,6
3638,3638,8
3639,3639,8
3640,3640,8
3641,3641,8
3642,3642,8
3643,3643,8
3644,3644,8
3645,3645,8
3646,3646,8
3647,3647,8
3648,3648,6
3649,3649,6
3650,3650,6
3651,3651,6
3652,3652,8
3653,3653,8
3654,3654,8
3655,3655,8
3656,3656,8
3657,3657,8
3658,3658,6
3659,3659,6
3660,3660,6
3661,3661,8
3662,3662,8
3663,3663,8
3664,3664,8
3665,3665,8
3666,3666,8
3667,3667,8
3668,3668,8
3669,3669,8
3670,3670,8
3671,3671,8
3672,3672,7
3673,3673,7
3674,3674,7
3675,3675,7
3676,3676,7
3677,3677,7
3678,3678,7
3679,3679,7
3680,3680,7
3681,3681,7
3682,3682,7
3683,3683,7
3684,3684,7
3685,3685,7
3686,3686,7
3687,3687,7
3688,3688,7
3689,3689,7
3690,3690,7
3691,3691,7
3692,3692,7
3693,3693,8
3694,3694,8
3695,3695,8
3696,3696,7
3697,3697,7
3698,3698,7
3699,3699,7
3700,3700,7
3701,3701,7
3702,3702,7
3703,3703,7
3704,3704,0
3705,3705,8
3706,3706,8
3707,3707,8
3708,3708,0
3709,3709,0
3710,3710,0
3711,3711,7
3712,3712,7
3713,3713,7
3714,3714,7
3715,3715,7
3716,3716,7
3717,3717,7
3718,3718,7
3719,3719,7
3720,3720,7
3721,3721,7
3722,3722,7
3723,3723,7
3724,3724,7
3725,3725,7
3726,3726,7
3727,3727,7
3728,3728,7
3729,3729,7
3730,3730,7
3731,3731,7
3732,3732,7
3733,3733,7
3734,3734,7
3735,3735,7
3736,3736,7
3737,3737,7
3738,3738,7
3739,3739,7
3740,3740,7
3741,3741,7
3742,3742,7
3743,3743,7
3744,3744,7
3745,3745,7
3746,3746,7
3747,3747,7
3748,3748,7
3749,3749,7
3750,3750,7
3751,3751,7
3752,3752,7
3753,3753,7
3754,3754,7
3755,3755,7
3756,3756,7
3757,3757,7
3758,3758,7
3759,3759,7
3760,3760,7
3761,3761,7
3762,3762,7
3763,3763,7
3764,3764,7
3765,3765,7
3766,3766,7
3767,3767,7
3768,3768,7
3769,3769,7
3770,3770,7
3771,3771,7
3772,3772,7
3773,3773,8
3774,3774,7
3775,3775,7
3776,3776,7
3777,3777,7
3778,3778,7
3779,3779,7
3780,3780,7
3781,3781,7
3782,3782,7
3783,3783,7
3784,3784,7
3785,3785,7
3786,3786,7
3787,3787,7
3788,3788,7
3789,3789,7
3790,3790,7
3791,3791,7
3792,3792,7
3793,3793,7
3794,3794,7
3795,3795,7
3796,3796,7
3797,3797,7
3798,3798,7
3799,3799,7
3800,3800,7
3801,3801,7
3802,3802,7
3803,3803,7
3804,3804,7
3805,3805,7
3806,3806,7
3807,3807,7
3808,3808,7
3809,3809,7
3810,3810,7
3811,3811,7
3812,3812,7
3813,3813,7
3814,3814,7
3815,3815,7
3816,3816,7
3817,3817,7
3818,3818,7
3819,3819,7
3820,3820,7
3821,3821,7
3822,3822,7
3823,3823,7
3824,3824,7
3825,3825,7
3826,3826,7
3827,3827,7
3828,3828,7
3829,3829,7
3830,3830,8
3831,3831,8
3832,3832,8
3833,3833,8
3834,3834,8
3835,3835,8
3836,3836,8
3837,3837,8
3838,3838,8
3839,3839,10
3840,3840,10
3841,3841,10
3842,3842,10
3843,3843,10
3844,3844,10
3845,3845,8
3846,3846,8
3847,3847,8
3848,3848,8
3849,3849,8
3850,3850,8
3851,3851,8
3852,3852,8
3853,3853,8
3854,3854,1
3855,3855,8
3856,3856,8
3857,3857,8
3858,3858,8
3859,3859,8
3860,3860,8
3861,3861,8
3862,3862,8
3863,3863,8
3864,3864,8
3865,3865,8
3866,3866,8
3867,3867,8
3868,3868,8
3869,3869,10
3870,3870,10
3871,3871,10
3872,3872,10
3873,3873,10
3874,3874,10
3875,3875,8
3876,3876,8
3877,3877,10
3878,3878,10
3879,3879,10
3880,3880,10
3881,3881,10
3882,3882,10
3883,3883,10
3884,3884,10
3885,3885,10
3886,3886,10
3887,3887,10
3888,3888,10
3889,3889,10
3890,3890,10
3891,3891,10
3892,3892,10
3893,3893,10
3894,3894,10
3895,3895,10
3896,3896,10
3897,3897,10
3898,3898,10
3899,3899,10
3900,3900,10
3901,3901,10
3902,3902,10
3903,3903,10
3904,3904,10
3905,3905,10
3906,3906,10
3907,3907,10
3908,3908,10
3909,3909,10
3910,3910,10
3911,3911,10
3912,3912,10
3913,3913,10
3914,3914,10
3915,3915,10
3916,3916,10
3917,3917,10
3918,3918,10
3919,3919,10
3920,3920,10
3921,3921,10
3922,3922,10
3923,3923,10
3924,3924,10
3925,3925,10
3926,3926,10
3927,3927,10
3928,3928,10
3929,3929,10
3930,3930,10
3931,3931,10
3932,3932,10
3933,3933,10
3934,3934,10
3935,3935,10
3936,3936,10
3937,3937,10
3938,3938,10
3939,3939,10
3940,3940,10
3941,3941,10
3942,3942,10
3943,3943,10
3944,3944,10
3945,3945,10
3946,3946,10
3947,3947,10
3948,3948,10
3949,3949,10
3950,3950,10
3951,3951,10
3952,3952,10
3953,3953,10
3954,3954,10
3955,3955,10
3956,3956,10
3957,3957,10
3958,3958,10
3959,3959,10
3960,3960,10
3961,3961,10
3962,3962,10
3963,3963,10
3964,3964,10
3965,3965,10
3966,3966,10
3967,3967,10
3968,3968,10
3969,3969,10
3970,3970,10
3971,3971,10
3972,3972,10
3973,3973,10
3974,3974,10
3975,3975,10
3976,3976,10
3977,3977,10
3978,3978,10
3979,3979,10
3980,3980,10
3981,3981,10
3982,3982,10
3983,3983,10
3984,3984,10
3985,3985,10
3986,3986,10
3987,3987,10
3988,3988,10
3989,3989,10
3990,3990,10
3991,3991,10
3992,3992,10
3993,3993,10
3994,3994,10
3995,3995,10
3996,3996,10
3997,3997,10
3998,3998,10
3999,3999,10
4000,4000,10
4001,4001,10
4002,4002,10
4003,4003,10
4004,4004,8
4005,4005,8
4006,4006,8
4007,4007,8
4008,4008,8
4009,4009,8
4010,4010,8
4011,4011,8
4012,4012,8
4013,4013,8
4014,4014,8
4015,4015,8
4016,4016,8
4017,4017,8
4018,4018,8
4019,4019,8
4020,4020,8
4021,4021,8
4022,4022,8
4023,4023,8
4024,4024,8
4025,4025,8
4026,4026,8
4027,4027,8
4028,4028,8
4029,4029,8
4030,4030,8
4031,4031,8
4032,4032,8
4033,4033,8
4034,4034,8
4035,4035,8
4036,4036,8
4037,4037,8
4038,4038,8
4039,4039,8
4040,4040,8
4041,4041,8
4042,4042,8
4043,4043,8
4044,4044,8
4045,4045,8
4046,4046,8
4047,4047,8
4048,4048,8
4049,4049,8
4050,4050,8
4051,4051,8
4052,4052,8
4053,4053,8
4054,4054,8
4055,4055,8
4056,4056,8
4057,4057,8
4058,4058,8
4059,4059,8
4060,4060,8
4061,4061,8
4062,4062,8
4063,4063,8
4064,4064,8
4065,4065,8
4066,4066,8
4067,4067,8
4068,4068,8
4069,4069,8
4070,4070,8
4071,4071,8
4072,4072,8
4073,4073,8
4074,4074,8
4075,4075,8
4076,4076,8
4077,4077,8
4078,4078,8
4079,4079,8
4080,4080,8
4081,4081,8
4082,4082,8
4083,4083,8
4084,4084,8
4085,4085,8
4086,4086,8
4087,4087,8
4088,4088,8
4089,4089,8
4090,4090,8
4091,4091,8
4092,4092,8
4093,4093,8
4094,4094,8
4095,4095,8
4096,4096,8
4097,4097,8
4098,4098,8
4099,4099,8
4100,4100,8
4101,4101,8
4102,4102,8
4103,4103,8
4104,4104,8
4105,4105,8
4106,4106,8
4107,4107,8
4108,4108,8
4109,4109,8
4110,4110,8
4111,4111,8
4112,4112,8
4113,4113,8
4114,4114,8
4115,4115,8
4116,4116,8
4117,4117,8
4118,4118,8
4119,4119,8
4120,4120,8
4121,4121,8
4122,4122,8
4123,4123,8
4124,4124,8
4125,4125,8
4126,4126,8
4127,4127,8
4128,4128,8
4129,4129,8
4130,4130,8
4131,4131,8
4132,4132,8
4133,4133,8
4134,4134,8
4135,4135,8
4136,4136,8
4137,4137,8
4138,4138,8
4139,4139,8
4140,4140,8
4141,4141,8
4142,4142,8
4143,4143,8
4144,4144,8
4145,4145,8
4146,4146,8
4147,4147,8
4148,4148,8
4149,4149,8
4150,4150,8
4151,4151,8
4152,4152,8
4153,4153,8
4154,4154,8
4155,4155,8
4156,4156,8
4157,4157,8
4158,4158,8
4159,4159,8
4160,4160,8
4161,4161,8
4162,4162,8
4163,4163,8
4164,4164,8
4165,4165,8
4166,4166,8
4167,4167,8
4168,4168,8
4169,4169,8
4170,4170,8
4171,4171,8
4172,4172,8
4173,4173,8
4174,4174,8
4175,4175,8
4176,4176,1
4177,4177,1
4178,4178,1
4179,4179,8
4180,4180,8
4181,4181,8
4182,4182,1
4183,4183,8
4184,4184,1
4185,4185,1
4186,4186,1
4187,4187,1
4188,4188,1
4189,4189,8
4190,4190,1
4191,4191,8
4192,4192,1
4193,4193,1
4194,4194,1
4195,4195,1
4196,4196,1
4197,4197,1
4198,4198,8
4199,4199,1
4200,4200,1
4201,4201,1
4202,4202,1
4203,4203,1
4204,4204,1
4205,4205,1
4206,4206,1
4207,4207,1
4208,4208,1
4209,4209,1
4210,4210,1
4211,4211,10
4212,4212,10
4213,4213,1
4214,4214,1
4215,4215,1
4216,4216,1
4217,4217,1
4218,4218,10
4219,4219,1
4220,4220,1
4221,4221,1
4222,4222,1
4223,4223,1
4224,4224,1
4225,4225,1
4226,4226,1
4227,4227,1
4228,4228,1
4229,4229,1
4230,4230,1
4231,4231,1
4232,4232,1
4233,4233,1
4234,4234,1
4235,4235,1
4236,4236,1
4237,4237,1
4238,4238,1
4239,4239,8
4240,4240,1
4241,4241,1
4242,4242,1
4243,4243,1
4244,4244,1
4245,4245,1
4246,4246,1
4247,4247,1
4248,4248,8
4249,4249,8
4250,4250,8
4251,4251,1
4252,4252,8
4253,4253,1
4254,4254,1
4255,4255,8
4256,4256,8
4257,4257,8
4258,4258,1
4259,4259,1
4260,4260,1
4261,4261,1
4262,4262,1
4263,4263,1
4264,4264,1
4265,4265,1
4266,4266,1
4267,4267,1
4268,4268,1
4269,4269,10
4270,4270,1
4271,4271,1
4272,4272,1
4273,4273,1
4274,4274,1
4275,4275,1
4276,4276,1
4277,4277,1
4278,4278,1
4279,4279,10
4280,4280,10
4281,4281,10
4282,4282,1
4283,4283,1
4284,4284,1
4285,4285,10
4286,4286,10
4287,4287,10
4288,4288,10
4289,4289,1
4290,4290,1
4291,4291,1
4292,4292,1
4293,4293,1
4294,4294,1
4295,4295,1
4296,4296,1
4297,4297,1
4298,4298,1
4299,4299,1
4300,4300,1
4301,4301,1
4302,4302,1
4303,4303,1
4304,4304,1
4305,4305,1
4306,4306,1
4307,4307,1
4308,4308,1
4309,4309,1
4310,4310,1
4311,4311,1
4312,4312,1
4313,4313,1
4314,4314,1
4315,4315,1
4316,4316,1
4317,4317,1
4318,4318,1
4319,4319,1
4320,4320,1
4321,4321,1
4322,4322,10
4323,4323,10
4324,4324,10
4325,4325,10
4326,4326,10
4327,4327,10
4328,4328,10
4329,4329,10
4330,4330,10
4331,4331,10
4332,4332,10
4333,4333,10
4334,4334,10
4335,4335,10
4336,4336,10
4337,4337,10
4338,4338,10
4339,4339,10
4340,4340,10
4341,4341,10
4342,4342,10
4343,4343,10
4344,4344,10
4345,4345,10
4346,4346,10
4347,4347,10
4348,4348,10
4349,4349,10
4350,4350,10
4351,4351,10
4352,4352,10
4353,4353,10
4354,4354,10
4355,4355,10
4356,4356,10
4357,4357,10
4358,4358,10
4359,4359,10
4360,4360,10
4361,4361,10
4362,4362,10
4363,4363,10
4364,4364,10
4365,4365,10
4366,4366,10
4367,4367,10
4368,4368,10
4369,4369,10
4370,4370,10
4371,4371,10
4372,4372,10
4373,4373,10
4374,4374,10
4375,4375,8
4376,4376,8
4377,4377,8
4378,4378,8
4379,4379,8
4380,4380,8
4381,4381,8
4382,4382,8
4383,4383,8
4384,4384,8
4385,4385,8
4386,4386,8
4387,4387,8
4388,4388,8
4389,4389,8
4390,4390,8
4391,4391,8
4392,4392,8
4393,4393,8
4394,4394,8
4395,4395,8
4396,4396,8
4397,4397,8
4398,4398,8
4399,4399,8
4400,4400,8
4401,4401,8
4402,4402,8
4403,4403,8
4404,4404,8
4405,4405,8
4406,4406,8
4407,4407,8
4408,4408,8
4409,4409,8
4410,4410,8
4411,4411,8
4412,4412,8
4413,4413,8
4414,4414,8
4415,4415,8
4416,4416,8
4417,4417,8
4418,4418,8
4419,4419,8
4420,4420,8
4421,4421,8
4422,4422,1
4423,4423,8
4424,4424,1
4425,4425,8
4426,4426,8
4427,4427,1
4428,4428,8
4429,4429,1
4430,4430,1
4431,4431,8
4432,4432,8
4433,4433,8
4434,4434,8
4435,4435,8
4436,4436,8
4437,4437,8
4438,4438,8
4439,4439,8
4440,4440,8
4441,4441,8
4442,4442,8
4443,4443,8
4444,4444,8
4445,4445,8
4446,4446,8
4447,4447,8
4448,4448,1
4449,4449,1
4450,4450,1
4451,4451,1
4452,4452,1
4453,4453,1
4454,4454,1
4455,4455,1
4456,4456,1
4457,4457,1
4458,4458,1
4459,4459,1
4460,4460,1
4461,4461,1
4462,4462,1
4463,4463,1
4464,4464,1
4465,4465,1
4466,4466,1
4467,4467,1
4468,4468,1
4469,4469,1
4470,4470,1
4471,4471,1
4472,4472,1
4473,4473,1
4474,4474,1
4475,4475,1
4476,4476,1
4477,4477,1
4478,4478,1
4479,4479,1
4480,4480,1
4481,4481,1
4482,4482,1
4483,4483,1
4484,4484,1
4485,4485,8
4486,4486,8
4487,4487,8
4488,4488,8
4489,4489,8
4490,4490,8
4491,4491,1
4492,4492,1
4493,4493,1
4494,4494,8
4495,4495,1
4496,4496,8
4497,4497,8
4498,4498,1
4499,4499,1
4500,4500,1
4501,4501,1
4502,4502,1
4503,4503,1
4504,4504,1
4505,4505,1
4506,4506,1
4507,4507,8
4508,4508,1
4509,4509,1
4510,4510,1
4511,4511,1
4512,4512,1
4513,4513,1
4514,4514,1
4515,4515,1
4516,4516,1
4517,4517,7
4518,4518,1
4519,4519,1
4520,4520,1
4521,4521,1
4522,4522,1
4523,4523,1
4524,4524,1
4525,4525,1
4526,4526,1
4527,4527,1
4528,4528,1
4529,4529,1
4530,4530,8
4531,4531,8
4532,4532,8
4533,4533,8
4534,4534,8
4535,4535,8
4536,4536,8
4537,4537,7
4538,4538,1
4539,4539,7
4540,4540,7
4541,4541,7
4542,4542,7
4543,4543,7
4544,4544,7
4545,4545,7
4546,4546,7
4547,4547,7
4548,4548,7
4549,4549,7
4550,4550,7
4551,4551,7
4552,4552,7
4553,4553,7
4554,4554,7
4555,4555,3
4556,4556,3
4557,4557,10
4558,4558,10
4559,4559,10
4560,4560,3
4561,4561,3
4562,4562,3
4563,4563,3
4564,4564,10
4565,4565,3
4566,4566,3
4567,4567,3
4568,4568,3
4569,4569,3
4570,4570,3
4571,4571,10
4572,4572,10
4573,4573,10
4574,4574,10
4575,4575,10
4576,4576,3
4577,4577,10
4578,4578,10
4579,4579,3
4580,4580,3
4581,4581,3
4582,4582,3
4583,4583,3
4584,4584,3
4585,4585,10
4586,4586,10
4587,4587,10
4588,4588,3
4589,4589,3
4590,4590,10
4591,4591,10
4592,4592,10
4593,4593,10
4594,4594,10
4595,4595,3
4596,4596,10
4597,4597,3
4598,4598,3
4599,4599,3
4600,4600,3
4601,4601,3
4602,4602,3
4603,4603,10
4604,4604,10
4605,4605,10
4606,4606,10
4607,4607,10
4608,4608,10
4609,4609,10
4610,4610,10
4611,4611,10
4612,4612,10
4613,4613,10
4614,4614,10
4615,4615,3
4616,4616,3
4617,4617,3
4618,4618,3
4619,4619,3
4620,4620,3
4621,4621,3
4622,4622,3
4623,4623,3
4624,4624,3
4625,4625,3
4626,4626,3
4627,4627,3
4628,4628,3
4629,4629,3
4630,4630,3
4631,4631,3
4632,4632,3
4633,4633,3
4634,4634,3
4635,4635,3
4636,4636,3
4637,4637,10
4638,4638,3
4639,4639,3
4640,4640,10
4641,4641,3
4642,4642,10
4643,4643,10
4644,4644,10
4645,4645,3
4646,4646,3
4647,4647,3
4648,4648,3
4649,4649,10
4650,4650,3
4651,4651,3
4652,4652,3
4653,4653,3
4654,4654,3
4655,4655,10
4656,4656,10
4657,4657,10
4658,4658,3
4659,4659,3
4660,4660,3
4661,4661,3
4662,4662,3
4663,4663,10
4664,4664,10
4665,4665,10
4666,4666,10
4667,4667,10
4668,4668,3
4669,4669,10
4670,4670,3
4671,4671,3
4672,4672,10
4673,4673,10
4674,4674,10
4675,4675,10
4676,4676,10
4677,4677,10
4678,4678,1
4679,4679,1
4680,4680,1
4681,4681,10
4682,4682,1
4683,4683,1
4684,4684,10
4685,4685,1
4686,4686,1
4687,4687,1
4688,4688,1
4689,4689,1
4690,4690,10
4691,4691,1
4692,4692,1
4693,4693,3
4694,4694,3
4695,4695,3
4696,4696,1
4697,4697,1
4698,4698,1
4699,4699,1
4700,4700,1
4701,4701,3
4702,4702,3
4703,4703,3
4704,4704,3
4705,4705,3
4706,4706,3
4707,4707,3
4708,4708,3
4709,4709,3
4710,4710,3
4711,4711,10
4712,4712,3
4713,4713,3
4714,4714,3
4715,4715,3
4716,4716,3
4717,4717,3
4718,4718,3
4719,4719,3
4720,4720,3
4721,4721,3
4722,4722,3
4723,4723,3
4724,4724,3
4725,4725,3
4726,4726,3
4727,4727,3
4728,4728,3
4729,4729,3
4730,4730,3
4731,4731,3
4732,4732,3
4733,4733,3
4734,4734,3
4735,4735,3
4736,4736,3
4737,4737,3
4738,4738,3
4739,4739,3
4740,4740,3
4741,4741,3
4742,4742,3
4743,4743,3
4744,4744,3
4745,4745,3
4746,4746,0
4747,4747,2
4748,4748,2
4749,4749,2
4750,4750,2
4751,4751,2
4752,4752,0
4753,4753,2
4754,4754,2
4755,4755,2
4756,4756,2
4757,4757,2
4758,4758,7
4759,4759,7
4760,4760,7
4761,4761,7
4762,4762,7
4763,4763,7
4764,4764,7
4765,4765,7
4766,4766,7
4767,4767,7
4768,4768,7
4769,4769,7
4770,4770,7
4771,4771,7
4772,4772,7
4773,4773,7
4774,4774,7
4775,4775,7
4776,4776,7
4777,4777,7
4778,4778,7
4779,4779,7
4780,4780,7
4781,4781,7
4782,4782,7
4783,4783,7
4784,4784,7
4785,4785,7
4786,4786,7
4787,4787,7
4788,4788,7
4789,4789,7
4790,4790,7
4791,4791,7
4792,4792,7
4793,4793,7
4794,4794,7
4795,4795,7
4796,4796,7
4797,4797,7
4798,4798,7
4799,4799,7
4800,4800,7
4801,4801,7
4802,4802,7
4803,4803,7
4804,4804,7
4805,4805,7
4806,4806,7
4807,4807,7
4808,4808,7
4809,4809,7
4810,4810,7
4811,4811,7
4812,4812,7
4813,4813,7
4814,4814,7
4815,4815,7
4816,4816,7
4817,4817,7
4818,4818,7
4819,4819,7
4820,4820,7
4821,4821,7
4822,4822,7
4823,4823,7
4824,4824,7
4825,4825,7
4826,4826,7
4827,4827,7
4828,4828,7
4829,4829,7
4830,4830,7
4831,4831,7
4832,4832,7
4833,4833,7
4834,4834,7
4835,4835,7
4836,4836,7
4837,4837,7
4838,4838,7
4839,4839,7
4840,4840,7
4841,4841,7
4842,4842,7
4843,4843,7
4844,4844,7
4845,4845,7
4846,4846,7
4847,4847,7
4848,4848,7
4849,4849,7
4850,4850,7
4851,4851,7
4852,4852,7
4853,4853,7
4854,4854,7
4855,4855,7
4856,4856,7
4857,4857,7
4858,4858,7
4859,4859,7
4860,4860,7
4861,4861,7
4862,4862,7
4863,4863,7
4864,4864,7
4865,4865,7
4866,4866,7
4867,4867,7
4868,4868,7
4869,4869,7
4870,4870,7
4871,4871,7
4872,4872,7
4873,4873,7
4874,4874,7
4875,4875,7
4876,4876,7
4877,4877,7
4878,4878,8
4879,4879,8
4880,4880,8
4881,4881,8
4882,4882,8
4883,4883,8
4884,4884,8
4885,4885,8
4886,4886,8
4887,4887,8
4888,4888,8
4889,4889,8
4890,4890,8
4891,4891,8
4892,4892,8
4893,4893,8
4894,4894,8
4895,4895,8
4896,4896,8
4897,4897,8
4898,4898,8
4899,4899,8
4900,4900,8
4901,4901,8
4902,4902,8
4903,4903,8
4904,4904,8
4905,4905,8
4906,4906,8
4907,4907,8
4908,4908,8
4909,4909,8
4910,4910,8
4911,4911,8
4912,4912,8
4913,4913,8
4914,4914,8
4915,4915,8
4916,4916,8
4917,4917,8
4918,4918,8
4919,4919,8
4920,4920,8
4921,4921,8
4922,4922,8
4923,4923,8
4924,4924,8
4925,4925,8
4926,4926,8
4927,4927,8
4928,4928,8
4929,4929,8
4930,4930,8
4931,4931,8
4932,4932,8
4933,4933,8
4934,4934,8
4935,4935,8
4936,4936,8
4937,4937,8
4938,4938,8
4939,4939,8
4940,4940,8
4941,4941,8
4942,4942,8
4943,4943,8
4944,4944,8
4945,4945,8
4946,4946,8
4947,4947,0
4948,4948,0
4949,4949,0
4950,4950,2
4951,4951,2
4952,4952,2
4953,4953,2
4954,4954,2
4955,4955,2
4956,4956,2
4957,4957,2
4958,4958,2
4959,4959,2
4960,4960,2
4961,4961,2
4962,4962,2
4963,4963,2
4964,4964,2
4965,4965,2
4966,4966,2
4967,4967,2
4968,4968,2
4969,4969,2
4970,4970,2
4971,4971,2
4972,4972,2
4973,4973,2
4974,4974,2
4975,4975,2
4976,4976,2
4977,4977,2
4978,4978,2
4979,4979,2
4980,4980,2
4981,4981,2
4982,4982,2
4983,4983,2
4984,4984,2
4985,4985,2
4986,4986,2
4987,4987,2
4988,4988,2
4989,4989,2
4990,4990,2
4991,4991,2
4992,4992,2
4993,4993,2
4994,4994,2
4995,4995,2
4996,4996,2
4997,4997,2
4998,4998,2
4999,4999,2
5000,5000,2
5001,5001,2
5002,5002,2
5003,5003,0
5004,5004,0
5005,5005,0
5006,5006,2
5007,5007,2
5008,5008,2
5009,5009,1
5010,5010,1
5011,5011,1
5012,5012,1
5013,5013,1
5014,5014,1
5015,5015,1
5016,5016,1
5017,5017,7
5018,5018,1
5019,5019,1
5020,5020,1
5021,5021,1
5022,5022,1
5023,5023,1
5024,5024,1
5025,5025,1
5026,5026,1
5027,5027,1
5028,5028,1
5029,5029,1
5030,5030,1
5031,5031,1
5032,5032,1
5033,5033,1
5034,5034,1
5035,5035,1
5036,5036,1
5037,5037,1
5038,5038,1
5039,5039,1
5040,5040,1
5041,5041,1
5042,5042,1
5043,5043,1
5044,5044,1
5045,5045,1
5046,5046,1
5047,5047,1
5048,5048,1
5049,5049,7
5050,5050,8
5051,5051,7
5052,5052,7
5053,5053,7
5054,5054,7
5055,5055,7
5056,5056,3
5057,5057,6
5058,5058,1
5059,5059,6
5060,5060,1
5061,5061,1
5062,5062,6
5063,5063,1
5064,5064,6
5065,5065,1
5066,5066,3
5067,5067,3
5068,5068,3
5069,5069,6
5070,5070,6
5071,5071,6
5072,5072,6
5073,5073,6
5074,5074,6
5075,5075,6
5076,5076,1
5077,5077,6
5078,5078,6
5079,5079,6
5080,5080,6
5081,5081,6
5082,5082,6
5083,5083,6
5084,5084,6
5085,5085,6
5086,5086,6
5087,5087,6
5088,5088,6
5089,5089,6
5090,5090,1
5091,5091,1
5092,5092,1
5093,5093,6
5094,5094,1
5095,5095,3
5096,5096,1
5097,5097,3
5098,5098,3
5099,5099,3
5100,5100,3
5101,5101,3
5102,5102,3
5103,5103,3
5104,5104,3
5105,5105,6
5106,5106,3
5107,5107,3
5108,5108,3
5109,5109,3
5110,5110,3
5111,5111,3
5112,5112,3
5113,5113,3
5114,5114,3
5115,5115,6
5116,5116,3
5117,5117,3
5118,5118,3
5119,5119,1
5120,5120,3
5121,5121,3
5122,5122,3
5123,5123,6
5124,5124,3
5125,5125,6
5126,5126,6
5127,5127,6
5128,5128,6
5129,5129,3
5130,5130,6
5131,5131,6
5132,5132,3
5133,5133,3
5134,5134,3
5135,5135,6
5136,5136,3
5137,5137,3
5138,5138,3
5139,5139,6
5140,5140,6
5141,5141,6
5142,5142,6
5143,5143,6
5144,5144,6
5145,5145,6
5146,5146,1
5147,5147,6
5148,5148,1
5149,5149,6
5150,5150,1
5151,5151,1
5152,5152,1
5153,5153,1
5154,5154,1
5155,5155,8
5156,5156,8
5157,5157,8
5158,5158,8
5159,5159,6
5160,5160,1
5161,5161,6
5162,5162,6
5163,5163,1
5164,5164,6
5165,5165,6
5166,5166,8
5167,5167,8
5168,5168,8
5169,5169,8
5170,5170,8
5171,5171,8
5172,5172,7
5173,5173,7
5174,5174,7
5175,5175,7
5176,5176,7
5177,5177,7
5178,5178,7
5179,5179,6
5180,5180,6
5181,5181,8
5182,5182,8
5183,5183,8
5184,5184,8
5185,5185,8
5186,5186,7
5187,5187,7
5188,5188,7
5189,5189,7
5190,5190,8
5191,5191,8
5192,5192,8
5193,5193,8
5194,5194,7
5195,5195,7
5196,5196,7
5197,5197,7
5198,5198,7
5199,5199,7
5200,5200,1
5201,5201,1
5202,5202,1
5203,5203,1
5204,5204,1
5205,5205,1
5206,5206,1
5207,5207,1
5208,5208,1
5209,5209,1
5210,5210,8
5211,5211,8
5212,5212,1
5213,5213,1
5214,5214,1
5215,5215,1
5216,5216,1
5217,5217,1
5218,5218,1
5219,5219,1
5220,5220,1
5221,5221,6
5222,5222,6
5223,5223,6
5224,5224,1
5225,5225,8
5226,5226,8
5227,5227,1
5228,5228,1
5229,5229,1
5230,5230,1
5231,5231,6
5232,5232,1
5233,5233,1
5234,5234,1
5235,5235,1
5236,5236,1
5237,5237,1
5238,5238,1
5239,5239,1
5240,5240,1
5241,5241,1
5242,5242,1
5243,5243,1
5244,5244,1
5245,5245,1
5246,5246,1
5247,5247,1
5248,5248,1
5249,5249,1
5250,5250,1
5251,5251,1
5252,5252,1
5253,5253,1
5254,5254,1
5255,5255,1
5256,5256,1
5257,5257,1
5258,5258,1
5259,5259,1
5260,5260,1
5261,5261,1
5262,5262,1
5263,5263,1
5264,5264,1
5265,5265,1
5266,5266,1
5267,5267,1
5268,5268,6
5269,5269,1
5270,5270,1
5271,5271,1
5272,5272,1
5273,5273,1
5274,5274,1
5275,5275,1
5276,5276,8
5277,5277,8
5278,5278,8
5279,5279,1
5280,5280,1
5281,5281,1
5282,5282,1
5283,5283,1
5284,5284,1
5285,5285,1
5286,5286,1
5287,5287,1
5288,5288,1
5289,5289,1
5290,5290,1
5291,5291,1
5292,5292,1
5293,5293,1
5294,5294,1
5295,5295,8
5296,5296,1
5297,5297,1
5298,5298,1
5299,5299,8
5300,5300,8
5301,5301,1
5302,5302,1
5303,5303,1
5304,5304,1
5305,5305,1
5306,5306,1
5307,5307,1
5308,5308,1
5309,5309,1
5310,5310,1
5311,5311,1
5312,5312,8
5313,5313,8
5314,5314,8
5315,5315,1
5316,5316,1
5317,5317,8
5318,5318,1
5319,5319,1
5320,5320,1
5321,5321,1
5322,5322,1
5323,5323,1
5324,5324,1
5325,5325,1
5326,5326,1
5327,5327,1
5328,5328,1
5329,5329,1
5330,5330,1
5331,5331,1
5332,5332,1
5333,5333,1
5334,5334,1
5335,5335,1
5336,5336,1
5337,5337,1
5338,5338,1
5339,5339,1
5340,5340,1
5341,5341,1
5342,5342,1
5343,5343,1
5344,5344,1
5345,5345,1
5346,5346,1
5347,5347,1
5348,5348,1
5349,5349,1
5350,5350,1
5351,5351,1
5352,5352,1
5353,5353,1
5354,5354,8
5355,5355,8
5356,5356,7
5357,5357,1
5358,5358,1
5359,5359,7
5360,5360,1
5361,5361,8
5362,5362,1
5363,5363,1
5364,5364,1
5365,5365,1
5366,5366,1
5367,5367,1
5368,5368,1
5369,5369,1
5370,5370,1
5371,5371,1
5372,5372,1
5373,5373,1
5374,5374,1
5375,5375,1
5376,5376,1
5377,5377,1
5378,5378,1
5379,5379,1
5380,5380,1
5381,5381,1
5382,5382,1
5383,5383,1
5384,5384,1
5385,5385,1
5386,5386,1
5387,5387,1
5388,5388,1
5389,5389,1
5390,5390,1
5391,5391,1
5392,5392,1
5393,5393,1
5394,5394,1
5395,5395,8
5396,5396,8
5397,5397,1
5398,5398,1
5399,5399,1
5400,5400,1
5401,5401,1
5402,5402,1
5403,5403,1
5404,5404,1
5405,5405,1
5406,5406,1
5407,5407,1
5408,5408,1
5409,5409,8
5410,5410,8
5411,5411,1
5412,5412,8
5413,5413,8
5414,5414,1
5415,5415,8
5416,5416,8
5417,5417,1
5418,5418,8
5419,5419,8
5420,5420,8
5421,5421,1
5422,5422,1
5423,5423,8
5424,5424,7
5425,5425,1
5426,5426,8
5427,5427,8
5428,5428,1
5429,5429,7
5430,5430,7
5431,5431,8
5432,5432,8
5433,5433,7
5434,5434,7
5435,5435,7
5436,5436,7
5437,5437,7
5438,5438,7
5439,5439,7
5440,5440,7
5441,5441,7
5442,5442,7
5443,5443,7
5444,5444,7
5445,5445,7
5446,5446,7
5447,5447,7
5448,5448,7
5449,5449,7
5450,5450,7
5451,5451,7
5452,5452,7
5453,5453,7
5454,5454,7
5455,5455,7
5456,5456,7
5457,5457,8
5458,5458,7
5459,5459,8
5460,5460,8
5461,5461,8
5462,5462,7
5463,5463,7
5464,5464,7
5465,5465,8
5466,5466,8
5467,5467,4
5468,5468,4
5469,5469,4
5470,5470,4
5471,5471,4
5472,5472,4
5473,5473,4
5474,5474,4
5475,5475,4
5476,5476,4
5477,5477,4
5478,5478,4
5479,5479,4
5480,5480,4
5481,5481,4
5482,5482,4
5483,5483,4
5484,5484,4
5485,5485,4
5486,5486,4
5487,5487,4
5488,5488,4
5489,5489,1
5490,5490,1
5491,5491,4
5492,5492,1
5493,5493,1
5494,5494,1
5495,5495,1
5496,5496,4
5497,5497,1
5498,5498,1
5499,5499,1
5500,5500,1
5501,5501,1
5502,5502,1
5503,5503,1
5504,5504,4
5505,5505,4
5506,5506,4
5507,5507,4
5508,5508,1
5509,5509,4
5510,5510,4
5511,5511,1
5512,5512,4
5513,5513,4
5514,5514,4
5515,5515,4
5516,5516,4
5517,5517,4
5518,5518,4
5519,5519,4
5520,5520,4
5521,5521,4
5522,5522,4
5523,5523,4
5524,5524,1
5525,5525,4
5526,5526,4
5527,5527,6
5528,5528,6
5529,5529,6
5530,5530,6
5531,5531,6
5532,5532,6
5533,5533,6
5534,5534,6
5535,5535,6
5536,5536,6
5537,5537,6
5538,5538,6
5539,5539,6
5540,5540,6
5541,5541,6
5542,5542,6
5543,5543,6
5544,5544,6
5545,5545,6
5546,5546,6
5547,5547,6
5548,5548,6
5549,5549,6
5550,5550,6
5551,5551,6
5552,5552,6
5553,5553,3
5554,5554,6
5555,5555,3
5556,5556,6
5557,5557,3
5558,5558,3
5559,5559,6
5560,5560,3
5561,5561,3
5562,5562,3
5563,5563,3
5564,5564,3
5565,5565,3
5566,5566,3
5567,5567,3
5568,5568,3
5569,5569,3
5570,5570,3
5571,5571,3
5572,5572,3
5573,5573,3
5574,5574,6
5575,5575,6
5576,5576,3
5577,5577,3
5578,5578,3
5579,5579,6
5580,5580,6
5581,5581,3
5582,5582,3
5583,5583,3
5584,5584,8
5585,5585,8
5586,5586,8
5587,5587,8
5588,5588,8
5589,5589,8
5590,5590,8
5591,5591,7
5592,5592,8
5593,5593,8
5594,5594,8
5595,5595,7
5596,5596,7
5597,5597,7
5598,5598,7
5599,5599,7
5600,5600,1
5601,5601,1
5602,5602,1
5603,5603,6
5604,5604,6
5605,5605,6
5606,5606,6
5607,5607,6
5608,5608,6
5609,5609,6
5610,5610,6
5611,5611,6
5612,5612,6
5613,5613,6
5614,5614,6
5615,5615,6
5616,5616,6
5617,5617,6
5618,5618,6
5619,5619,6
5620,5620,6
5621,5621,8
5622,5622,8
5623,5623,8
5624,5624,8
5625,5625,8
5626,5626,8
5627,5627,8
5628,5628,8
5629,5629,8
5630,5630,8
5631,5631,8
5632,5632,8
5633,5633,8
5634,5634,8
5635,5635,8
5636,5636,8
5637,5637,8
5638,5638,8
5639,5639,8
5640,5640,8
5641,5641,8
5642,5642,8
5643,5643,6
5644,5644,8
5645,5645,8
5646,5646,8
5647,5647,8
5648,5648,8
5649,5649,8
5650,5650,8
5651,5651,1
5652,5652,1
5653,5653,8
5654,5654,8
5655,5655,8
5656,5656,8
5657,5657,8
5658,5658,8
5659,5659,8
5660,5660,8
5661,5661,8
5662,5662,8
5663,5663,8
5664,5664,8
5665,5665,1
5666,5666,8
5667,5667,8
5668,5668,1
5669,5669,1
5670,5670,1
5671,5671,1
5672,5672,6
5673,5673,8
5674,5674,1
5675,5675,1
5676,5676,1
5677,5677,6
5678,5678,1
5679,5679,1
5680,5680,8
5681,5681,8
5682,5682,8
5683,5683,8
5684,5684,8
5685,5685,8
5686,5686,8
5687,5687,8
5688,5688,8
5689,5689,8
5690,5690,8
5691,5691,8
5692,5692,8
5693,5693,8
5694,5694,8
5695,5695,8
5696,5696,8
5697,5697,8
5698,5698,8
5699,5699,8
5700,5700,8
5701,5701,8
5702,5702,8
5703,5703,8
5704,5704,8
5705,5705,8
5706,5706,8
5707,5707,8
5708,5708,8
5709,5709,8
5710,5710,8
5711,5711,8
5712,5712,8
5713,5713,8
5714,5714,8
5715,5715,8
5716,5716,8
5717,5717,8
5718,5718,8
5719,5719,8
5720,5720,8
5721,5721,8
5722,5722,8
5723,5723,8
5724,5724,8
5725,5725,8
5726,5726,8
5727,5727,8
5728,5728,8
5729,5729,8
5730,5730,8
5731,5731,8
5732,5732,8
5733,5733,8
5734,5734,8
5735,5735,8
5736,5736,8
5737,5737,8
5738,5738,8
5739,5739,8
5740,5740,8
5741,5741,8
5742,5742,8
5743,5743,8
5744,5744,8
5745,5745,8
5746,5746,8
5747,5747,10
5748,5748,8
5749,5749,8
5750,5750,8
5751,5751,8
5752,5752,8
5753,5753,8
5754,5754,8
5755,5755,8
5756,5756,8
5757,5757,8
5758,5758,8
5759,5759,8
5760,5760,8
5761,5761,8
5762,5762,8
5763,5763,8
5764,5764,8
5765,5765,8
5766,5766,8
5767,5767,8
5768,5768,8
5769,5769,8
5770,5770,1
5771,5771,1
5772,5772,8
5773,5773,1
5774,5774,1
5775,5775,1
5776,5776,8
5777,5777,1
5778,5778,1
5779,5779,1
5780,5780,1
5781,5781,1
5782,5782,1
5783,5783,1
5784,5784,1
5785,5785,1
5786,5786,1
5787,5787,1
5788,5788,1
5789,5789,1
5790,5790,1
5791,5791,1
5792,5792,1
5793,5793,1
5794,5794,1
5795,5795,1
5796,5796,1
5797,5797,8
5798,5798,8
5799,5799,8
5800,5800,8
5801,5801,8
5802,5802,8
5803,5803,8
5804,5804,8
5805,5805,8
5806,5806,8
5807,5807,8
5808,5808,8
5809,5809,8
5810,5810,8
5811,5811,8
5812,5812,8
5813,5813,8
5814,5814,8
5815,5815,8
5816,5816,8
5817,5817,8
5818,5818,1
5819,5819,8
5820,5820,1
5821,5821,1
5822,5822,1
5823,5823,1
5824,5824,1
5825,5825,1
5826,5826,1
5827,5827,8
5828,5828,8
5829,5829,8
5830,5830,8
5831,5831,8
5832,5832,1
5833,5833,8
5834,5834,8
5835,5835,1
5836,5836,1
5837,5837,1
5838,5838,1
5839,5839,1
5840,5840,1
5841,5841,1
5842,5842,1
5843,5843,1
5844,5844,1
5845,5845,8
5846,5846,8
5847,5847,8
5848,5848,8
5849,5849,8
5850,5850,8
5851,5851,8
5852,5852,8
5853,5853,8
5854,5854,8
5855,5855,8
5856,5856,8
5857,5857,8
5858,5858,8
5859,5859,8
5860,5860,8
5861,5861,8
5862,5862,1
5863,5863,1
5864,5864,1
5865,5865,1
5866,5866,1
5867,5867,1
5868,5868,1
5869,5869,1
5870,5870,8
5871,5871,1
5872,5872,8
5873,5873,8
5874,5874,8
5875,5875,8
5876,5876,8
5877,5877,8
5878,5878,8
5879,5879,8
5880,5880,8
5881,5881,8
5882,5882,8
5883,5883,8
5884,5884,8
5885,5885,8
5886,5886,8
5887,5887,8
5888,5888,8
5889,5889,8
5890,5890,8
5891,5891,8
5892,5892,8
5893,5893,8
5894,5894,8
5895,5895,8
5896,5896,8
5897,5897,8
5898,5898,8
5899,5899,8
5900,5900,8
5901,5901,8
5902,5902,8
5903,5903,8
5904,5904,8
5905,5905,8
5906,5906,8
5907,5907,8
5908,5908,8
5909,5909,8
5910,5910,8
5911,5911,8
5912,5912,8
5913,5913,8
5914,5914,8
5915,5915,8
5916,5916,8
5917,5917,8
5918,5918,8
5919,5919,8
5920,5920,8
5921,5921,8
5922,5922,8
5923,5923,8
5924,5924,8
5925,5925,8
5926,5926,8
5927,5927,8
5928,5928,8
5929,5929,8
5930,5930,8
5931,5931,8
5932,5932,8
5933,5933,8
5934,5934,8
5935,5935,8
5936,5936,8
5937,5937,8
5938,5938,8
5939,5939,8
5940,5940,8
5941,5941,1
5942,5942,1
5943,5943,1
5944,5944,8
5945,5945,8
5946,5946,8
5947,5947,8
5948,5948,8
5949,5949,8
5950,5950,1
5951,5951,8
5952,5952,8
5953,5953,1
5954,5954,8
5955,5955,8
5956,5956,1
5957,5957,1
5958,5958,1
5959,5959,8
5960,5960,8
5961,5961,8
5962,5962,8
5963,5963,1
5964,5964,1
5965,5965,1
5966,5966,1
5967,5967,8
5968,5968,4
5969,5969,4
5970,5970,4
5971,5971,4
5972,5972,4
5973,5973,4
5974,5974,4
5975,5975,4
5976,5976,4
5977,5977,8
5978,5978,8
5979,5979,8
5980,5980,4
5981,5981,8
5982,5982,8
5983,5983,8
5984,5984,8
5985,5985,4
5986,5986,4
5987,5987,4
5988,5988,4
5989,5989,4
5990,5990,4
5991,5991,4
5992,5992,4
5993,5993,4
5994,5994,4
5995,5995,4
5996,5996,4
5997,5997,4
5998,5998,4
5999,5999,4
6000,6000,4
6001,6001,4
6002,6002,4
6003,6003,4
6004,6004,4
6005,6005,4
6006,6006,4
6007,6007,4
6008,6008,4
6009,6009,4
6010,6010,4
6011,6011,4
6012,6012,4
6013,6013,4
6014,6014,4
6015,6015,4
6016,6016,4
6017,6017,4
6018,6018,4
6019,6019,8
6020,6020,4
6021,6021,4
6022,6022,4
6023,6023,8
6024,6024,8
6025,6025,8
6026,6026,8
6027,6027,8
6028,6028,8
6029,6029,8
6030,6030,8
6031,6031,8
6032,6032,8
6033,6033,8
6034,6034,8
6035,6035,8
6036,6036,8
6037,6037,8
6038,6038,8
6039,6039,8
6040,6040,8
6041,6041,8
6042,6042,8
6043,6043,8
6044,6044,8
6045,6045,8
6046,6046,8
6047,6047,8
6048,6048,8
6049,6049,8
6050,6050,8
6051,6051,8
6052,6052,8
6053,6053,8
6054,6054,8
6055,6055,8
6056,6056,8
6057,6057,8
6058,6058,8
6059,6059,8
6060,6060,8
6061,6061,8
6062,6062,8
6063,6063,8
6064,6064,10
6065,6065,10
6066,6066,10
6067,6067,10
6068,6068,10
6069,6069,10
6070,6070,10
6071,6071,10
6072,6072,10
6073,6073,10
6074,6074,10
6075,6075,10
6076,6076,10
6077,6077,10
6078,6078,10
6079,6079,10
6080,6080,10
6081,6081,10
6082,6082,10
6083,6083,10
6084,6084,10
6085,6085,10
6086,6086,10
6087,6087,10
6088,6088,10
6089,6089,10
6090,6090,10
6091,6091,10
6092,6092,10
6093,6093,10
6094,6094,10
6095,6095,10
6096,6096,10
6097,6097,10
6098,6098,10
6099,6099,10
6100,6100,10
6101,6101,10
6102,6102,10
6103,6103,10
6104,6104,10
6105,6105,10
6106,6106,10
6107,6107,10
6108,6108,10
6109,6109,10
6110,6110,10
6111,6111,10
6112,6112,10
6113,6113,10
6114,6114,10
6115,6115,10
6116,6116,10
6117,6117,10
6118,6118,10
6119,6119,10
6120,6120,10
6121,6121,10
6122,6122,10
6123,6123,10
6124,6124,3
6125,6125,3
6126,6126,3
6127,6127,3
6128,6128,3
6129,6129,3
6130,6130,3
6131,6131,3
6132,6132,3
6133,6133,3
6134,6134,3
6135,6135,3
6136,6136,3
6137,6137,3
6138,6138,3
6139,6139,3
6140,6140,3
6141,6141,3
6142,6142,3
6143,6143,3
6144,6144,3
6145,6145,3
6146,6146,3
6147,6147,3
6148,6148,3
6149,6149,3
6150,6150,3
6151,6151,3
6152,6152,3
6153,6153,3
6154,6154,3
6155,6155,3
6156,6156,3
6157,6157,3
6158,6158,3
6159,6159,3
6160,6160,3
6161,6161,3
6162,6162,3
6163,6163,3
6164,6164,3
6165,6165,3
6166,6166,3
6167,6167,3
6168,6168,3
6169,6169,3
6170,6170,3
6171,6171,3
6172,6172,3
6173,6173,3
6174,6174,3
6175,6175,3
6176,6176,3
6177,6177,3
6178,6178,3
6179,6179,3
6180,6180,3
6181,6181,3
6182,6182,3
6183,6183,3
6184,6184,3
6185,6185,3
6186,6186,3
6187,6187,3
6188,6188,3
6189,6189,3
6190,6190,3
6191,6191,3
6192,6192,3
6193,6193,3
6194,6194,3
6195,6195,3
6196,6196,3
6197,6197,3
6198,6198,3
6199,6199,3
6200,6200,3
6201,6201,3
6202,6202,3
6203,6203,3
6204,6204,3
6205,6205,3
6206,6206,3
6207,6207,3
6208,6208,3
6209,6209,3
6210,6210,3
6211,6211,3
6212,6212,3
6213,6213,3
6214,6214,3
6215,6215,3
6216,6216,3
6217,6217,3
6218,6218,3
6219,6219,3
6220,6220,3
6221,6221,3
6222,6222,3
6223,6223,3
6224,6224,3
6225,6225,3
6226,6226,3
6227,6227,3
6228,6228,3
6229,6229,3
6230,6230,3
6231,6231,3
6232,6232,3
6233,6233,3
6234,6234,3
6235,6235,3
6236,6236,3
6237,6237,3
6238,6238,3
6239,6239,3
6240,6240,3
6241,6241,3
6242,6242,3
6243,6243,3
6244,6244,3
6245,6245,3
6246,6246,3
6247,6247,3
6248,6248,3
6249,6249,3
6250,6250,3
6251,6251,3
6252,6252,3
6253,6253,3
6254,6254,3
6255,6255,3
6256,6256,3
6257,6257,3
6258,6258,3
6259,6259,3
6260,6260,3
6261,6261,3
6262,6262,3
6263,6263,3
6264,6264,3
6265,6265,3
6266,6266,3
6267,6267,3
6268,6268,3
6269,6269,3
6270,6270,3
6271,6271,3
6272,6272,3
6273,6273,3
6274,6274,3
6275,6275,3
6276,6276,3
6277,6277,3
6278,6278,3
6279,6279,3
6280,6280,3
6281,6281,3
6282,6282,3
6283,6283,3
6284,6284,3
6285,6285,3
6286,6286,3
6287,6287,3
6288,6288,3
6289,6289,3
6290,6290,3
6291,6291,6
6292,6292,6
6293,6293,6
6294,6294,6
6295,6295,8
6296,6296,8
6297,6297,8
6298,6298,8
6299,6299,6
6300,6300,8
6301,6301,8
6302,6302,8
6303,6303,8
6304,6304,8
6305,6305,8
6306,6306,8
6307,6307,8
6308,6308,8
6309,6309,8
6310,6310,8
6311,6311,8
6312,6312,8
6313,6313,8
6314,6314,8
6315,6315,8
6316,6316,8
6317,6317,8
6318,6318,8
6319,6319,8
6320,6320,8
6321,6321,8
6322,6322,8
6323,6323,8
6324,6324,8
6325,6325,8
6326,6326,8
6327,6327,8
6328,6328,8
6329,6329,8
6330,6330,8
6331,6331,8
6332,6332,8
6333,6333,8
6334,6334,6
6335,6335,6
6336,6336,6
6337,6337,6
6338,6338,6
6339,6339,6
6340,6340,6
6341,6341,6
6342,6342,6
6343,6343,6
6344,6344,6
6345,6345,6
6346,6346,8
6347,6347,6
6348,6348,6
6349,6349,6
6350,6350,6
6351,6351,6
6352,6352,6
6353,6353,6
6354,6354,6
6355,6355,6
6356,6356,6
6357,6357,6
6358,6358,6
6359,6359,6
6360,6360,6
6361,6361,6
6362,6362,6
6363,6363,6
6364,6364,6
6365,6365,6
6366,6366,6
6367,6367,6
6368,6368,6
6369,6369,6
6370,6370,8
6371,6371,8
6372,6372,8
6373,6373,8
6374,6374,8
6375,6375,8
6376,6376,8
6377,6377,8
6378,6378,6
6379,6379,6
6380,6380,6
6381,6381,6
6382,6382,6
6383,6383,8
6384,6384,8
6385,6385,8
6386,6386,6
6387,6387,6
6388,6388,8
6389,6389,8
6390,6390,8
6391,6391,8
6392,6392,8
6393,6393,8
6394,6394,6
6395,6395,8
6396,6396,8
6397,6397,8
6398,6398,8
6399,6399,6
6400,6400,8
6401,6401,6
6402,6402,6
6403,6403,8
6404,6404,6
6405,6405,6
6406,6406,6
6407,6407,6
6408,6408,6
6409,6409,6
6410,6410,6
6411,6411,6
6412,6412,6
6413,6413,6
6414,6414,6
6415,6415,6
6416,6416,6
6417,6417,6
6418,6418,6
6419,6419,6
6420,6420,8
6421,6421,8
6422,6422,8
6423,6423,8
6424,6424,8
6425,6425,8
6426,6426,8
6427,6427,8
6428,6428,8
6429,6429,8
6430,6430,8
6431,6431,8
6432,6432,8
6433,6433,8
6434,6434,8
6435,6435,8
6436,6436,8
6437,6437,8
6438,6438,8
6439,6439,8
6440,6440,8
6441,6441,8
6442,6442,8
6443,6443,8
6444,6444,8
6445,6445,8
6446,6446,8
6447,6447,8
6448,6448,8
6449,6449,8
6450,6450,8
6451,6451,8
6452,6452,8
6453,6453,8
6454,6454,8
6455,6455,8
6456,6456,8
6457,6457,8
6458,6458,8
6459,6459,8
6460,6460,8
6461,6461,8
6462,6462,8
6463,6463,8
6464,6464,8
6465,6465,8
6466,6466,8
6467,6467,8
6468,6468,8
6469,6469,8
6470,6470,8
6471,6471,8
6472,6472,8
6473,6473,8
6474,6474,8
6475,6475,8
6476,6476,8
6477,6477,8
6478,6478,8
6479,6479,8
6480,6480,6
6481,6481,6
6482,6482,6
6483,6483,6
6484,6484,6
6485,6485,6
6486,6486,6
6487,6487,6
6488,6488,6
6489,6489,8
6490,6490,6
6491,6491,6
6492,6492,6
6493,6493,8
6494,6494,6
6495,6495,6
6496,6496,8
6497,6497,8
6498,6498,8
6499,6499,8
6500,6500,8
6501,6501,8
6502,6502,8
6503,6503,8
6504,6504,6
6505,6505,6
6506,6506,6
6507,6507,6
6508,6508,6
6509,6509,6
6510,6510,6
6511,6511,6
6512,6512,6
6513,6513,6
6514,6514,6
6515,6515,6
6516,6516,6
6517,6517,6
6518,6518,6
6519,6519,6
6520,6520,6
6521,6521,6
6522,6522,6
6523,6523,6
6524,6524,6
6525,6525,6
6526,6526,6
6527,6527,6
6528,6528,6
6529,6529,6
6530,6530,6
6531,6531,6
6532,6532,6
6533,6533,6
6534,6534,6
6535,6535,6
6536,6536,6
6537,6537,6
6538,6538,6
6539,6539,6
6540,6540,8
6541,6541,8
6542,6542,8
6543,6543,8
6544,6544,8
6545,6545,8
6546,6546,8
6547,6547,8
6548,6548,8
6549,6549,8
6550,6550,8
6551,6551,8
6552,6552,8
6553,6553,8
6554,6554,8
6555,6555,8
6556,6556,8
6557,6557,8
6558,6558,8
6559,6559,8
6560,6560,8
6561,6561,8
6562,6562,8
6563,6563,8
6564,6564,8
6565,6565,8
6566,6566,8
6567,6567,8
6568,6568,8
6569,6569,8
6570,6570,8
6571,6571,8
6572,6572,8
6573,6573,8
6574,6574,8
6575,6575,8
6576,6576,8
6577,6577,8
6578,6578,8
6579,6579,8
6580,6580,8
6581,6581,8
6582,6582,8
6583,6583,8
6584,6584,8
6585,6585,8
6586,6586,8
6587,6587,8
6588,6588,8
6589,6589,8
6590,6590,8
6591,6591,8
6592,6592,8
6593,6593,8
6594,6594,8
6595,6595,8
6596,6596,8
6597,6597,8
6598,6598,8
6599,6599,8
6600,6600,8
6601,6601,8
6602,6602,8
6603,6603,8
6604,6604,8
6605,6605,8
6606,6606,8
6607,6607,8
6608,6608,8
6609,6609,8
6610,6610,8
6611,6611,8
6612,6612,8
6613,6613,8
6614,6614,8
6615,6615,8
6616,6616,8
6617,6617,8
6618,6618,8
6619,6619,8
6620,6620,8
6621,6621,8
6622,6622,8
6623,6623,8
6624,6624,6
6625,6625,8
6626,6626,8
6627,6627,8
6628,6628,8
6629,6629,6
6630,6630,6
6631,6631,6
6632,6632,8
6633,6633,8
6634,6634,8
6635,6635,8
6636,6636,8
6637,6637,8
6638,6638,8
6639,6639,8
6640,6640,8
6641,6641,8
6642,6642,8
6643,6643,8
6644,6644,8
6645,6645,8
6646,6646,8
6647,6647,8
6648,6648,8
6649,6649,8
6650,6650,6
6651,6651,6
6652,6652,8
6653,6653,8
6654,6654,8
6655,6655,8
6656,6656,8
6657,6657,8
6658,6658,6
6659,6659,6
6660,6660,8
6661,6661,8
6662,6662,8
6663,6663,6
6664,6664,6
6665,6665,8
6666,6666,8
6667,6667,8
6668,6668,8
6669,6669,8
6670,6670,8
6671,6671,8
6672,6672,8
6673,6673,8
6674,6674,8
6675,6675,8
6676,6676,8
6677,6677,8
6678,6678,8
6679,6679,8
6680,6680,8
6681,6681,8
6682,6682,8
6683,6683,8
6684,6684,8
6685,6685,8
6686,6686,8
6687,6687,8
6688,6688,8
6689,6689,8
6690,6690,8
6691,6691,8
6692,6692,8
6693,6693,1
6694,6694,1
6695,6695,1
6696,6696,1
6697,6697,1
6698,6698,1
6699,6699,1
6700,6700,8
6701,6701,8
6702,6702,8
6703,6703,8
6704,6704,8
6705,6705,1
6706,6706,1
6707,6707,8
6708,6708,1
6709,6709,6
6710,6710,6
6711,6711,1
6712,6712,1
6713,6713,1
6714,6714,1
6715,6715,6
6716,6716,8
6717,6717,8
6718,6718,1
6719,6719,1
6720,6720,1
6721,6721,1
6722,6722,1
6723,6723,1
6724,6724,8
6725,6725,1
6726,6726,1
6727,6727,1
6728,6728,1
6729,6729,1
6730,6730,1
6731,6731,1
6732,6732,6
6733,6733,6
6734,6734,1
6735,6735,6
6736,6736,1
6737,6737,1
6738,6738,1
6739,6739,1
6740,6740,1
6741,6741,1
6742,6742,1
6743,6743,1
6744,6744,1
6745,6745,1
6746,6746,1
6747,6747,1
6748,6748,1
6749,6749,1
6750,6750,1
6751,6751,1
6752,6752,1
6753,6753,1
6754,6754,1
6755,6755,1
6756,6756,1
6757,6757,1
6758,6758,1
6759,6759,6
6760,6760,6
6761,6761,1
6762,6762,6
6763,6763,6
6764,6764,6
6765,6765,6
6766,6766,6
6767,6767,6
6768,6768,6
6769,6769,8
6770,6770,8
6771,6771,8
6772,6772,8
6773,6773,8
6774,6774,8
6775,6775,8
6776,6776,8
6777,6777,8
6778,6778,8
6779,6779,8
6780,6780,8
6781,6781,8
6782,6782,1
6783,6783,8
6784,6784,1
6785,6785,8
6786,6786,8
6787,6787,1
6788,6788,1
6789,6789,1
6790,6790,6
6791,6791,8
6792,6792,6
6793,6793,8
6794,6794,8
6795,6795,7
6796,6796,7
6797,6797,8
6798,6798,8
6799,6799,6
6800,6800,6
6801,6801,6
6802,6802,6
6803,6803,6
6804,6804,6
6805,6805,6
6806,6806,6
6807,6807,6
6808,6808,6
6809,6809,6
6810,6810,6
6811,6811,6
6812,6812,6
6813,6813,6
6814,6814,6
6815,6815,6
6816,6816,6
6817,6817,6
6818,6818,6
6819,6819,6
6820,6820,6
6821,6821,6
6822,6822,6
6823,6823,6
6824,6824,6
6825,6825,6
6826,6826,6
6827,6827,6
6828,6828,6
6829,6829,6
6830,6830,6
6831,6831,6
6832,6832,6
6833,6833,6
6834,6834,6
6835,6835,6
6836,6836,6
6837,6837,6
6838,6838,6
6839,6839,6
6840,6840,6
6841,6841,6
6842,6842,6
6843,6843,6
6844,6844,6
6845,6845,6
6846,6846,6
6847,6847,6
6848,6848,6
6849,6849,6
6850,6850,6
6851,6851,6
6852,6852,6
6853,6853,6
6854,6854,6
6855,6855,6
6856,6856,6
6857,6857,6
6858,6858,6
6859,6859,6
6860,6860,6
6861,6861,6
6862,6862,6
6863,6863,6
6864,6864,6
6865,6865,6
6866,6866,6
6867,6867,6
6868,6868,6
6869,6869,6
6870,6870,6
6871,6871,6
6872,6872,6
6873,6873,6
6874,6874,6
6875,6875,6
6876,6876,6
6877,6877,6
6878,6878,6
6879,6879,6
6880,6880,6
6881,6881,6
6882,6882,6
6883,6883,6
6884,6884,6
6885,6885,6
6886,6886,6
6887,6887,6
6888,6888,6
6889,6889,6
6890,6890,6
6891,6891,6
6892,6892,6
6893,6893,6
6894,6894,3
6895,6895,3
6896,6896,3
6897,6897,3
6898,6898,4
6899,6899,4
6900,6900,4
6901,6901,4
6902,6902,4
6903,6903,6
6904,6904,6
6905,6905,6
6906,6906,6
6907,6907,3
6908,6908,6
6909,6909,6
6910,6910,4
6911,6911,6
6912,6912,4
6913,6913,3
6914,6914,6
6915,6915,3
6916,6916,4
6917,6917,4
6918,6918,4
6919,6919,4
6920,6920,4
6921,6921,4
6922,6922,4
6923,6923,6
6924,6924,4
6925,6925,4
6926,6926,4
6927,6927,6
6928,6928,4
6929,6929,6
6930,6930,6
6931,6931,6
6932,6932,6
6933,6933,3
6934,6934,4
6935,6935,4
6936,6936,3
6937,6937,4
6938,6938,4
6939,6939,4
6940,6940,3
6941,6941,3
6942,6942,3
6943,6943,4
6944,6944,4
6945,6945,4
6946,6946,4
6947,6947,4
6948,6948,4
6949,6949,6
6950,6950,6
6951,6951,6
6952,6952,3
6953,6953,3
6954,6954,3
6955,6955,3
6956,6956,3
6957,6957,6
6958,6958,6
6959,6959,6
6960,6960,6
6961,6961,6
6962,6962,3
6963,6963,6
6964,6964,3
6965,6965,6
6966,6966,6
6967,6967,6
6968,6968,6
6969,6969,6
6970,6970,6
6971,6971,6
6972,6972,6
6973,6973,6
6974,6974,6
6975,6975,6
6976,6976,6
6977,6977,6
6978,6978,6
6979,6979,3
6980,6980,6
6981,6981,6
6982,6982,6
6983,6983,6
6984,6984,6
6985,6985,6
6986,6986,6
6987,6987,6
6988,6988,6
6989,6989,6
6990,6990,6
6991,6991,6
6992,6992,6
6993,6993,6
6994,6994,6
6995,6995,6
6996,6996,6
6997,6997,6
6998,6998,6
6999,6999,6
7000,7000,3
7001,7001,6
7002,7002,6
7003,7003,6
7004,7004,8
7005,7005,8
7006,7006,8
7007,7007,8
7008,7008,8
7009,7009,8
7010,7010,8
7011,7011,8
7012,7012,8
7013,7013,8
7014,7014,8
7015,7015,1
7016,7016,8
7017,7017,8
7018,7018,1
7019,7019,8
7020,7020,8
7021,7021,1
7022,7022,8
7023,7023,8
7024,7024,8
7025,7025,8
7026,7026,8
7027,7027,8
7028,7028,8
7029,7029,1
7030,7030,1
7031,7031,1
7032,7032,8
7033,7033,1
7034,7034,1
7035,7035,1
7036,7036,8
7037,7037,1
7038,7038,1
7039,7039,1
7040,7040,1
7041,7041,1
7042,7042,1
7043,7043,1
7044,7044,1
7045,7045,1
7046,7046,8
7047,7047,8
7048,7048,8
7049,7049,8
7050,7050,1
7051,7051,1
7052,7052,8
7053,7053,8
7054,7054,8
7055,7055,1
7056,7056,1
7057,7057,1
7058,7058,1
7059,7059,1
7060,7060,1
7061,7061,1
7062,7062,1
7063,7063,1
7064,7064,1
7065,7065,8
7066,7066,8
7067,7067,8
7068,7068,8
7069,7069,8
7070,7070,8
7071,7071,8
7072,7072,8
7073,7073,8
7074,7074,8
7075,7075,8
7076,7076,8
7077,7077,8
7078,7078,8
7079,7079,8
7080,7080,8
7081,7081,8
7082,7082,8
7083,7083,8
7084,7084,8
7085,7085,8
7086,7086,8
7087,7087,8
7088,7088,8
7089,7089,8
7090,7090,8
7091,7091,8
7092,7092,1
7093,7093,1
7094,7094,1
7095,7095,1
7096,7096,1
7097,7097,1
7098,7098,1
7099,7099,1
7100,7100,1
7101,7101,1
7102,7102,1
7103,7103,1
7104,7104,1
7105,7105,1
7106,7106,1
7107,7107,1
7108,7108,1
7109,7109,1
7110,7110,1
7111,7111,1
7112,7112,1
7113,7113,1
7114,7114,1
7115,7115,1
7116,7116,1
7117,7117,1
7118,7118,1
7119,7119,1
7120,7120,1
7121,7121,1
7122,7122,1
7123,7123,1
7124,7124,1
7125,7125,1
7126,7126,1
7127,7127,1
7128,7128,1
7129,7129,1
7130,7130,1
7131,7131,10
7132,7132,10
7133,7133,10
7134,7134,10
7135,7135,10
7136,7136,10
7137,7137,10
7138,7138,10
7139,7139,10
7140,7140,10
7141,7141,10
7142,7142,10
7143,7143,8
7144,7144,8
7145,7145,8
7146,7146,8
7147,7147,8
7148,7148,8
7149,7149,8
7150,7150,8
7151,7151,8
7152,7152,8
7153,7153,8
7154,7154,8
7155,7155,8
7156,7156,7
7157,7157,7
7158,7158,7
7159,7159,7
7160,7160,7
7161,7161,7
7162,7162,7
7163,7163,7
7164,7164,7
7165,7165,7
7166,7166,7
7167,7167,7
7168,7168,7
7169,7169,7
7170,7170,7
7171,7171,7
7172,7172,7
7173,7173,7
7174,7174,7
7175,7175,7
7176,7176,10
7177,7177,10
7178,7178,10
7179,7179,10
7180,7180,10
7181,7181,10
7182,7182,10
7183,7183,10
7184,7184,10
7185,7185,10
7186,7186,10
7187,7187,10
7188,7188,10
7189,7189,10
7190,7190,8
7191,7191,8
7192,7192,8
7193,7193,1
7194,7194,1
7195,7195,1
7196,7196,1
7197,7197,10
7198,7198,8
7199,7199,8
7200,7200,8
7201,7201,1
7202,7202,10
7203,7203,10
7204,7204,3
7205,7205,3
7206,7206,3
7207,7207,3
7208,7208,3
7209,7209,3
7210,7210,3
7211,7211,3
7212,7212,3
7213,7213,3
7214,7214,3
7215,7215,3
7216,7216,3
7217,7217,3
7218,7218,3
7219,7219,4
7220,7220,4
7221,7221,4
7222,7222,4
7223,7223,4
7224,7224,4
7225,7225,4
7226,7226,4
7227,7227,4
7228,7228,4
7229,7229,4
7230,7230,4
7231,7231,4
7232,7232,4
7233,7233,4
7234,7234,4
7235,7235,4
7236,7236,4
7237,7237,4
7238,7238,4
7239,7239,7
7240,7240,7
7241,7241,7
7242,7242,7
7243,7243,7
7244,7244,7
7245,7245,7
7246,7246,7
7247,7247,7
7248,7248,7
7249,7249,7
7250,7250,7
7251,7251,7
7252,7252,7
7253,7253,7
7254,7254,7
7255,7255,7
7256,7256,7
7257,7257,7
7258,7258,7
7259,7259,7
7260,7260,7
7261,7261,7
7262,7262,7
7263,7263,7
7264,7264,7
7265,7265,7
7266,7266,7
7267,7267,7
7268,7268,7
7269,7269,7
7270,7270,7
7271,7271,7
7272,7272,7
7273,7273,7
7274,7274,7
7275,7275,7
7276,7276,7
7277,7277,7
7278,7278,7
7279,7279,1
7280,7280,1
7281,7281,1
7282,7282,1
7283,7283,1
7284,7284,1
7285,7285,7
7286,7286,1
7287,7287,7
7288,7288,7
7289,7289,7
7290,7290,7
7291,7291,7
7292,7292,7
7293,7293,7
7294,7294,7
7295,7295,8
7296,7296,8
7297,7297,8
7298,7298,8
7299,7299,8
7300,7300,8
7301,7301,8
7302,7302,8
7303,7303,8
7304,7304,8
7305,7305,3
7306,7306,3
7307,7307,3
7308,7308,3
7309,7309,3
7310,7310,3
7311,7311,3
7312,7312,6
7313,7313,3
7314,7314,3
7315,7315,3
7316,7316,3
7317,7317,3
7318,7318,3
7319,7319,3
7320,7320,1
7321,7321,3
7322,7322,3
7323,7323,3
7324,7324,3
7325,7325,3
7326,7326,3
7327,7327,1
7328,7328,3
7329,7329,1
7330,7330,1
7331,7331,1
7332,7332,1
7333,7333,1
7334,7334,3
7335,7335,1
7336,7336,3
7337,7337,1
7338,7338,1
7339,7339,1
7340,7340,1
7341,7341,1
7342,7342,1
7343,7343,1
7344,7344,1
7345,7345,1
7346,7346,1
7347,7347,1
7348,7348,1
7349,7349,1
7350,7350,1
7351,7351,1
7352,7352,1
7353,7353,1
7354,7354,1
7355,7355,1
7356,7356,1
7357,7357,1
7358,7358,10
7359,7359,1
7360,7360,3
7361,7361,3
7362,7362,3
7363,7363,3
7364,7364,3
7365,7365,3
7366,7366,3
7367,7367,3
7368,7368,3
7369,7369,10
7370,7370,1
7371,7371,1
7372,7372,3
7373,7373,3
7374,7374,3
7375,7375,3
7376,7376,3
7377,7377,3
7378,7378,1
7379,7379,1
7380,7380,3
7381,7381,1
7382,7382,1
7383,7383,3
7384,7384,10
7385,7385,3
7386,7386,3
7387,7387,3
7388,7388,10
7389,7389,3
7390,7390,10
7391,7391,3
7392,7392,3
7393,7393,3
7394,7394,10
7395,7395,3
7396,7396,3
7397,7397,10
7398,7398,10
7399,7399,3
7400,7400,3
7401,7401,3
7402,7402,3
7403,7403,3
7404,7404,3
7405,7405,1
7406,7406,10
7407,7407,3
7408,7408,3
7409,7409,3
7410,7410,3
7411,7411,3
7412,7412,3
7413,7413,3
7414,7414,3
7415,7415,3
7416,7416,8
7417,7417,8
7418,7418,8
7419,7419,8
7420,7420,8
7421,7421,8
7422,7422,8
7423,7423,8
7424,7424,8
7425,7425,8
7426,7426,8
7427,7427,8
7428,7428,8
7429,7429,8
7430,7430,8
7431,7431,8
7432,7432,8
7433,7433,8
7434,7434,8
7435,7435,8
7436,7436,8
7437,7437,8
7438,7438,8
7439,7439,8
7440,7440,8
7441,7441,8
7442,7442,8
7443,7443,8
7444,7444,8
7445,7445,8
7446,7446,8
7447,7447,8
7448,7448,8
7449,7449,8
7450,7450,8
7451,7451,8
7452,7452,8
7453,7453,8
7454,7454,8
7455,7455,8
7456,7456,8
7457,7457,8
7458,7458,8
7459,7459,8
7460,7460,8
7461,7461,8
7462,7462,8
7463,7463,8
7464,7464,8
7465,7465,8
7466,7466,8
7467,7467,8
7468,7468,8
7469,7469,8
7470,7470,8
7471,7471,8
7472,7472,8
7473,7473,8
7474,7474,8
7475,7475,8
7476,7476,8
7477,7477,8
7478,7478,8
7479,7479,8
7480,7480,8
7481,7481,8
7482,7482,8
7483,7483,8
7484,7484,8
7485,7485,8
7486,7486,8
7487,7487,8
7488,7488,8
7489,7489,8
7490,7490,8
7491,7491,8
7492,7492,8
7493,7493,8
7494,7494,8
7495,7495,8
7496,7496,8
7497,7497,8
7498,7498,8
7499,7499,8
7500,7500,8
7501,7501,10
7502,7502,8
7503,7503,8
7504,7504,8
7505,7505,8
7506,7506,8
7507,7507,8
7508,7508,8
7509,7509,8
7510,7510,8
7511,7511,8
7512,7512,8
7513,7513,8
7514,7514,8
7515,7515,8
7516,7516,8
7517,7517,8
7518,7518,8
7519,7519,8
7520,7520,8
7521,7521,8
7522,7522,8
7523,7523,8
7524,7524,8
7525,7525,8
7526,7526,8
7527,7527,8
7528,7528,8
7529,7529,8
7530,7530,8
7531,7531,8
7532,7532,8
7533,7533,8
7534,7534,1
7535,7535,1
7536,7536,1
7537,7537,1
7538,7538,1
7539,7539,1
7540,7540,1
7541,7541,1
7542,7542,1
7543,7543,1
7544,7544,1
7545,7545,1
7546,7546,1
7547,7547,1
7548,7548,1
7549,7549,1
7550,7550,1
7551,7551,1
7552,7552,1
7553,7553,1
7554,7554,1
7555,7555,1
7556,7556,1
7557,7557,1
7558,7558,1
7559,7559,1
7560,7560,1
7561,7561,10
7562,7562,1
7563,7563,1
7564,7564,10
7565,7565,10
7566,7566,10
7567,7567,10
7568,7568,10
7569,7569,1
7570,7570,10
7571,7571,10
7572,7572,10
7573,7573,10
7574,7574,10
7575,7575,10
7576,7576,10
7577,7577,10
7578,7578,10
7579,7579,10
7580,7580,10
7581,7581,10
7582,7582,1
7583,7583,10
7584,7584,10
7585,7585,1
7586,7586,10
7587,7587,10
7588,7588,10
7589,7589,10
7590,7590,10
7591,7591,10
7592,7592,10
7593,7593,10
7594,7594,10
7595,7595,10
7596,7596,10
7597,7597,10
7598,7598,10
7599,7599,10
7600,7600,1
7601,7601,1
7602,7602,1
7603,7603,1
7604,7604,1
7605,7605,1
7606,7606,1
7607,7607,1
7608,7608,1
7609,7609,1
7610,7610,10
7611,7611,10
7612,7612,10
7613,7613,1
7614,7614,1
7615,7615,10
7616,7616,10
7617,7617,10
7618,7618,10
7619,7619,10
7620,7620,10
7621,7621,10
7622,7622,10
7623,7623,10
7624,7624,10
7625,7625,10
7626,7626,10
7627,7627,10
7628,7628,10
7629,7629,10
7630,7630,10
7631,7631,10
7632,7632,10
7633,7633,10
7634,7634,10
7635,7635,10
7636,7636,10
7637,7637,10
7638,7638,10
7639,7639,10
7640,7640,10
7641,7641,10
7642,7642,10
7643,7643,10
7644,7644,10
7645,7645,10
7646,7646,10
7647,7647,10
7648,7648,10
7649,7649,10
7650,7650,10
7651,7651,10
7652,7652,10
7653,7653,10
7654,7654,10
7655,7655,10
7656,7656,10
7657,7657,10
7658,7658,10
7659,7659,10
7660,7660,10
7661,7661,8
7662,7662,8
7663,7663,8
7664,7664,8
7665,7665,8
7666,7666,8
7667,7667,8
7668,7668,8
7669,7669,8
7670,7670,8
7671,7671,8
7672,7672,8
7673,7673,8
7674,7674,8
7675,7675,8
7676,7676,8
7677,7677,8
7678,7678,8
7679,7679,8
7680,7680,8
7681,7681,8
7682,7682,8
7683,7683,8
7684,7684,8
7685,7685,8
7686,7686,8
7687,7687,6
7688,7688,6
7689,7689,6
7690,7690,6
7691,7691,6
7692,7692,6
7693,7693,6
7694,7694,6
7695,7695,6
7696,7696,6
7697,7697,6
7698,7698,6
7699,7699,6
7700,7700,6
7701,7701,6
7702,7702,6
7703,7703,6
7704,7704,6
7705,7705,6
7706,7706,6
7707,7707,6
7708,7708,6
7709,7709,6
7710,7710,6
7711,7711,6
7712,7712,6
7713,7713,7
7714,7714,7
7715,7715,7
7716,7716,7
7717,7717,7
7718,7718,7
7719,7719,7
7720,7720,7
7721,7721,7
7722,7722,7
7723,7723,7
7724,7724,7
7725,7725,7
7726,7726,7
7727,7727,7
7728,7728,7
7729,7729,7
7730,7730,7
7731,7731,7
7732,7732,7
7733,7733,7
7734,7734,7
7735,7735,7
7736,7736,7
7737,7737,7
7738,7738,7
7739,7739,7
7740,7740,7
7741,7741,7
7742,7742,7
7743,7743,7
7744,7744,7
7745,7745,7
7746,7746,7
7747,7747,7
7748,7748,7
7749,7749,7
7750,7750,7
7751,7751,7
7752,7752,7
7753,7753,7
7754,7754,7
7755,7755,7
7756,7756,7
7757,7757,7
7758,7758,7
7759,7759,7
7760,7760,7
7761,7761,7
7762,7762,7
7763,7763,7
7764,7764,7
7765,7765,7
7766,7766,7
7767,7767,7
7768,7768,7
7769,7769,7
7770,7770,7
7771,7771,7
7772,7772,7
7773,7773,7
7774,7774,7
7775,7775,7
7776,7776,7
7777,7777,7
7778,7778,7
7779,7779,7
7780,7780,7
7781,7781,7
7782,7782,7
7783,7783,7
7784,7784,7
7785,7785,7
7786,7786,7
7787,7787,7
7788,7788,7
7789,7789,7
7790,7790,7
7791,7791,7
7792,7792,7
7793,7793,7
7794,7794,7
7795,7795,7
7796,7796,7
7797,7797,7
7798,7798,7
7799,7799,7
7800,7800,7
7801,7801,7
7802,7802,7
7803,7803,7
7804,7804,7
7805,7805,7
7806,7806,7
7807,7807,7
7808,7808,7
7809,7809,7
7810,7810,7
7811,7811,7
7812,7812,7
7813,7813,7
7814,7814,7
7815,7815,7
7816,7816,7
7817,7817,7
7818,7818,7
7819,7819,7
7820,7820,7
7821,7821,7
7822,7822,7
7823,7823,7
7824,7824,7
7825,7825,7
7826,7826,7
7827,7827,7
7828,7828,7
7829,7829,7
7830,7830,7
7831,7831,7
7832,7832,7
7833,7833,7
7834,7834,7
7835,7835,7
7836,7836,7
7837,7837,7
7838,7838,7
7839,7839,7
7840,7840,7
7841,7841,7
7842,7842,7
7843,7843,7
7844,7844,7
7845,7845,7
7846,7846,7
7847,7847,7
7848,7848,7
7849,7849,7
7850,7850,7
7851,7851,7
7852,7852,7
7853,7853,7
7854,7854,7
7855,7855,7
7856,7856,7
7857,7857,7
7858,7858,7
7859,7859,7
7860,7860,7
7861,7861,7
7862,7862,7
7863,7863,7
7864,7864,7
7865,7865,7
7866,7866,7
7867,7867,7
7868,7868,7
7869,7869,7
7870,7870,7
7871,7871,7
7872,7872,7
7873,7873,7
7874,7874,7
7875,7875,7
7876,7876,7
7877,7877,7
7878,7878,7
7879,7879,7
7880,7880,7
7881,7881,7
7882,7882,7
7883,7883,7
7884,7884,7
7885,7885,7
7886,7886,7
7887,7887,7
7888,7888,7
7889,7889,7
7890,7890,7
7891,7891,7
7892,7892,7
7893,7893,7
7894,7894,7
7895,7895,7
7896,7896,7
7897,7897,7
7898,7898,7
7899,7899,7
7900,7900,7
7901,7901,7
7902,7902,7
7903,7903,7
7904,7904,7
7905,7905,7
7906,7906,7
7907,7907,7
7908,7908,7
7909,7909,7
7910,7910,7
7911,7911,7
7912,7912,7
7913,7913,7
7914,7914,7
7915,7915,7
7916,7916,7
7917,7917,7
7918,7918,7
7919,7919,7
7920,7920,7
7921,7921,7
7922,7922,7
7923,7923,7
7924,7924,7
7925,7925,7
7926,7926,7
7927,7927,7
7928,7928,7
7929,7929,7
7930,7930,7
7931,7931,7
7932,7932,7
7933,7933,7
7934,7934,7
7935,7935,7
7936,7936,7
7937,7937,7
7938,7938,7
7939,7939,7
7940,7940,7
7941,7941,7
7942,7942,7
7943,7943,7
7944,7944,7
7945,7945,7
7946,7946,7
7947,7947,7
7948,7948,7
7949,7949,7
7950,7950,7
7951,7951,7
7952,7952,7
7953,7953,7
7954,7954,7
7955,7955,7
7956,7956,7
7957,7957,7
7958,7958,7
7959,7959,7
7960,7960,7
7961,7961,7
7962,7962,7
7963,7963,7
7964,7964,7
7965,7965,7
7966,7966,7
7967,7967,7
7968,7968,7
7969,7969,7
7970,7970,7
7971,7971,7
7972,7972,7
7973,7973,7
7974,7974,7
7975,7975,7
7976,7976,7
7977,7977,7
7978,7978,7
7979,7979,7
7980,7980,7
7981,7981,7
7982,7982,7
7983,7983,7
7984,7984,7
7985,7985,7
7986,7986,7
7987,7987,7
7988,7988,7
7989,7989,7
7990,7990,7
7991,7991,7
7992,7992,7
7993,7993,7
7994,7994,7
7995,7995,7
7996,7996,7
7997,7997,7
7998,7998,7
7999,7999,7
8000,8000,7
8001,8001,7
8002,8002,7
8003,8003,7
8004,8004,7
8005,8005,7
8006,8006,7
8007,8007,7
8008,8008,7
8009,8009,7
8010,8010,7
8011,8011,7
8012,8012,7
8013,8013,7
8014,8014,7
8015,8015,7
8016,8016,7
8017,8017,7
8018,8018,7
8019,8019,7
8020,8020,7
8021,8021,7
8022,8022,7
8023,8023,7
8024,8024,7
8025,8025,7
8026,8026,7
8027,8027,7
8028,8028,7
8029,8029,7
8030,8030,7
8031,8031,7
8032,8032,7
8033,8033,7
8034,8034,7
8035,8035,7
8036,8036,7
8037,8037,7
8038,8038,7
8039,8039,7
8040,8040,7
8041,8041,7
8042,8042,7
8043,8043,7
8044,8044,7
8045,8045,7
8046,8046,7
8047,8047,7
8048,8048,7
8049,8049,7
8050,8050,7
8051,8051,7
8052,8052,7
8053,8053,7
8054,8054,7
8055,8055,7
8056,8056,7
8057,8057,7
8058,8058,7
8059,8059,7
8060,8060,7
8061,8061,7
8062,8062,7
8063,8063,7
8064,8064,7
8065,8065,7
8066,8066,7
8067,8067,7
8068,8068,7
8069,8069,7
8070,8070,7
8071,8071,7
8072,8072,7
8073,8073,7
8074,8074,7
8075,8075,7
8076,8076,7
8077,8077,7
8078,8078,7
8079,8079,7
8080,8080,7
8081,8081,7
8082,8082,7
8083,8083,7
8084,8084,7
8085,8085,7
8086,8086,7
8087,8087,7
8088,8088,7
8089,8089,7
8090,8090,7
8091,8091,7
8092,8092,7
8093,8093,7
8094,8094,7
8095,8095,7
8096,8096,7
8097,8097,7
8098,8098,7
8099,8099,7
8100,8100,7
8101,8101,7
8102,8102,7
8103,8103,7
8104,8104,7
8105,8105,7
8106,8106,7
8107,8107,7
8108,8108,7
8109,8109,7
8110,8110,7
8111,8111,7
8112,8112,7
8113,8113,7
8114,8114,7
8115,8115,7
8116,8116,7
8117,8117,7
8118,8118,7
8119,8119,7
8120,8120,7
8121,8121,7
8122,8122,7
8123,8123,7
8124,8124,7
8125,8125,7
8126,8126,7
8127,8127,7
8128,8128,7
8129,8129,7
8130,8130,7
8131,8131,7
8132,8132,7
8133,8133,7
8134,8134,7
8135,8135,7
8136,8136,7
8137,8137,7
8138,8138,7
8139,8139,7
8140,8140,7
8141,8141,7
8142,8142,7
8143,8143,7
8144,8144,7
8145,8145,7
8146,8146,7
8147,8147,7
8148,8148,7
8149,8149,7
8150,8150,7
8151,8151,7
8152,8152,7
8153,8153,7
8154,8154,7
8155,8155,7
8156,8156,7
8157,8157,7
8158,8158,7
8159,8159,7
8160,8160,7
8161,8161,7
8162,8162,7
8163,8163,7
8164,8164,7
8165,8165,7
8166,8166,7
8167,8167,7
8168,8168,7
8169,8169,7
8170,8170,7
8171,8171,7
8172,8172,7
8173,8173,7
8174,8174,7
8175,8175,7
8176,8176,7
8177,8177,7
8178,8178,7
8179,8179,7
8180,8180,7
8181,8181,7
8182,8182,7
8183,8183,7
8184,8184,7
8185,8185,7
8186,8186,7
8187,8187,7
8188,8188,7
8189,8189,7
8190,8190,7
8191,8191,7
8192,8192,7
8193,8193,7
8194,8194,7
8195,8195,7
8196,8196,7
8197,8197,7
8198,8198,7
8199,8199,7
8200,8200,7
8201,8201,7
8202,8202,7
8203,8203,7
8204,8204,7
8205,8205,7
8206,8206,7
8207,8207,7
8208,8208,7
8209,8209,7
8210,8210,7
8211,8211,7
8212,8212,6
8213,8213,6
8214,8214,6
8215,8215,6
8216,8216,6
8217,8217,8
8218,8218,8
8219,8219,8
8220,8220,8
8221,8221,8
8222,8222,6
8223,8223,6
8224,8224,6
8225,8225,6
8226,8226,6
8227,8227,8
8228,8228,8
8229,8229,6
8230,8230,8
8231,8231,6
8232,8232,6
8233,8233,8
8234,8234,8
8235,8235,8
8236,8236,6
8237,8237,8
8238,8238,8
8239,8239,8
8240,8240,8
8241,8241,8
8242,8242,8
8243,8243,8
8244,8244,6
8245,8245,6
8246,8246,8
8247,8247,8
8248,8248,8
8249,8249,8
8250,8250,8
8251,8251,7
8252,8252,7
8253,8253,7
8254,8254,7
8255,8255,7
8256,8256,7
8257,8257,7
8258,8258,7
8259,8259,7
8260,8260,7
8261,8261,7
8262,8262,7
8263,8263,7
8264,8264,7
8265,8265,7
8266,8266,7
8267,8267,7
8268,8268,7
8269,8269,7
8270,8270,7
8271,8271,7
8272,8272,7
8273,8273,7
8274,8274,7
8275,8275,7
8276,8276,7
8277,8277,7
8278,8278,7
8279,8279,7
8280,8280,7
8281,8281,7
8282,8282,7
8283,8283,7
8284,8284,7
8285,8285,7
8286,8286,7
8287,8287,7
8288,8288,7
8289,8289,7
8290,8290,7
8291,8291,7
8292,8292,7
8293,8293,7
8294,8294,7
8295,8295,7
8296,8296,7
8297,8297,7
8298,8298,7
8299,8299,7
8300,8300,7
8301,8301,7
8302,8302,7
8303,8303,7
8304,8304,7
8305,8305,7
8306,8306,7
8307,8307,7
8308,8308,7
8309,8309,7
8310,8310,7
8311,8311,7
8312,8312,7
8313,8313,7
8314,8314,7
8315,8315,7
8316,8316,7
8317,8317,7
8318,8318,7
8319,8319,2
8320,8320,2
8321,8321,2
8322,8322,2
8323,8323,2
8324,8324,2
8325,8325,2
8326,8326,2
8327,8327,2
8328,8328,2
8329,8329,2
8330,8330,2
8331,8331,2
8332,8332,2
8333,8333,2
8334,8334,2
8335,8335,2
8336,8336,2
8337,8337,2
8338,8338,2
8339,8339,2
8340,8340,2
8341,8341,2
8342,8342,2
8343,8343,2
8344,8344,2
8345,8345,8
8346,8346,8
8347,8347,8
8348,8348,8
8349,8349,8
8350,8350,8
8351,8351,8
8352,8352,8
8353,8353,8
8354,8354,8
8355,8355,8
8356,8356,8
8357,8357,8
8358,8358,8
8359,8359,8
8360,8360,8
8361,8361,8
8362,8362,8
8363,8363,8
8364,8364,8
8365,8365,8
8366,8366,8
8367,8367,8
8368,8368,8
8369,8369,8
8370,8370,8
8371,8371,8
8372,8372,8
8373,8373,8
8374,8374,8
8375,8375,8
8376,8376,8
8377,8377,8
8378,8378,8
8379,8379,8
8380,8380,8
8381,8381,8
8382,8382,8
8383,8383,8
8384,8384,8
8385,8385,8
8386,8386,8
8387,8387,8
8388,8388,8
8389,8389,8
8390,8390,8
8391,8391,8
8392,8392,8
8393,8393,8
8394,8394,8
8395,8395,8
8396,8396,8
8397,8397,8
8398,8398,8
8399,8399,8
8400,8400,8
8401,8401,8
8402,8402,8
8403,8403,8
8404,8404,8
8405,8405,8
8406,8406,8
8407,8407,8
8408,8408,8
8409,8409,8
8410,8410,8
8411,8411,8
8412,8412,8
8413,8413,8
8414,8414,1
8415,8415,8
8416,8416,1
8417,8417,1
8418,8418,8
8419,8419,8
8420,8420,8
8421,8421,1
8422,8422,1
8423,8423,8
8424,8424,8
8425,8425,8
8426,8426,1
8427,8427,1
8428,8428,8
8429,8429,8
8430,8430,1
8431,8431,1
8432,8432,8
8433,8433,8
8434,8434,0
8435,8435,0
8436,8436,7
8437,8437,8
8438,8438,7
8439,8439,8
8440,8440,0
8441,8441,7
8442,8442,7
8443,8443,8
8444,8444,8
8445,8445,8
8446,8446,8
8447,8447,2
8448,8448,2
8449,8449,2
8450,8450,2
8451,8451,2
8452,8452,2
8453,8453,2
8454,8454,2
8455,8455,2
8456,8456,2
8457,8457,2
8458,8458,2
8459,8459,2
8460,8460,2
8461,8461,2
8462,8462,2
8463,8463,2
8464,8464,2
8465,8465,2
8466,8466,2
8467,8467,2
8468,8468,3
8469,8469,3
8470,8470,3
8471,8471,3
8472,8472,3
8473,8473,3
8474,8474,3
8475,8475,3
8476,8476,3
8477,8477,3
8478,8478,3
8479,8479,3
8480,8480,3
8481,8481,3
8482,8482,3
8483,8483,3
8484,8484,1
8485,8485,1
8486,8486,3
8487,8487,1
8488,8488,4
8489,8489,3
8490,8490,3
8491,8491,3
8492,8492,3
8493,8493,3
8494,8494,3
8495,8495,3
8496,8496,3
8497,8497,3
8498,8498,3
8499,8499,3
8500,8500,3
8501,8501,3
8502,8502,3
8503,8503,3
8504,8504,3
8505,8505,3
8506,8506,3
8507,8507,3
8508,8508,3
8509,8509,3
8510,8510,3
8511,8511,3
8512,8512,3
8513,8513,3
8514,8514,3
8515,8515,3
8516,8516,3
8517,8517,3
8518,8518,3
8519,8519,3
8520,8520,3
8521,8521,3
8522,8522,3
8523,8523,3
8524,8524,3
8525,8525,3
8526,8526,3
8527,8527,3
8528,8528,3
8529,8529,3
8530,8530,3
8531,8531,3
8532,8532,3
8533,8533,3
8534,8534,3
8535,8535,3
8536,8536,3
8537,8537,3
8538,8538,3
8539,8539,3
8540,8540,3
8541,8541,3
8542,8542,3
8543,8543,3
8544,8544,3
8545,8545,3
8546,8546,3
8547,8547,3
8548,8548,3
8549,8549,3
8550,8550,3
8551,8551,3
8552,8552,3
8553,8553,3
8554,8554,3
8555,8555,3
8556,8556,3
8557,8557,3
8558,8558,3
8559,8559,3
8560,8560,3
8561,8561,3
8562,8562,3
8563,8563,3
8564,8564,3
8565,8565,3
8566,8566,3
8567,8567,3
8568,8568,3
8569,8569,3
8570,8570,3
8571,8571,3
8572,8572,3
8573,8573,3
8574,8574,3
8575,8575,3
8576,8576,3
8577,8577,3
8578,8578,3
8579,8579,3
8580,8580,3
8581,8581,3
8582,8582,3
8583,8583,3
8584,8584,3
8585,8585,3
8586,8586,3
8587,8587,3
8588,8588,3
8589,8589,3
8590,8590,3
8591,8591,3
8592,8592,3
8593,8593,3
8594,8594,3
8595,8595,3
8596,8596,3
8597,8597,3
8598,8598,3
8599,8599,3
8600,8600,3
8601,8601,3
8602,8602,3
8603,8603,3
8604,8604,3
8605,8605,3
8606,8606,3
8607,8607,3
8608,8608,3
8609,8609,3
8610,8610,3
8611,8611,3
8612,8612,3
8613,8613,3
8614,8614,3
8615,8615,3
8616,8616,3
8617,8617,3
8618,8618,3
8619,8619,3
8620,8620,3
8621,8621,3
8622,8622,3
8623,8623,3
8624,8624,3
8625,8625,3
8626,8626,3
8627,8627,3
8628,8628,3
8629,8629,3
8630,8630,3
8631,8631,3
8632,8632,3
8633,8633,3
8634,8634,3
8635,8635,3
8636,8636,3
8637,8637,3
8638,8638,3
8639,8639,3
8640,8640,3
8641,8641,3
8642,8642,3
8643,8643,3
8644,8644,3
8645,8645,3
8646,8646,3
8647,8647,3
8648,8648,3
8649,8649,3
8650,8650,3
8651,8651,3
8652,8652,3
8653,8653,3
8654,8654,3
8655,8655,3
8656,8656,3
8657,8657,3
8658,8658,3
8659,8659,3
8660,8660,3
8661,8661,3
8662,8662,3
8663,8663,3
8664,8664,3
8665,8665,3
8666,8666,3
8667,8667,3
8668,8668,10
8669,8669,3
8670,8670,3
8671,8671,3
8672,8672,3
8673,8673,3
8674,8674,3
8675,8675,3
8676,8676,3
8677,8677,3
8678,8678,3
8679,8679,3
8680,8680,3
8681,8681,3
8682,8682,3
8683,8683,3
8684,8684,3
8685,8685,10
8686,8686,3
8687,8687,3
8688,8688,3
8689,8689,10
8690,8690,10
8691,8691,3
8692,8692,3
8693,8693,3
8694,8694,3
8695,8695,3
8696,8696,3
8697,8697,3
8698,8698,3
8699,8699,3
8700,8700,3
8701,8701,3
8702,8702,3
8703,8703,3
8704,8704,3
8705,8705,3
8706,8706,3
8707,8707,1
8708,8708,1
8709,8709,3
8710,8710,1
8711,8711,1
8712,8712,3
8713,8713,3
8714,8714,3
8715,8715,1
8716,8716,1
8717,8717,3
8718,8718,3
8719,8719,3
8720,8720,3
8721,8721,3
8722,8722,3
8723,8723,3
8724,8724,3
8725,8725,3
8726,8726,3
8727,8727,3
8728,8728,3
8729,8729,3
8730,8730,3
8731,8731,3
8732,8732,3
8733,8733,3
8734,8734,3
8735,8735,3
8736,8736,3
8737,8737,3
8738,8738,3
8739,8739,3
8740,8740,3
8741,8741,3
8742,8742,3
8743,8743,3
8744,8744,3
8745,8745,3
8746,8746,3
8747,8747,3
8748,8748,3
8749,8749,3
8750,8750,3
8751,8751,3
8752,8752,1
8753,8753,1
8754,8754,1
8755,8755,1
8756,8756,1
8757,8757,1
8758,8758,1
8759,8759,1
8760,8760,1
8761,8761,1
8762,8762,1
8763,8763,1
8764,8764,1
8765,8765,1
8766,8766,1
8767,8767,1
8768,8768,1
8769,8769,1
8770,8770,1
8771,8771,1
8772,8772,1
8773,8773,3
8774,8774,1
8775,8775,3
8776,8776,3
8777,8777,3
8778,8778,3
8779,8779,3
8780,8780,3
8781,8781,3
8782,8782,1
8783,8783,1
8784,8784,1
8785,8785,1
8786,8786,3
8787,8787,1
8788,8788,1
8789,8789,3
8790,8790,3
8791,8791,10
8792,8792,3
8793,8793,3
8794,8794,3
8795,8795,1
8796,8796,3
8797,8797,3
8798,8798,1
8799,8799,3
8800,8800,3
8801,8801,3
8802,8802,3
8803,8803,10
8804,8804,3
8805,8805,3
8806,8806,3
8807,8807,3
8808,8808,3
8809,8809,3
8810,8810,1
8811,8811,1
8812,8812,1
8813,8813,1
8814,8814,1
8815,8815,1
8816,8816,1
8817,8817,1
8818,8818,3
8819,8819,3
8820,8820,3
8821,8821,3
8822,8822,3
8823,8823,3
8824,8824,3
8825,8825,3
8826,8826,3
8827,8827,3
8828,8828,3
8829,8829,3
8830,8830,3
8831,8831,3
8832,8832,3
8833,8833,3
8834,8834,3
8835,8835,3
8836,8836,3
8837,8837,3
8838,8838,6
8839,8839,3
8840,8840,6
8841,8841,6
8842,8842,3
8843,8843,6
8844,8844,3
8845,8845,6
8846,8846,6
8847,8847,6
8848,8848,3
8849,8849,4
8850,8850,6
8851,8851,3
8852,8852,3
8853,8853,4
8854,8854,4
8855,8855,3
8856,8856,3
8857,8857,3
8858,8858,6
8859,8859,6
8860,8860,6
8861,8861,6
8862,8862,6
8863,8863,6
8864,8864,6
8865,8865,6
8866,8866,6
8867,8867,6
8868,8868,3
8869,8869,1
8870,8870,3
8871,8871,3
8872,8872,1
8873,8873,3
8874,8874,4
8875,8875,3
8876,8876,3
8877,8877,3
8878,8878,3
8879,8879,3
8880,8880,4
8881,8881,3
8882,8882,3
8883,8883,3
8884,8884,3
8885,8885,6
8886,8886,4
8887,8887,3
8888,8888,3
8889,8889,4
8890,8890,3
8891,8891,3
8892,8892,6
8893,8893,6
8894,8894,6
8895,8895,6
8896,8896,6
8897,8897,6
8898,8898,6
8899,8899,6
8900,8900,6
8901,8901,7
8902,8902,8
8903,8903,8
8904,8904,8
8905,8905,8
8906,8906,8
8907,8907,8
8908,8908,7
8909,8909,8
8910,8910,8
8911,8911,8
8912,8912,8
8913,8913,7
8914,8914,8
8915,8915,8
8916,8916,8
8917,8917,8
8918,8918,8
8919,8919,7
8920,8920,7
8921,8921,8
8922,8922,8
8923,8923,8
8924,8924,8
8925,8925,8
8926,8926,8
8927,8927,7
8928,8928,8
8929,8929,8
8930,8930,8
8931,8931,8
8932,8932,8
8933,8933,8
8934,8934,8
8935,8935,8
8936,8936,8
8937,8937,8
8938,8938,7
8939,8939,8
8940,8940,8
8941,8941,8
8942,8942,8
8943,8943,8
8944,8944,8
8945,8945,8
8946,8946,7
8947,8947,7
8948,8948,7
8949,8949,7
8950,8950,7
8951,8951,7
8952,8952,7
8953,8953,8
8954,8954,8
8955,8955,8
8956,8956,8
8957,8957,7
8958,8958,8
8959,8959,7
8960,8960,7
8961,8961,8
8962,8962,7
8963,8963,7
8964,8964,7
8965,8965,7
8966,8966,7
8967,8967,7
8968,8968,7
8969,8969,7
8970,8970,7
8971,8971,7
8972,8972,7
8973,8973,7
8974,8974,7
8975,8975,7
8976,8976,7
8977,8977,7
8978,8978,7
8979,8979,7
8980,8980,7
8981,8981,7
8982,8982,7
8983,8983,7
8984,8984,7
8985,8985,7
8986,8986,7
8987,8987,7
8988,8988,7
8989,8989,7
8990,8990,7
8991,8991,7
8992,8992,7
8993,8993,7
8994,8994,7
8995,8995,7
8996,8996,7
8997,8997,7
8998,8998,7
8999,8999,8
9000,9000,7
9001,9001,7
9002,9002,7
9003,9003,7
9004,9004,7
9005,9005,7
9006,9006,7
9007,9007,7
9008,9008,7
9009,9009,7
9010,9010,7
9011,9011,7
9012,9012,7
9013,9013,7
9014,9014,7
9015,9015,7
9016,9016,7
9017,9017,7
9018,9018,7
9019,9019,7
9020,9020,7
9021,9021,7
9022,9022,7
9023,9023,7
9024,9024,7
9025,9025,7
9026,9026,7
9027,9027,7
9028,9028,7
9029,9029,7
9030,9030,7
9031,9031,7
9032,9032,7
9033,9033,7
9034,9034,7
9035,9035,7
9036,9036,7
9037,9037,7
9038,9038,7
9039,9039,7
9040,9040,7
9041,9041,7
9042,9042,7
9043,9043,7
9044,9044,7
9045,9045,7
9046,9046,7
9047,9047,7
9048,9048,7
9049,9049,7
9050,9050,7
9051,9051,7
9052,9052,7
9053,9053,7
9054,9054,7
9055,9055,7
9056,9056,7
9057,9057,7
9058,9058,7
9059,9059,7
9060,9060,7
9061,9061,7
9062,9062,7
9063,9063,7
9064,9064,7
9065,9065,7
9066,9066,7
9067,9067,7
9068,9068,7
9069,9069,7
9070,9070,7
9071,9071,7
9072,9072,7
9073,9073,6
9074,9074,6
9075,9075,4
9076,9076,6
9077,9077,4
9078,9078,4
9079,9079,4
9080,9080,4
9081,9081,4
9082,9082,4
9083,9083,4
9084,9084,4
9085,9085,4
9086,9086,4
9087,9087,4
9088,9088,4
9089,9089,4
9090,9090,4
9091,9091,4
9092,9092,4
9093,9093,4
9094,9094,4
9095,9095,4
9096,9096,4
9097,9097,4
9098,9098,4
9099,9099,4
9100,9100,4
9101,9101,7
9102,9102,7
9103,9103,7
9104,9104,7
9105,9105,7
9106,9106,7
9107,9107,7
9108,9108,2
9109,9109,7
9110,9110,7
9111,9111,7
9112,9112,7
9113,9113,7
9114,9114,7
9115,9115,7
9116,9116,7
9117,9117,7
9118,9118,7
9119,9119,7
9120,9120,7
9121,9121,7
9122,9122,7
9123,9123,7
9124,9124,7
9125,9125,7
9126,9126,2
9127,9127,7
9128,9128,7
9129,9129,7
9130,9130,7
9131,9131,7
9132,9132,7
9133,9133,7
9134,9134,7
9135,9135,7
9136,9136,7
9137,9137,6
9138,9138,8
9139,9139,8
9140,9140,8
9141,9141,6
9142,9142,8
9143,9143,6
9144,9144,6
9145,9145,6
9146,9146,6
9147,9147,6
9148,9148,6
9149,9149,6
9150,9150,4
9151,9151,4
9152,9152,4
9153,9153,4
9154,9154,4
9155,9155,4
9156,9156,3
9157,9157,4
9158,9158,4
9159,9159,4
9160,9160,6
9161,9161,6
9162,9162,4
9163,9163,4
9164,9164,4
9165,9165,4
9166,9166,4
9167,9167,4
9168,9168,4
9169,9169,4
9170,9170,6
9171,9171,4
9172,9172,6
9173,9173,6
9174,9174,4
9175,9175,4
9176,9176,4
9177,9177,4
9178,9178,4
9179,9179,4
9180,9180,3
9181,9181,4
9182,9182,3
9183,9183,3
9184,9184,3
9185,9185,3
9186,9186,4
9187,9187,3
9188,9188,3
9189,9189,3
9190,9190,4
9191,9191,6
9192,9192,4
9193,9193,4
9194,9194,4
9195,9195,4
9196,9196,3
9197,9197,6
9198,9198,3
9199,9199,3
9200,9200,3
9201,9201,3
9202,9202,3
9203,9203,3
9204,9204,3
9205,9205,3
9206,9206,3
9207,9207,3
9208,9208,3
9209,9209,4
9210,9210,4
9211,9211,4
9212,9212,3
9213,9213,3
9214,9214,3
9215,9215,4
9216,9216,3
9217,9217,4
9218,9218,3
9219,9219,4
9220,9220,4
9221,9221,4
9222,9222,3
9223,9223,3
9224,9224,4
9225,9225,3
9226,9226,3
9227,9227,3
9228,9228,3
9229,9229,3
9230,9230,4
9231,9231,3
9232,9232,4
9233,9233,3
9234,9234,3
9235,9235,3
9236,9236,4
9237,9237,4
9238,9238,3
9239,9239,3
9240,9240,4
9241,9241,4
9242,9242,4
9243,9243,4
9244,9244,4
9245,9245,4
9246,9246,4
9247,9247,3
9248,9248,4
9249,9249,3
9250,9250,3
9251,9251,3
9252,9252,3
9253,9253,3
9254,9254,3
9255,9255,3
9256,9256,3
9257,9257,3
9258,9258,3
9259,9259,4
9260,9260,3
9261,9261,3
9262,9262,3
9263,9263,3
9264,9264,3
9265,9265,3
9266,9266,3
9267,9267,3
9268,9268,3
9269,9269,6
9270,9270,6
9271,9271,6
9272,9272,6
9273,9273,6
9274,9274,6
9275,9275,6
9276,9276,6
9277,9277,6
9278,9278,6
9279,9279,6
9280,9280,6
9281,9281,6
9282,9282,6
9283,9283,4
9284,9284,6
9285,9285,4
9286,9286,6
9287,9287,6
9288,9288,4
9289,9289,6
9290,9290,6
9291,9291,6
9292,9292,6
9293,9293,6
9294,9294,6
9295,9295,6
9296,9296,6
9297,9297,6
9298,9298,6
9299,9299,6
9300,9300,6
9301,9301,6
9302,9302,6
9303,9303,6
9304,9304,6
9305,9305,6
9306,9306,6
9307,9307,4
9308,9308,4
9309,9309,6
9310,9310,4
9311,9311,4
9312,9312,4
9313,9313,4
9314,9314,6
9315,9315,6
9316,9316,6
9317,9317,6
9318,9318,4
9319,9319,6
9320,9320,4
9321,9321,4
9322,9322,7
9323,9323,7
9324,9324,7
9325,9325,7
9326,9326,7
9327,9327,7
9328,9328,7
9329,9329,7
9330,9330,7
9331,9331,7
9332,9332,7
9333,9333,7
9334,9334,7
9335,9335,7
9336,9336,7
9337,9337,7
9338,9338,7
9339,9339,7
9340,9340,7
9341,9341,7
9342,9342,7
9343,9343,7
9344,9344,7
9345,9345,7
9346,9346,7
9347,9347,7
9348,9348,7
9349,9349,7
9350,9350,7
9351,9351,7
9352,9352,7
9353,9353,7
9354,9354,7
9355,9355,7
9356,9356,7
9357,9357,7
9358,9358,7
9359,9359,7
9360,9360,7
9361,9361,7
9362,9362,7
9363,9363,7
9364,9364,7
9365,9365,7
9366,9366,7
9367,9367,7
9368,9368,7
9369,9369,7
9370,9370,7
9371,9371,7
9372,9372,7
9373,9373,7
9374,9374,7
9375,9375,7
9376,9376,7
9377,9377,7
9378,9378,7
9379,9379,7
9380,9380,7
9381,9381,7
9382,9382,7
9383,9383,7
9384,9384,7
9385,9385,7
9386,9386,7
9387,9387,7
9388,9388,7
9389,9389,7
9390,9390,7
9391,9391,7
9392,9392,7
9393,9393,7
9394,9394,7
9395,9395,7
9396,9396,7
9397,9397,7
9398,9398,7
9399,9399,7
9400,9400,7
9401,9401,7
9402,9402,7
9403,9403,7
9404,9404,7
9405,9405,7
9406,9406,7
9407,9407,7
9408,9408,7
9409,9409,7
9410,9410,3
9411,9411,3
9412,9412,3
9413,9413,6
9414,9414,6
9415,9415,6
9416,9416,6
9417,9417,6
9418,9418,6
9419,9419,6
9420,9420,6
9421,9421,6
9422,9422,6
9423,9423,6
9424,9424,6
9425,9425,6
9426,9426,6
9427,9427,6
9428,9428,6
9429,9429,6
9430,9430,6
9431,9431,6
9432,9432,6
9433,9433,6
9434,9434,6
9435,9435,6
9436,9436,6
9437,9437,6
9438,9438,6
9439,9439,6
9440,9440,6
9441,9441,6
9442,9442,6
9443,9443,6
9444,9444,6
9445,9445,6
9446,9446,6
9447,9447,6
9448,9448,6
9449,9449,6
9450,9450,6
9451,9451,1
9452,9452,6
9453,9453,1
9454,9454,1
9455,9455,6
9456,9456,1
9457,9457,6
9458,9458,1
9459,9459,1
9460,9460,6
9461,9461,1
9462,9462,1
9463,9463,1
9464,9464,1
9465,9465,1
9466,9466,1
9467,9467,1
9468,9468,1
9469,9469,1
9470,9470,1
9471,9471,1
9472,9472,6
9473,9473,1
9474,9474,1
9475,9475,1
9476,9476,1
9477,9477,1
9478,9478,1
9479,9479,1
9480,9480,1
9481,9481,1
9482,9482,1
9483,9483,1
9484,9484,1
9485,9485,1
9486,9486,1
9487,9487,1
9488,9488,1
9489,9489,1
9490,9490,1
9491,9491,1
9492,9492,1
9493,9493,1
9494,9494,1
9495,9495,1
9496,9496,1
9497,9497,4
9498,9498,4
9499,9499,4
9500,9500,4
9501,9501,4
9502,9502,4
9503,9503,4
9504,9504,4
9505,9505,4
9506,9506,4
9507,9507,4
9508,9508,4
9509,9509,4
9510,9510,4
9511,9511,3
9512,9512,3
9513,9513,3
9514,9514,3
9515,9515,3
9516,9516,3
9517,9517,3
9518,9518,3
9519,9519,3
9520,9520,3
9521,9521,3
9522,9522,3
9523,9523,3
9524,9524,3
9525,9525,3
9526,9526,3
9527,9527,3
9528,9528,3
9529,9529,3
9530,9530,3
9531,9531,3
9532,9532,3
9533,9533,3
9534,9534,3
9535,9535,3
9536,9536,3
9537,9537,3
9538,9538,3
9539,9539,3
9540,9540,3
9541,9541,3
9542,9542,3
9543,9543,3
9544,9544,3
9545,9545,3
9546,9546,3
9547,9547,3
9548,9548,3
9549,9549,3
9550,9550,3
9551,9551,3
9552,9552,3
9553,9553,3
9554,9554,3
9555,9555,3
9556,9556,3
9557,9557,3
9558,9558,3
9559,9559,3
9560,9560,3
9561,9561,3
9562,9562,3
9563,9563,3
9564,9564,3
9565,9565,3
9566,9566,3
9567,9567,3
9568,9568,3
9569,9569,3
9570,9570,3
9571,9571,3
9572,9572,3
9573,9573,3
9574,9574,4
9575,9575,4
9576,9576,4
9577,9577,4
9578,9578,4
9579,9579,4
9580,9580,4
9581,9581,4
9582,9582,4
9583,9583,4
9584,9584,4
9585,9585,4
9586,9586,4
9587,9587,4
9588,9588,4
9589,9589,4
9590,9590,4
9591,9591,4
9592,9592,4
9593,9593,4
9594,9594,3
9595,9595,10
9596,9596,3
9597,9597,1
9598,9598,10
9599,9599,10
9600,9600,1
9601,9601,1
9602,9602,3
9603,9603,1
9604,9604,4
9605,9605,4
9606,9606,4
9607,9607,4
9608,9608,4
9609,9609,4
9610,9610,4
9611,9611,4
9612,9612,4
9613,9613,1
9614,9614,4
9615,9615,4
9616,9616,4
9617,9617,4
9618,9618,4
9619,9619,4
9620,9620,4
9621,9621,4
9622,9622,4
9623,9623,4
9624,9624,1
9625,9625,1
9626,9626,1
9627,9627,1
9628,9628,1
9629,9629,1
9630,9630,1
9631,9631,10
9632,9632,1
9633,9633,1
9634,9634,4
9635,9635,4
9636,9636,4
9637,9637,4
9638,9638,1
9639,9639,1
9640,9640,1
9641,9641,1
9642,9642,1
9643,9643,1
9644,9644,10
9645,9645,10
9646,9646,1
9647,9647,6
9648,9648,6
9649,9649,6
9650,9650,6
9651,9651,6
9652,9652,6
9653,9653,6
9654,9654,6
9655,9655,6
9656,9656,6
9657,9657,6
9658,9658,6
9659,9659,6
9660,9660,6
9661,9661,6
9662,9662,6
9663,9663,6
9664,9664,8
9665,9665,8
9666,9666,8
9667,9667,8
9668,9668,8
9669,9669,8
9670,9670,8
9671,9671,8
9672,9672,8
9673,9673,8
9674,9674,8
9675,9675,8
9676,9676,1
9677,9677,8
9678,9678,1
9679,9679,1
9680,9680,1
9681,9681,1
9682,9682,1
9683,9683,8
9684,9684,1
9685,9685,8
9686,9686,8
9687,9687,8
9688,9688,8
9689,9689,8
9690,9690,8
9691,9691,6
9692,9692,6
9693,9693,6
9694,9694,6
9695,9695,6
9696,9696,6
9697,9697,6
9698,9698,6
9699,9699,6
9700,9700,6
9701,9701,6
9702,9702,6
9703,9703,6
9704,9704,6
9705,9705,6
9706,9706,6
9707,9707,1
9708,9708,8
9709,9709,1
9710,9710,1
9711,9711,1
9712,9712,1
9713,9713,1
9714,9714,1
9715,9715,1
9716,9716,1
9717,9717,1
9718,9718,1
9719,9719,1
9720,9720,1
9721,9721,8
9722,9722,1
9723,9723,1
9724,9724,1
9725,9725,1
9726,9726,1
9727,9727,8
9728,9728,1
9729,9729,1
9730,9730,1
9731,9731,1
9732,9732,1
9733,9733,1
9734,9734,1
9735,9735,1
9736,9736,1
9737,9737,1
9738,9738,1
9739,9739,1
9740,9740,1
9741,9741,8
9742,9742,1
9743,9743,1
9744,9744,1
9745,9745,8
9746,9746,8
9747,9747,8
9748,9748,8
9749,9749,8
9750,9750,8
9751,9751,8
9752,9752,8
9753,9753,8
9754,9754,8
9755,9755,8
9756,9756,8
9757,9757,8
9758,9758,8
9759,9759,8
9760,9760,8
9761,9761,8
9762,9762,8
9763,9763,8
9764,9764,8
9765,9765,8
9766,9766,8
9767,9767,8
9768,9768,8
9769,9769,8
9770,9770,8
9771,9771,8
9772,9772,8
9773,9773,8
9774,9774,8
9775,9775,8
9776,9776,8
9777,9777,8
9778,9778,8
9779,9779,8
9780,9780,8
9781,9781,8
9782,9782,8
9783,9783,8
9784,9784,8
9785,9785,8
9786,9786,8
9787,9787,8
9788,9788,8
9789,9789,8
9790,9790,8
9791,9791,8
9792,9792,8
9793,9793,8
9794,9794,8
9795,9795,8
9796,9796,8
9797,9797,8
9798,9798,8
9799,9799,8
9800,9800,8
9801,9801,8
9802,9802,8
9803,9803,8
9804,9804,8
9805,9805,8
9806,9806,8
9807,9807,8
9808,9808,8
9809,9809,8
9810,9810,8
9811,9811,8
9812,9812,8
9813,9813,8
9814,9814,8
9815,9815,8
9816,9816,8
9817,9817,8
9818,9818,8
9819,9819,8
9820,9820,8
9821,9821,8
9822,9822,8
9823,9823,8
9824,9824,8
9825,9825,8
9826,9826,8
9827,9827,8
9828,9828,8
9829,9829,8
9830,9830,8
9831,9831,8
9832,9832,8
9833,9833,8
9834,9834,8
9835,9835,8
9836,9836,8
9837,9837,8
9838,9838,8
9839,9839,8
9840,9840,8
9841,9841,8
9842,9842,7
9843,9843,7
9844,9844,7
9845,9845,7
9846,9846,7
9847,9847,7
9848,9848,7
9849,9849,7
9850,9850,7
9851,9851,7
9852,9852,7
9853,9853,7
9854,9854,7
9855,9855,7
9856,9856,7
9857,9857,7
9858,9858,7
9859,9859,7
9860,9860,7
9861,9861,7
9862,9862,7
9863,9863,7
9864,9864,7
9865,9865,7
9866,9866,7
9867,9867,7
9868,9868,2
9869,9869,2
9870,9870,2
9871,9871,2
9872,9872,2
9873,9873,2
9874,9874,2
9875,9875,2
9876,9876,2
9877,9877,2
9878,9878,2
9879,9879,7
9880,9880,7
9881,9881,7
9882,9882,7
9883,9883,7
9884,9884,7
9885,9885,7
9886,9886,7
9887,9887,7
9888,9888,7
9889,9889,7
9890,9890,7
9891,9891,7
9892,9892,7
9893,9893,7
9894,9894,7
9895,9895,7
9896,9896,7
9897,9897,7
9898,9898,7
9899,9899,7
9900,9900,7
9901,9901,7
9902,9902,7
9903,9903,7
9904,9904,7
9905,9905,7
9906,9906,7
9907,9907,7
9908,9908,7
9909,9909,7
9910,9910,7
9911,9911,7
9912,9912,7
9913,9913,7
9914,9914,7
9915,9915,7
9916,9916,7
9917,9917,7
9918,9918,7
9919,9919,7
9920,9920,7
9921,9921,7
9922,9922,7
9923,9923,7
9924,9924,7
9925,9925,7
9926,9926,7
9927,9927,7
9928,9928,7
9929,9929,7
9930,9930,7
9931,9931,7
9932,9932,7
9933,9933,7
9934,9934,7
9935,9935,7
9936,9936,7
9937,9937,7
9938,9938,7
9939,9939,7
9940,9940,7
9941,9941,7
9942,9942,7
9943,9943,7
9944,9944,7
9945,9945,7
9946,9946,7
9947,9947,7
9948,9948,8
9949,9949,8
9950,9950,8
9951,9951,8
9952,9952,8
9953,9953,8
9954,9954,8
9955,9955,8
9956,9956,8
9957,9957,8
9958,9958,8
9959,9959,8
9960,9960,8
9961,9961,8
9962,9962,8
9963,9963,8
9964,9964,8
9965,9965,8
9966,9966,8
9967,9967,8
9968,9968,8
9969,9969,8
9970,9970,8
9971,9971,8
9972,9972,8
9973,9973,8
9974,9974,8
9975,9975,8
9976,9976,8
9977,9977,8
9978,9978,8
9979,9979,8
9980,9980,8
9981,9981,8
9982,9982,8
9983,9983,8
9984,9984,8
9985,9985,8
9986,9986,8
9987,9987,8
9988,9988,8
9989,9989,8
9990,9990,8
9991,9991,8
9992,9992,8
9993,9993,8
9994,9994,8
9995,9995,8
9996,9996,8
9997,9997,8
9998,9998,8
9999,9999,8
10000,10000,8
10001,10001,8
10002,10002,8
10003,10003,8
10004,10004,8
10005,10005,8
10006,10006,8
10007,10007,8
10008,10008,8
10009,10009,8
10010,10010,8
10011,10011,8
10012,10012,8
10013,10013,8
10014,10014,8
10015,10015,8
10016,10016,8
10017,10017,8
10018,10018,8
10019,10019,8
10020,10020,8
10021,10021,8
10022,10022,8
10023,10023,8
10024,10024,8
10025,10025,8
10026,10026,8
10027,10027,8
10028,10028,8
10029,10029,8
10030,10030,8
10031,10031,8
10032,10032,8
10033,10033,8
10034,10034,8
10035,10035,8
10036,10036,8
10037,10037,8
10038,10038,8
10039,10039,8
10040,10040,8
10041,10041,8
10042,10042,8
10043,10043,8
10044,10044,8
10045,10045,8
10046,10046,8
10047,10047,8
10048,10048,8
10049,10049,8
10050,10050,8
10051,10051,8
10052,10052,8
10053,10053,8
10054,10054,8
10055,10055,8
10056,10056,8
10057,10057,2
10058,10058,2
10059,10059,2
10060,10060,2
10061,10061,2
10062,10062,2
10063,10063,2
10064,10064,2
10065,10065,2
10066,10066,2
10067,10067,6
10068,10068,8
10069,10069,6
10070,10070,8
10071,10071,6
10072,10072,6
10073,10073,6
10074,10074,6
10075,10075,6
10076,10076,6
10077,10077,6
10078,10078,6
10079,10079,6
10080,10080,6
10081,10081,6
10082,10082,6
10083,10083,6
10084,10084,6
10085,10085,6
10086,10086,6
10087,10087,6
10088,10088,6
10089,10089,6
10090,10090,6
10091,10091,6
10092,10092,6
10093,10093,6
10094,10094,6
10095,10095,6
10096,10096,6
10097,10097,6
10098,10098,6
10099,10099,6
10100,10100,6
10101,10101,6
10102,10102,6
10103,10103,6
10104,10104,6
10105,10105,6
10106,10106,6
10107,10107,6
10108,10108,6
10109,10109,6
10110,10110,6
10111,10111,6
10112,10112,6
10113,10113,6
10114,10114,6
10115,10115,6
10116,10116,6
10117,10117,6
10118,10118,6
10119,10119,6
10120,10120,6
10121,10121,6
10122,10122,6
10123,10123,6
10124,10124,6
10125,10125,6
10126,10126,6
10127,10127,6
10128,10128,6
10129,10129,6
10130,10130,6
10131,10131,6
10132,10132,6
10133,10133,6
10134,10134,1
10135,10135,6
10136,10136,6
10137,10137,6
10138,10138,6
10139,10139,6
10140,10140,6
10141,10141,6
10142,10142,6
10143,10143,6
10144,10144,6
10145,10145,6
10146,10146,6
10147,10147,6
10148,10148,6
10149,10149,6
10150,10150,6
10151,10151,6
10152,10152,6
10153,10153,6
10154,10154,6
10155,10155,6
10156,10156,6
10157,10157,1
10158,10158,6
10159,10159,1
10160,10160,6
10161,10161,1
10162,10162,6
10163,10163,6
10164,10164,6
10165,10165,6
10166,10166,6
10167,10167,6
10168,10168,6
10169,10169,6
10170,10170,6
10171,10171,6
10172,10172,6
10173,10173,6
10174,10174,6
10175,10175,1
10176,10176,1
10177,10177,3
10178,10178,3
10179,10179,3
10180,10180,3
10181,10181,3
10182,10182,6
10183,10183,6
10184,10184,6
10185,10185,3
10186,10186,3
10187,10187,6
10188,10188,6
10189,10189,6
10190,10190,3
10191,10191,3
10192,10192,6
10193,10193,3
10194,10194,6
10195,10195,6
10196,10196,6
10197,10197,6
10198,10198,6
10199,10199,6
10200,10200,6
10201,10201,6
10202,10202,6
10203,10203,6
10204,10204,6
10205,10205,6
10206,10206,6
10207,10207,6
10208,10208,6
10209,10209,3
10210,10210,6
10211,10211,3
10212,10212,3
10213,10213,3
10214,10214,3
10215,10215,3
10216,10216,3
10217,10217,6
10218,10218,6
10219,10219,6
10220,10220,6
10221,10221,6
10222,10222,6
10223,10223,6
10224,10224,6
10225,10225,6
10226,10226,6
10227,10227,3
10228,10228,6
10229,10229,3
10230,10230,6
10231,10231,6
10232,10232,6
10233,10233,6
10234,10234,6
10235,10235,6
10236,10236,6
10237,10237,6
10238,10238,6
10239,10239,6
10240,10240,6
10241,10241,6
10242,10242,6
10243,10243,6
10244,10244,6
10245,10245,6
10246,10246,6
10247,10247,3
10248,10248,3
10249,10249,3
10250,10250,3
10251,10251,3
10252,10252,3
10253,10253,3
10254,10254,3
10255,10255,3
10256,10256,3
10257,10257,3
10258,10258,3
10259,10259,3
10260,10260,3
10261,10261,3
10262,10262,3
10263,10263,3
10264,10264,3
10265,10265,3
10266,10266,3
10267,10267,3
10268,10268,3
10269,10269,3
10270,10270,6
10271,10271,3
10272,10272,6
10273,10273,3
10274,10274,6
10275,10275,6
10276,10276,6
10277,10277,3
10278,10278,3
10279,10279,3
10280,10280,3
10281,10281,3
10282,10282,3
10283,10283,3
10284,10284,3
10285,10285,3
10286,10286,3
10287,10287,6
10288,10288,6
10289,10289,3
10290,10290,3
10291,10291,6
10292,10292,6
10293,10293,3
10294,10294,6
10295,10295,6
10296,10296,3
10297,10297,6
10298,10298,3
10299,10299,6
10300,10300,6
10301,10301,6
10302,10302,6
10303,10303,6
10304,10304,6
10305,10305,6
10306,10306,6
10307,10307,6
10308,10308,6
10309,10309,6
10310,10310,6
10311,10311,6
10312,10312,6
10313,10313,6
10314,10314,0
10315,10315,6
10316,10316,0
10317,10317,0
10318,10318,0
10319,10319,6
10320,10320,0
10321,10321,4
10322,10322,4
10323,10323,4
10324,10324,4
10325,10325,4
10326,10326,4
10327,10327,4
10328,10328,8
10329,10329,4
10330,10330,6
10331,10331,4
10332,10332,4
10333,10333,4
10334,10334,4
10335,10335,8
10336,10336,6
10337,10337,6
10338,10338,6
10339,10339,6
10340,10340,6
10341,10341,4
10342,10342,8
10343,10343,6
10344,10344,6
10345,10345,6
10346,10346,4
10347,10347,6
10348,10348,6
10349,10349,6
10350,10350,4
10351,10351,4
10352,10352,4
10353,10353,4
10354,10354,4
10355,10355,4
10356,10356,4
10357,10357,4
10358,10358,6
10359,10359,4
10360,10360,4
10361,10361,4
10362,10362,4
10363,10363,4
10364,10364,6
10365,10365,6
10366,10366,6
10367,10367,6
10368,10368,8
10369,10369,8
10370,10370,8
10371,10371,8
10372,10372,8
10373,10373,8
10374,10374,8
10375,10375,8
10376,10376,8
10377,10377,8
10378,10378,8
10379,10379,8
10380,10380,8
10381,10381,8
10382,10382,8
10383,10383,2
10384,10384,2
10385,10385,2
10386,10386,2
10387,10387,2
10388,10388,2
10389,10389,2
10390,10390,2
10391,10391,2
10392,10392,2
10393,10393,2
10394,10394,2
10395,10395,2
10396,10396,2
10397,10397,2
10398,10398,2
10399,10399,2
10400,10400,2
10401,10401,2
10402,10402,2
10403,10403,2
10404,10404,2
10405,10405,2
10406,10406,2
10407,10407,2
10408,10408,2
10409,10409,2
10410,10410,2
10411,10411,2
10412,10412,2
10413,10413,2
10414,10414,2
10415,10415,2
10416,10416,2
10417,10417,2
10418,10418,2
10419,10419,2
10420,10420,2
10421,10421,2
10422,10422,2
10423,10423,2
10424,10424,2
10425,10425,2
10426,10426,2
10427,10427,2
10428,10428,2
10429,10429,2
10430,10430,2
10431,10431,2
10432,10432,2
10433,10433,2
10434,10434,2
10435,10435,6
10436,10436,6
10437,10437,6
10438,10438,6
10439,10439,6
10440,10440,6
10441,10441,6
10442,10442,6
10443,10443,6
10444,10444,6
10445,10445,6
10446,10446,6
10447,10447,6
10448,10448,6
10449,10449,6
10450,10450,6
10451,10451,6
10452,10452,6
10453,10453,6
10454,10454,6
10455,10455,6
10456,10456,6
10457,10457,6
10458,10458,6
10459,10459,6
10460,10460,6
10461,10461,6
10462,10462,6
10463,10463,6
10464,10464,6
10465,10465,6
10466,10466,6
10467,10467,6
10468,10468,6
10469,10469,6
10470,10470,6
10471,10471,6
10472,10472,6
10473,10473,6
10474,10474,6
10475,10475,6
10476,10476,6
10477,10477,6
10478,10478,6
10479,10479,6
10480,10480,6
10481,10481,6
10482,10482,6
10483,10483,6
10484,10484,6
10485,10485,6
10486,10486,6
10487,10487,6
10488,10488,6
10489,10489,6
10490,10490,6
10491,10491,6
10492,10492,6
10493,10493,6
10494,10494,6
10495,10495,6
10496,10496,6
10497,10497,6
10498,10498,6
10499,10499,6
10500,10500,6
10501,10501,6
10502,10502,6
10503,10503,6
10504,10504,6
10505,10505,6
10506,10506,6
10507,10507,6
10508,10508,6
10509,10509,6
10510,10510,6
10511,10511,6
10512,10512,6
10513,10513,6
10514,10514,6
10515,10515,6
10516,10516,6
10517,10517,6
10518,10518,6
10519,10519,6
10520,10520,6
10521,10521,6
10522,10522,6
10523,10523,6
10524,10524,6
10525,10525,6
10526,10526,6
10527,10527,6
10528,10528,6
10529,10529,6
10530,10530,6
10531,10531,6
10532,10532,6
10533,10533,6
10534,10534,6
10535,10535,6
10536,10536,6
10537,10537,6
10538,10538,6
10539,10539,6
10540,10540,6
10541,10541,6
10542,10542,6
10543,10543,6
10544,10544,6
10545,10545,6
10546,10546,6
10547,10547,6
10548,10548,6
10549,10549,6
10550,10550,6
10551,10551,6
10552,10552,6
10553,10553,6
10554,10554,6
10555,10555,6
10556,10556,6
10557,10557,6
10558,10558,6
10559,10559,6
10560,10560,6
10561,10561,6
10562,10562,6
10563,10563,6
10564,10564,6
10565,10565,6
10566,10566,6
10567,10567,6
10568,10568,6
10569,10569,6
10570,10570,6
10571,10571,6
10572,10572,6
10573,10573,6
10574,10574,6
10575,10575,6
10576,10576,6
10577,10577,6
10578,10578,6
10579,10579,6
10580,10580,6
10581,10581,6
10582,10582,6
10583,10583,6
10584,10584,6
10585,10585,6
10586,10586,6
10587,10587,6
10588,10588,6
10589,10589,6
10590,10590,6
10591,10591,6
10592,10592,6
10593,10593,6
10594,10594,6
10595,10595,6
10596,10596,6
10597,10597,6
10598,10598,6
10599,10599,6
10600,10600,6
10601,10601,6
10602,10602,6
10603,10603,8
10604,10604,8
10605,10605,8
10606,10606,8
10607,10607,6
10608,10608,6
10609,10609,6
10610,10610,6
10611,10611,6
10612,10612,6
10613,10613,6
10614,10614,6
10615,10615,6
10616,10616,6
10617,10617,6
10618,10618,6
10619,10619,6
10620,10620,6
10621,10621,6
10622,10622,6
10623,10623,6
10624,10624,6
10625,10625,6
10626,10626,6
10627,10627,6
10628,10628,6
10629,10629,6
10630,10630,6
10631,10631,6
10632,10632,6
10633,10633,6
10634,10634,6
10635,10635,6
10636,10636,6
10637,10637,6
10638,10638,6
10639,10639,6
10640,10640,6
10641,10641,6
10642,10642,6
10643,10643,6
10644,10644,6
10645,10645,6
10646,10646,6
10647,10647,6
10648,10648,6
10649,10649,6
10650,10650,6
10651,10651,6
10652,10652,6
10653,10653,6
10654,10654,6
10655,10655,6
10656,10656,6
10657,10657,6
10658,10658,6
10659,10659,6
10660,10660,6
10661,10661,6
10662,10662,6
10663,10663,6
10664,10664,6
10665,10665,6
10666,10666,6
10667,10667,6
10668,10668,6
10669,10669,6
10670,10670,6
10671,10671,6
10672,10672,6
10673,10673,6
10674,10674,6
10675,10675,6
10676,10676,6
10677,10677,6
10678,10678,6
10679,10679,6
10680,10680,6
10681,10681,6
10682,10682,6
10683,10683,6
10684,10684,6
10685,10685,6
10686,10686,6
10687,10687,6
10688,10688,6
10689,10689,8
10690,10690,6
10691,10691,6
10692,10692,6
10693,10693,6
10694,10694,6
10695,10695,6
10696,10696,6
10697,10697,8
10698,10698,8
10699,10699,8
10700,10700,8
10701,10701,8
10702,10702,8
10703,10703,6
10704,10704,8
10705,10705,8
10706,10706,6
10707,10707,8
10708,10708,6
10709,10709,6
10710,10710,6
10711,10711,8
10712,10712,8
10713,10713,8
10714,10714,8
10715,10715,8
10716,10716,8
10717,10717,8
10718,10718,8
10719,10719,8
10720,10720,8
10721,10721,8
10722,10722,8
10723,10723,8
10724,10724,8
10725,10725,8
10726,10726,8
10727,10727,8
10728,10728,8
10729,10729,8
10730,10730,8
10731,10731,8
10732,10732,8
10733,10733,8
10734,10734,8
10735,10735,8
10736,10736,8
10737,10737,8
10738,10738,8
10739,10739,8
10740,10740,8
10741,10741,8
10742,10742,8
10743,10743,8
10744,10744,8
10745,10745,8
10746,10746,8
10747,10747,8
10748,10748,8
10749,10749,8
10750,10750,6
10751,10751,6
10752,10752,6
10753,10753,6
10754,10754,6
10755,10755,6
10756,10756,6
10757,10757,6
10758,10758,6
10759,10759,6
10760,10760,6
10761,10761,6
10762,10762,6
10763,10763,6
10764,10764,6
10765,10765,6
10766,10766,6
10767,10767,6
10768,10768,6
10769,10769,6
10770,10770,6
10771,10771,6
10772,10772,6
10773,10773,6
10774,10774,6
10775,10775,6
10776,10776,6
10777,10777,6
10778,10778,6
10779,10779,6
10780,10780,6
10781,10781,8
10782,10782,8
10783,10783,6
10784,10784,8
10785,10785,8
10786,10786,6
10787,10787,6
10788,10788,6
10789,10789,6
10790,10790,6
10791,10791,6
10792,10792,6
10793,10793,6
10794,10794,6
10795,10795,6
10796,10796,6
10797,10797,6
10798,10798,6
10799,10799,6
10800,10800,6
10801,10801,6
10802,10802,6
10803,10803,6
10804,10804,6
10805,10805,6
10806,10806,6
10807,10807,6
10808,10808,6
10809,10809,6
10810,10810,6
10811,10811,6
10812,10812,6
10813,10813,6
10814,10814,6
10815,10815,6
10816,10816,6
10817,10817,6
10818,10818,6
10819,10819,6
10820,10820,6
10821,10821,8
10822,10822,8
10823,10823,8
10824,10824,8
10825,10825,8
10826,10826,8
10827,10827,8
10828,10828,8
10829,10829,8
10830,10830,8
10831,10831,8
10832,10832,1
10833,10833,1
10834,10834,1
10835,10835,1
10836,10836,1
10837,10837,1
10838,10838,6
10839,10839,6
10840,10840,6
10841,10841,1
10842,10842,1
10843,10843,1
10844,10844,1
10845,10845,1
10846,10846,1
10847,10847,6
10848,10848,6
10849,10849,6
10850,10850,6
10851,10851,1
10852,10852,1
10853,10853,6
10854,10854,6
10855,10855,6
10856,10856,6
10857,10857,6
10858,10858,6
10859,10859,6
10860,10860,6
10861,10861,1
10862,10862,6
10863,10863,6
10864,10864,6
10865,10865,6
10866,10866,6
10867,10867,6
10868,10868,6
10869,10869,6
10870,10870,6
10871,10871,6
10872,10872,6
10873,10873,6
10874,10874,6
10875,10875,6
10876,10876,6
10877,10877,6
10878,10878,6
10879,10879,6
10880,10880,6
10881,10881,6
10882,10882,6
10883,10883,6
10884,10884,6
10885,10885,6
10886,10886,6
10887,10887,6
10888,10888,6
10889,10889,6
10890,10890,6
10891,10891,6
10892,10892,6
10893,10893,6
10894,10894,6
10895,10895,6
10896,10896,6
10897,10897,6
10898,10898,6
10899,10899,6
10900,10900,6
10901,10901,6
10902,10902,6
10903,10903,1
10904,10904,1
10905,10905,1
10906,10906,1
10907,10907,1
10908,10908,1
10909,10909,1
10910,10910,1
10911,10911,1
10912,10912,8
10913,10913,1
10914,10914,1
10915,10915,1
10916,10916,1
10917,10917,1
10918,10918,1
10919,10919,1
10920,10920,1
10921,10921,1
10922,10922,1
10923,10923,1
10924,10924,8
10925,10925,8
10926,10926,8
10927,10927,8
10928,10928,8
10929,10929,8
10930,10930,6
10931,10931,8
10932,10932,8
10933,10933,8
10934,10934,1
10935,10935,8
10936,10936,1
10937,10937,1
10938,10938,1
10939,10939,8
10940,10940,8
10941,10941,8
10942,10942,8
10943,10943,8
10944,10944,8
10945,10945,8
10946,10946,8
10947,10947,1
10948,10948,1
10949,10949,1
10950,10950,1
10951,10951,1
10952,10952,1
10953,10953,6
10954,10954,6
10955,10955,6
10956,10956,6
10957,10957,6
10958,10958,6
10959,10959,6
10960,10960,6
10961,10961,6
10962,10962,6
10963,10963,6
10964,10964,6
10965,10965,6
10966,10966,6
10967,10967,6
10968,10968,6
10969,10969,6
10970,10970,6
10971,10971,6
10972,10972,6
10973,10973,6
10974,10974,6
10975,10975,6
10976,10976,6
10977,10977,6
10978,10978,6
10979,10979,6
10980,10980,6
10981,10981,6
10982,10982,6
10983,10983,6
10984,10984,6
10985,10985,6
10986,10986,6
10987,10987,6
10988,10988,6
10989,10989,6
10990,10990,6
10991,10991,1
10992,10992,1
10993,10993,1
10994,10994,6
10995,10995,6
10996,10996,6
10997,10997,6
10998,10998,6
10999,10999,6
11000,11000,6
11001,11001,6
11002,11002,6
11003,11003,6
11004,11004,1
11005,11005,1
11006,11006,6
11007,11007,1
11008,11008,1
11009,11009,1
11010,11010,1
11011,11011,1
11012,11012,1
11013,11013,1
11014,11014,1
11015,11015,1
11016,11016,1
11017,11017,1
11018,11018,1
11019,11019,1
11020,11020,1
11021,11021,1
11022,11022,1
11023,11023,1
11024,11024,1
11025,11025,1
11026,11026,1
11027,11027,1
11028,11028,1
11029,11029,1
11030,11030,1
11031,11031,1
11032,11032,6
11033,11033,1
11034,11034,1
11035,11035,1
11036,11036,1
11037,11037,1
11038,11038,6
11039,11039,6
11040,11040,6
11041,11041,6
11042,11042,6
11043,11043,6
11044,11044,6
11045,11045,6
11046,11046,1
11047,11047,1
11048,11048,1
11049,11049,6
11050,11050,6
11051,11051,6
11052,11052,1
11053,11053,1
11054,11054,1
11055,11055,6
11056,11056,6
11057,11057,6
11058,11058,6
11059,11059,6
11060,11060,6
11061,11061,6
11062,11062,6
11063,11063,6
11064,11064,6
11065,11065,6
11066,11066,6
11067,11067,6
11068,11068,6
11069,11069,6
11070,11070,6
11071,11071,6
11072,11072,6
11073,11073,6
11074,11074,6
11075,11075,6
11076,11076,1
11077,11077,1
11078,11078,1
11079,11079,6
11080,11080,6
11081,11081,6
11082,11082,6
11083,11083,6
11084,11084,6
11085,11085,1
11086,11086,6
11087,11087,6
11088,11088,6
11089,11089,6
11090,11090,6
11091,11091,6
11092,11092,6
11093,11093,6
11094,11094,6
11095,11095,6
11096,11096,6
11097,11097,6
11098,11098,6
11099,11099,6
11100,11100,6
11101,11101,6
11102,11102,6
11103,11103,6
11104,11104,6
11105,11105,6
11106,11106,6
11107,11107,6
11108,11108,6
11109,11109,6
11110,11110,6
11111,11111,6
11112,11112,1
11113,11113,6
11114,11114,1
11115,11115,1
11116,11116,1
11117,11117,1
11118,11118,1
11119,11119,6
11120,11120,6
11121,11121,6
11122,11122,6
11123,11123,6
11124,11124,6
11125,11125,6
11126,11126,6
11127,11127,6
11128,11128,6
11129,11129,6
11130,11130,6
11131,11131,6
11132,11132,6
11133,11133,6
11134,11134,6
11135,11135,6
11136,11136,6
11137,11137,6
11138,11138,6
11139,11139,6
11140,11140,6
11141,11141,6
11142,11142,6
11143,11143,8
11144,11144,6
11145,11145,6
11146,11146,8
11147,11147,8
11148,11148,8
11149,11149,8
11150,11150,8
11151,11151,8
11152,11152,8
11153,11153,8
11154,11154,8
11155,11155,8
11156,11156,8
11157,11157,8
11158,11158,8
11159,11159,8
11160,11160,8
11161,11161,8
11162,11162,8
11163,11163,8
11164,11164,8
11165,11165,8
11166,11166,8
11167,11167,8
11168,11168,8
11169,11169,8
11170,11170,8
11171,11171,8
11172,11172,8
11173,11173,8
11174,11174,8
11175,11175,8
11176,11176,6
11177,11177,6
11178,11178,6
11179,11179,6
11180,11180,6
11181,11181,6
11182,11182,6
11183,11183,6
11184,11184,6
11185,11185,6
11186,11186,1
11187,11187,1
11188,11188,1
11189,11189,6
11190,11190,1
11191,11191,6
11192,11192,6
11193,11193,6
11194,11194,6
11195,11195,6
11196,11196,6
11197,11197,6
11198,11198,6
11199,11199,6
11200,11200,6
11201,11201,6
11202,11202,6
11203,11203,6
11204,11204,6
11205,11205,6
11206,11206,6
11207,11207,8
11208,11208,8
11209,11209,8
11210,11210,8
11211,11211,8
11212,11212,8
11213,11213,8
11214,11214,8
11215,11215,0
11216,11216,0
11217,11217,0
11218,11218,8
11219,11219,8
11220,11220,0
11221,11221,8
11222,11222,8
11223,11223,8
11224,11224,8
11225,11225,8
11226,11226,8
11227,11227,8
11228,11228,8
11229,11229,8
11230,11230,8
11231,11231,8
11232,11232,8
11233,11233,8
11234,11234,8
11235,11235,8
11236,11236,8
11237,11237,8
11238,11238,8
11239,11239,8
11240,11240,8
11241,11241,8
11242,11242,8
11243,11243,8
11244,11244,8
11245,11245,8
11246,11246,8
11247,11247,8
11248,11248,8
11249,11249,8
11250,11250,8
11251,11251,8
11252,11252,8
11253,11253,8
11254,11254,8
11255,11255,8
11256,11256,8
11257,11257,8
11258,11258,8
11259,11259,8
11260,11260,8
11261,11261,8
11262,11262,8
11263,11263,8
11264,11264,8
11265,11265,8
11266,11266,8
11267,11267,8
11268,11268,8
11269,11269,8
11270,11270,8
11271,11271,8
11272,11272,8
11273,11273,2
11274,11274,2
11275,11275,2
11276,11276,2
11277,11277,2
11278,11278,2
11279,11279,8
11280,11280,8
11281,11281,8
11282,11282,8
11283,11283,8
11284,11284,8
11285,11285,8
11286,11286,8
11287,11287,8
11288,11288,8
11289,11289,8
11290,11290,8
11291,11291,8
11292,11292,8
11293,11293,6
11294,11294,8
11295,11295,8
11296,11296,8
11297,11297,8
11298,11298,8
11299,11299,8
11300,11300,8
11301,11301,8
11302,11302,8
11303,11303,8
11304,11304,8
11305,11305,8
11306,11306,8
11307,11307,8
11308,11308,8
11309,11309,8
11310,11310,8
11311,11311,8
11312,11312,8
11313,11313,8
11314,11314,8
11315,11315,8
11316,11316,8
11317,11317,8
11318,11318,8
11319,11319,8
11320,11320,8
11321,11321,8
11322,11322,8
11323,11323,7
11324,11324,7
11325,11325,7
11326,11326,2
11327,11327,7
11328,11328,7
11329,11329,2
11330,11330,2
11331,11331,2
11332,11332,2
11333,11333,2
11334,11334,6
11335,11335,6
11336,11336,6
11337,11337,6
11338,11338,8
11339,11339,6
11340,11340,8
11341,11341,8
11342,11342,8
11343,11343,6
11344,11344,6
11345,11345,6
11346,11346,6
11347,11347,6
11348,11348,6
11349,11349,6
11350,11350,6
11351,11351,8
11352,11352,6
11353,11353,2
11354,11354,2
11355,11355,2
11356,11356,2
11357,11357,2
11358,11358,7
11359,11359,7
11360,11360,7
11361,11361,7
11362,11362,7
11363,11363,7
11364,11364,7
11365,11365,7
11366,11366,7
11367,11367,7
11368,11368,7
11369,11369,7
11370,11370,7
11371,11371,7
11372,11372,7
11373,11373,7
11374,11374,7
11375,11375,7
11376,11376,7
11377,11377,7
11378,11378,7
11379,11379,7
11380,11380,7
11381,11381,7
11382,11382,7
11383,11383,7
11384,11384,7
11385,11385,7
11386,11386,7
11387,11387,7
11388,11388,7
11389,11389,7
11390,11390,7
11391,11391,7
11392,11392,7
11393,11393,7
11394,11394,7
11395,11395,7
11396,11396,7
11397,11397,7
11398,11398,8
11399,11399,8
11400,11400,8
11401,11401,8
11402,11402,8
11403,11403,8
11404,11404,8
11405,11405,8
11406,11406,8
11407,11407,8
11408,11408,8
11409,11409,8
11410,11410,8
11411,11411,8
11412,11412,8
11413,11413,8
11414,11414,8
11415,11415,3
11416,11416,3
11417,11417,3
11418,11418,3
11419,11419,3
11420,11420,3
11421,11421,3
11422,11422,3
11423,11423,3
11424,11424,3
11425,11425,3
11426,11426,3
11427,11427,3
11428,11428,3
11429,11429,3
11430,11430,3
11431,11431,3
11432,11432,3
11433,11433,3
11434,11434,3
11435,11435,3
11436,11436,3
11437,11437,3
11438,11438,3
11439,11439,3
11440,11440,3
11441,11441,3
11442,11442,3
11443,11443,3
11444,11444,3
11445,11445,3
11446,11446,3
11447,11447,3
11448,11448,3
11449,11449,3
11450,11450,3
11451,11451,3
11452,11452,3
11453,11453,3
11454,11454,3
11455,11455,3
11456,11456,3
11457,11457,3
11458,11458,3
11459,11459,3
11460,11460,3
11461,11461,3
11462,11462,3
11463,11463,3
11464,11464,3
11465,11465,3
11466,11466,3
11467,11467,3
11468,11468,3
11469,11469,3
11470,11470,3
11471,11471,3
11472,11472,3
11473,11473,3
11474,11474,3
11475,11475,3
11476,11476,3
11477,11477,3
11478,11478,3
11479,11479,3
11480,11480,3
11481,11481,3
11482,11482,3
11483,11483,3
11484,11484,3
11485,11485,3
11486,11486,3
11487,11487,3
11488,11488,3
11489,11489,3
11490,11490,3
11491,11491,3
11492,11492,3
11493,11493,3
11494,11494,3
11495,11495,3
11496,11496,3
11497,11497,3
11498,11498,3
11499,11499,3
11500,11500,3
11501,11501,3
11502,11502,3
11503,11503,3
11504,11504,9
11505,11505,9
11506,11506,9
11507,11507,9
11508,11508,9
11509,11509,9
11510,11510,9
11511,11511,9
11512,11512,9
11513,11513,9
11514,11514,9
11515,11515,9
11516,11516,9
11517,11517,9
11518,11518,9
11519,11519,9
11520,11520,9
11521,11521,9
11522,11522,9
11523,11523,3
11524,11524,9
11525,11525,9
11526,11526,9
11527,11527,9
11528,11528,9
11529,11529,9
11530,11530,9
11531,11531,9
11532,11532,3
11533,11533,3
11534,11534,9
11535,11535,9
11536,11536,9
11537,11537,9
11538,11538,9
11539,11539,9
11540,11540,9
11541,11541,3
11542,11542,9
11543,11543,3
11544,11544,3
11545,11545,9
11546,11546,3
11547,11547,3
11548,11548,3
11549,11549,3
11550,11550,3
11551,11551,3
11552,11552,3
11553,11553,3
11554,11554,3
11555,11555,3
11556,11556,3
11557,11557,3
11558,11558,3
11559,11559,3
11560,11560,3
11561,11561,3
11562,11562,3
11563,11563,3
11564,11564,3
11565,11565,3
11566,11566,3
11567,11567,3
11568,11568,3
11569,11569,3
11570,11570,3
11571,11571,3
11572,11572,3
11573,11573,3
11574,11574,3
11575,11575,3
11576,11576,10
11577,11577,10
11578,11578,10
11579,11579,10
11580,11580,10
11581,11581,10
11582,11582,10
11583,11583,3
11584,11584,10
11585,11585,10
11586,11586,10
11587,11587,10
11588,11588,10
11589,11589,10
11590,11590,10
11591,11591,10
11592,11592,10
11593,11593,10
11594,11594,10
11595,11595,10
11596,11596,10
11597,11597,3
11598,11598,10
11599,11599,10
11600,11600,10
11601,11601,10
11602,11602,10
11603,11603,10
11604,11604,3
11605,11605,3
11606,11606,3
11607,11607,3
11608,11608,3
11609,11609,3
11610,11610,3
11611,11611,3
11612,11612,3
11613,11613,3
11614,11614,3
11615,11615,3
11616,11616,3
11617,11617,3
11618,11618,3
11619,11619,3
11620,11620,3
11621,11621,3
11622,11622,3
11623,11623,3
11624,11624,3
11625,11625,3
11626,11626,3
11627,11627,3
11628,11628,3
11629,11629,3
11630,11630,3
11631,11631,3
11632,11632,3
11633,11633,10
11634,11634,3
11635,11635,3
11636,11636,3
11637,11637,3
11638,11638,3
11639,11639,3
11640,11640,3
11641,11641,3
11642,11642,3
11643,11643,3
11644,11644,3
11645,11645,3
11646,11646,10
11647,11647,10
11648,11648,10
11649,11649,3
11650,11650,10
11651,11651,10
11652,11652,10
11653,11653,10
11654,11654,10
11655,11655,3
11656,11656,3
11657,11657,3
11658,11658,3
11659,11659,3
11660,11660,3
11661,11661,3
11662,11662,3
11663,11663,10
11664,11664,10
11665,11665,10
11666,11666,10
11667,11667,8
11668,11668,8
11669,11669,8
11670,11670,8
11671,11671,8
11672,11672,8
11673,11673,8
11674,11674,8
11675,11675,8
11676,11676,8
11677,11677,8
11678,11678,8
11679,11679,8
11680,11680,8
11681,11681,8
11682,11682,8
11683,11683,8
11684,11684,8
11685,11685,8
11686,11686,8
11687,11687,8
11688,11688,8
11689,11689,8
11690,11690,8
11691,11691,8
11692,11692,8
11693,11693,8
11694,11694,8
11695,11695,8
11696,11696,8
11697,11697,8
11698,11698,1
11699,11699,1
11700,11700,10
11701,11701,10
11702,11702,10
11703,11703,10
11704,11704,10
11705,11705,10
11706,11706,10
11707,11707,10
11708,11708,10
11709,11709,1
11710,11710,10
11711,11711,10
11712,11712,10
11713,11713,10
11714,11714,10
11715,11715,10
11716,11716,10
11717,11717,10
11718,11718,10
11719,11719,10
11720,11720,10
11721,11721,10
11722,11722,10
11723,11723,10
11724,11724,10
11725,11725,10
11726,11726,10
11727,11727,10
11728,11728,10
11729,11729,10
11730,11730,10
11731,11731,10
11732,11732,10
11733,11733,10
11734,11734,10
11735,11735,10
11736,11736,10
11737,11737,10
11738,11738,10
11739,11739,10
11740,11740,10
11741,11741,10
11742,11742,10
11743,11743,10
11744,11744,10
11745,11745,8
11746,11746,8
11747,11747,8
11748,11748,8
11749,11749,8
11750,11750,8
11751,11751,8
11752,11752,8
11753,11753,8
11754,11754,8
11755,11755,8
11756,11756,8
11757,11757,8
11758,11758,8
11759,11759,8
11760,11760,8
11761,11761,8
11762,11762,8
11763,11763,8
11764,11764,8
11765,11765,8
11766,11766,8
11767,11767,8
11768,11768,8
11769,11769,8
11770,11770,8
11771,11771,8
11772,11772,8
11773,11773,8
11774,11774,8
11775,11775,8
11776,11776,8
11777,11777,8
11778,11778,8
11779,11779,8
11780,11780,8
11781,11781,8
11782,11782,8
11783,11783,8
11784,11784,8
11785,11785,8
11786,11786,8
11787,11787,8
11788,11788,8
11789,11789,8
11790,11790,8
11791,11791,8
11792,11792,8
11793,11793,8
11794,11794,8
11795,11795,8
11796,11796,8
11797,11797,8
11798,11798,8
11799,11799,10
11800,11800,10
11801,11801,10
11802,11802,10
11803,11803,10
11804,11804,10
11805,11805,10
11806,11806,10
11807,11807,10
11808,11808,10
11809,11809,10
11810,11810,10
11811,11811,10
11812,11812,10
11813,11813,10
11814,11814,10
11815,11815,10
11816,11816,10
11817,11817,10
11818,11818,10
11819,11819,10
11820,11820,10
11821,11821,10
11822,11822,10
11823,11823,10
11824,11824,10
11825,11825,10
11826,11826,10
11827,11827,10
11828,11828,10
11829,11829,10
11830,11830,10
11831,11831,10
11832,11832,10
11833,11833,8
11834,11834,8
11835,11835,8
11836,11836,8
11837,11837,8
11838,11838,8
11839,11839,8
11840,11840,8
11841,11841,8
11842,11842,8
11843,11843,3
11844,11844,3
11845,11845,3
11846,11846,3
11847,11847,3
11848,11848,3
11849,11849,3
11850,11850,3
11851,11851,3
11852,11852,3
11853,11853,3
11854,11854,3
11855,11855,3
11856,11856,3
11857,11857,3
11858,11858,3
11859,11859,3
11860,11860,3
11861,11861,3
11862,11862,3
11863,11863,3
11864,11864,3
11865,11865,3
11866,11866,3
11867,11867,3
11868,11868,3
11869,11869,3
11870,11870,3
11871,11871,3
11872,11872,3
11873,11873,3
11874,11874,3
11875,11875,3
11876,11876,3
11877,11877,3
11878,11878,3
11879,11879,3
11880,11880,3
11881,11881,3
11882,11882,3
11883,11883,3
11884,11884,3
11885,11885,3
11886,11886,3
11887,11887,10
11888,11888,10
11889,11889,10
11890,11890,10
11891,11891,10
11892,11892,10
11893,11893,10
11894,11894,10
11895,11895,10
11896,11896,10
11897,11897,10
11898,11898,10
11899,11899,10
11900,11900,10
11901,11901,10
11902,11902,10
11903,11903,10
11904,11904,10
11905,11905,10
11906,11906,10
11907,11907,10
11908,11908,10
11909,11909,10
11910,11910,10
11911,11911,10
11912,11912,10
11913,11913,10
11914,11914,10
11915,11915,10
11916,11916,10
11917,11917,10
11918,11918,10
11919,11919,10
11920,11920,10
11921,11921,10
11922,11922,10
11923,11923,10
11924,11924,8
11925,11925,8
11926,11926,6
11927,11927,6
11928,11928,1
11929,11929,6
11930,11930,6
11931,11931,6
11932,11932,6
11933,11933,6
11934,11934,6
11935,11935,1
11936,11936,1
11937,11937,1
11938,11938,1
11939,11939,1
11940,11940,1
11941,11941,1
11942,11942,6
11943,11943,1
11944,11944,1
11945,11945,1
11946,11946,1
11947,11947,1
11948,11948,1
11949,11949,1
11950,11950,1
11951,11951,7
11952,11952,7
11953,11953,7
11954,11954,7
11955,11955,7
11956,11956,7
11957,11957,7
11958,11958,7
11959,11959,7
11960,11960,7
11961,11961,7
11962,11962,7
11963,11963,7
11964,11964,7
11965,11965,7
11966,11966,7
11967,11967,7
11968,11968,7
11969,11969,7
11970,11970,7
11971,11971,7
11972,11972,7
11973,11973,7
11974,11974,7
11975,11975,7
11976,11976,7
11977,11977,7
11978,11978,7
11979,11979,7
11980,11980,7
11981,11981,7
11982,11982,7
11983,11983,7
11984,11984,7
11985,11985,7
11986,11986,7
11987,11987,7
11988,11988,7
11989,11989,7
11990,11990,7
11991,11991,7
11992,11992,7
11993,11993,7
11994,11994,7
11995,11995,7
11996,11996,7
11997,11997,7
11998,11998,7
11999,11999,7
12000,12000,7
12001,12001,7
12002,12002,7
12003,12003,7
12004,12004,7
12005,12005,7
12006,12006,7
12007,12007,7
12008,12008,7
12009,12009,7
12010,12010,7
12011,12011,7
12012,12012,7
12013,12013,7
12014,12014,7
12015,12015,7
12016,12016,7
12017,12017,7
12018,12018,7
12019,12019,7
12020,12020,7
12021,12021,7
12022,12022,7
12023,12023,7
12024,12024,7
12025,12025,7
12026,12026,7
12027,12027,7
12028,12028,7
12029,12029,7
12030,12030,7
12031,12031,7
12032,12032,7
12033,12033,7
12034,12034,7
12035,12035,7
12036,12036,7
12037,12037,7
12038,12038,7
12039,12039,7
12040,12040,7
12041,12041,7
12042,12042,7
12043,12043,7
12044,12044,7
12045,12045,7
12046,12046,7
12047,12047,7
12048,12048,7
12049,12049,7
12050,12050,7
12051,12051,7
12052,12052,7
12053,12053,7
12054,12054,7
12055,12055,7
12056,12056,7
12057,12057,7
12058,12058,7
12059,12059,7
12060,12060,7
12061,12061,7
12062,12062,7
12063,12063,7
12064,12064,7
12065,12065,7
12066,12066,7
12067,12067,7
12068,12068,7
12069,12069,7
12070,12070,7
12071,12071,7
12072,12072,7
12073,12073,7
12074,12074,7
12075,12075,7
12076,12076,7
12077,12077,7
12078,12078,7
12079,12079,7
12080,12080,7
12081,12081,7
12082,12082,7
12083,12083,7
12084,12084,7
12085,12085,7
12086,12086,7
12087,12087,7
12088,12088,7
12089,12089,7
12090,12090,7
12091,12091,7
12092,12092,7
12093,12093,7
12094,12094,7
12095,12095,7
12096,12096,7
12097,12097,7
12098,12098,7
12099,12099,7
12100,12100,7
12101,12101,7
12102,12102,7
12103,12103,7
12104,12104,7
12105,12105,7
12106,12106,7
12107,12107,7
12108,12108,7
12109,12109,7
12110,12110,7
12111,12111,7
12112,12112,7
12113,12113,7
12114,12114,7
12115,12115,7
12116,12116,7
12117,12117,7
12118,12118,7
12119,12119,7
12120,12120,7
12121,12121,7
12122,12122,7
12123,12123,7
12124,12124,7
12125,12125,7
12126,12126,7
12127,12127,7
12128,12128,7
12129,12129,7
12130,12130,7
12131,12131,7
12132,12132,7
12133,12133,7
12134,12134,7
12135,12135,7
12136,12136,7
12137,12137,7
12138,12138,7
12139,12139,7
12140,12140,7
12141,12141,7
12142,12142,7
12143,12143,7
12144,12144,7
12145,12145,7
12146,12146,7
12147,12147,7
12148,12148,7
12149,12149,7
12150,12150,7
12151,12151,7
12152,12152,7
12153,12153,7
12154,12154,7
12155,12155,7
12156,12156,7
12157,12157,7
12158,12158,7
12159,12159,7
12160,12160,7
12161,12161,7
12162,12162,7
12163,12163,7
12164,12164,7
12165,12165,7
12166,12166,7
12167,12167,7
12168,12168,7
12169,12169,7
12170,12170,7
12171,12171,7
12172,12172,7
12173,12173,7
12174,12174,7
12175,12175,7
12176,12176,7
12177,12177,7
12178,12178,7
12179,12179,7
12180,12180,7
12181,12181,7
12182,12182,7
12183,12183,7
12184,12184,7
12185,12185,7
12186,12186,7
12187,12187,7
12188,12188,7
12189,12189,7
12190,12190,7
12191,12191,7
12192,12192,7
12193,12193,7
12194,12194,7
12195,12195,7
12196,12196,7
12197,12197,7
12198,12198,7
12199,12199,7
12200,12200,7
12201,12201,7
12202,12202,7
12203,12203,7
12204,12204,7
12205,12205,7
12206,12206,7
12207,12207,7
12208,12208,7
12209,12209,7
12210,12210,7
12211,12211,7
12212,12212,7
12213,12213,7
12214,12214,7
12215,12215,7
12216,12216,7
12217,12217,7
12218,12218,7
12219,12219,7
12220,12220,7
12221,12221,7
12222,12222,7
12223,12223,7
12224,12224,7
12225,12225,7
12226,12226,7
12227,12227,7
12228,12228,7
12229,12229,7
12230,12230,7
12231,12231,7
12232,12232,7
12233,12233,7
12234,12234,7
12235,12235,7
12236,12236,7
12237,12237,7
12238,12238,7
12239,12239,7
12240,12240,7
12241,12241,7
12242,12242,7
12243,12243,7
12244,12244,7
12245,12245,7
12246,12246,7
12247,12247,7
12248,12248,7
12249,12249,7
12250,12250,7
12251,12251,7
12252,12252,7
12253,12253,7
12254,12254,7
12255,12255,7
12256,12256,7
12257,12257,7
12258,12258,7
12259,12259,7
12260,12260,7
12261,12261,7
12262,12262,7
12263,12263,7
12264,12264,7
12265,12265,7
12266,12266,7
12267,12267,7
12268,12268,7
12269,12269,7
12270,12270,7
12271,12271,7
12272,12272,7
12273,12273,7
12274,12274,7
12275,12275,7
12276,12276,7
12277,12277,7
12278,12278,7
12279,12279,7
12280,12280,7
12281,12281,7
12282,12282,7
12283,12283,7
12284,12284,7
12285,12285,7
12286,12286,7
12287,12287,7
12288,12288,7
12289,12289,7
12290,12290,7
12291,12291,7
12292,12292,7
12293,12293,7
12294,12294,7
12295,12295,7
12296,12296,7
12297,12297,7
12298,12298,7
12299,12299,7
12300,12300,7
12301,12301,7
12302,12302,7
12303,12303,7
12304,12304,7
12305,12305,7
12306,12306,7
12307,12307,7
12308,12308,7
12309,12309,7
12310,12310,7
12311,12311,7
12312,12312,7
12313,12313,7
12314,12314,7
12315,12315,7
12316,12316,7
12317,12317,7
12318,12318,7
12319,12319,7
12320,12320,7
12321,12321,7
12322,12322,7
12323,12323,7
12324,12324,7
12325,12325,7
12326,12326,7
12327,12327,7
12328,12328,7
12329,12329,7
12330,12330,7
12331,12331,7
12332,12332,7
12333,12333,7
12334,12334,7
12335,12335,7
12336,12336,7
12337,12337,7
12338,12338,7
12339,12339,7
12340,12340,7
12341,12341,7
12342,12342,7
12343,12343,7
12344,12344,7
12345,12345,7
12346,12346,7
12347,12347,7
12348,12348,7
12349,12349,7
12350,12350,7
12351,12351,7
12352,12352,7
12353,12353,7
12354,12354,7
12355,12355,7
12356,12356,7
12357,12357,7
12358,12358,7
12359,12359,7
12360,12360,7
12361,12361,7
12362,12362,7
12363,12363,7
12364,12364,7
12365,12365,7
12366,12366,7
12367,12367,7
12368,12368,7
12369,12369,7
12370,12370,7
12371,12371,7
12372,12372,7
12373,12373,7
12374,12374,7
12375,12375,7
12376,12376,7
12377,12377,7
12378,12378,7
12379,12379,7
12380,12380,7
12381,12381,7
12382,12382,7
12383,12383,7
12384,12384,7
12385,12385,7
12386,12386,7
12387,12387,7
12388,12388,7
12389,12389,7
12390,12390,7
12391,12391,7
12392,12392,7
12393,12393,7
12394,12394,7
12395,12395,7
12396,12396,7
12397,12397,7
12398,12398,7
12399,12399,7
12400,12400,7
12401,12401,7
12402,12402,8
12403,12403,8
12404,12404,8
12405,12405,8
12406,12406,8
12407,12407,8
12408,12408,8
12409,12409,8
12410,12410,8
12411,12411,8
12412,12412,8
12413,12413,8
12414,12414,8
12415,12415,8
12416,12416,8
12417,12417,8
12418,12418,7
12419,12419,6
12420,12420,6
12421,12421,6
12422,12422,6
12423,12423,6
12424,12424,1
12425,12425,1
12426,12426,1
12427,12427,1
12428,12428,1
12429,12429,1
12430,12430,1
12431,12431,1
12432,12432,1
12433,12433,1
12434,12434,1
12435,12435,1
12436,12436,1
12437,12437,1
12438,12438,1
12439,12439,1
12440,12440,1
12441,12441,1
12442,12442,1
12443,12443,1
12444,12444,1
12445,12445,1
12446,12446,1
12447,12447,1
12448,12448,1
12449,12449,1
12450,12450,1
12451,12451,1
12452,12452,1
12453,12453,1
12454,12454,1
12455,12455,1
12456,12456,1
12457,12457,1
12458,12458,1
12459,12459,1
12460,12460,1
12461,12461,1
12462,12462,1
12463,12463,6
12464,12464,6
12465,12465,6
12466,12466,1
12467,12467,1
12468,12468,1
12469,12469,1
12470,12470,6
12471,12471,6
12472,12472,6
12473,12473,6
12474,12474,6
12475,12475,6
12476,12476,6
12477,12477,6
12478,12478,6
12479,12479,6
12480,12480,6
12481,12481,6
12482,12482,6
12483,12483,1
12484,12484,1
12485,12485,1
12486,12486,6
12487,12487,6
12488,12488,1
12489,12489,1
12490,12490,1
12491,12491,6
12492,12492,1
12493,12493,1
12494,12494,1
12495,12495,1
12496,12496,1
12497,12497,1
12498,12498,1
12499,12499,1
12500,12500,1
12501,12501,1
12502,12502,1
12503,12503,1
12504,12504,1
12505,12505,1
12506,12506,1
12507,12507,1
12508,12508,1
12509,12509,1
12510,12510,1
12511,12511,1
12512,12512,1
12513,12513,1
12514,12514,1
12515,12515,1
12516,12516,1
12517,12517,1
12518,12518,1
12519,12519,6
12520,12520,6
12521,12521,6
12522,12522,6
12523,12523,6
12524,12524,6
12525,12525,6
12526,12526,6
12527,12527,6
12528,12528,6
12529,12529,6
12530,12530,6
12531,12531,6
12532,12532,6
12533,12533,6
12534,12534,6
12535,12535,6
12536,12536,6
12537,12537,6
12538,12538,1
12539,12539,6
12540,12540,6
12541,12541,6
12542,12542,6
12543,12543,6
12544,12544,6
12545,12545,6
12546,12546,6
12547,12547,6
12548,12548,6
12549,12549,6
12550,12550,6
12551,12551,6
12552,12552,6
12553,12553,1
12554,12554,1
12555,12555,6
12556,12556,1
12557,12557,1
12558,12558,1
12559,12559,1
12560,12560,1
12561,12561,1
12562,12562,1
12563,12563,1
12564,12564,1
12565,12565,1
12566,12566,1
12567,12567,1
12568,12568,1
12569,12569,1
12570,12570,1
12571,12571,1
12572,12572,1
12573,12573,1
12574,12574,1
12575,12575,1
12576,12576,1
12577,12577,1
12578,12578,1
12579,12579,1
12580,12580,1
12581,12581,1
12582,12582,1
12583,12583,6
12584,12584,6
12585,12585,6
12586,12586,6
12587,12587,6
12588,12588,6
12589,12589,6
12590,12590,6
12591,12591,6
12592,12592,6
12593,12593,6
12594,12594,6
12595,12595,1
12596,12596,1
12597,12597,1
12598,12598,1
12599,12599,1
12600,12600,1
12601,12601,1
12602,12602,1
12603,12603,1
12604,12604,1
12605,12605,1
12606,12606,1
12607,12607,1
12608,12608,1
12609,12609,1
12610,12610,1
12611,12611,1
12612,12612,6
12613,12613,1
12614,12614,1
12615,12615,1
12616,12616,6
12617,12617,6
12618,12618,6
12619,12619,6
12620,12620,6
12621,12621,6
12622,12622,1
12623,12623,1
12624,12624,1
12625,12625,1
12626,12626,1
12627,12627,1
12628,12628,1
12629,12629,6
12630,12630,6
12631,12631,6
12632,12632,6
12633,12633,6
12634,12634,6
12635,12635,6
12636,12636,6
12637,12637,6
12638,12638,6
12639,12639,6
12640,12640,6
12641,12641,6
12642,12642,6
12643,12643,6
12644,12644,6
12645,12645,6
12646,12646,6
12647,12647,6
12648,12648,6
12649,12649,6
12650,12650,6
12651,12651,6
12652,12652,6
12653,12653,6
12654,12654,6
12655,12655,6
12656,12656,6
12657,12657,6
12658,12658,6
12659,12659,6
12660,12660,6
12661,12661,6
12662,12662,6
12663,12663,6
12664,12664,6
12665,12665,6
12666,12666,6
12667,12667,6
12668,12668,6
12669,12669,6
12670,12670,6
12671,12671,6
12672,12672,6
12673,12673,6
12674,12674,6
12675,12675,6
12676,12676,6
12677,12677,6
12678,12678,6
12679,12679,6
12680,12680,6
12681,12681,6
12682,12682,6
12683,12683,6
12684,12684,6
12685,12685,6
12686,12686,6
12687,12687,6
12688,12688,6
12689,12689,6
12690,12690,6
12691,12691,6
12692,12692,6
12693,12693,6
12694,12694,6
12695,12695,6
12696,12696,6
12697,12697,6
12698,12698,6
12699,12699,6
12700,12700,6
12701,12701,6
12702,12702,6
12703,12703,6
12704,12704,6
12705,12705,0
12706,12706,6
12707,12707,6
12708,12708,6
12709,12709,6
12710,12710,6
12711,12711,6
12712,12712,6
12713,12713,6
12714,12714,6
12715,12715,6
12716,12716,6
12717,12717,6
12718,12718,6
12719,12719,6
12720,12720,6
12721,12721,6
12722,12722,6
12723,12723,6
12724,12724,6
12725,12725,6
12726,12726,6
12727,12727,6
12728,12728,6
12729,12729,6
12730,12730,6
12731,12731,6
12732,12732,6
12733,12733,6
12734,12734,6
12735,12735,6
12736,12736,6
12737,12737,6
12738,12738,6
12739,12739,6
12740,12740,6
12741,12741,6
12742,12742,6
12743,12743,6
12744,12744,6
12745,12745,6
12746,12746,6
12747,12747,6
12748,12748,6
12749,12749,6
12750,12750,6
12751,12751,6
12752,12752,6
12753,12753,6
12754,12754,6
12755,12755,6
12756,12756,6
12757,12757,6
12758,12758,6
12759,12759,6
12760,12760,6
12761,12761,6
12762,12762,6
12763,12763,6
12764,12764,6
12765,12765,6
12766,12766,6
12767,12767,6
12768,12768,6
12769,12769,6
12770,12770,6
12771,12771,6
12772,12772,6
12773,12773,6
12774,12774,6
12775,12775,1
12776,12776,1
12777,12777,1
12778,12778,1
12779,12779,1
12780,12780,1
12781,12781,1
12782,12782,1
12783,12783,1
12784,12784,1
12785,12785,1
12786,12786,1
12787,12787,1
12788,12788,1
12789,12789,1
12790,12790,1
12791,12791,1
12792,12792,1
12793,12793,1
12794,12794,1
12795,12795,1
12796,12796,1
12797,12797,1
12798,12798,1
12799,12799,1
12800,12800,1
12801,12801,1
12802,12802,1
12803,12803,1
12804,12804,1
12805,12805,4
12806,12806,4
12807,12807,4
12808,12808,4
12809,12809,4
12810,12810,4
12811,12811,4
12812,12812,4
12813,12813,4
12814,12814,4
12815,12815,4
12816,12816,4
12817,12817,4
12818,12818,4
12819,12819,4
12820,12820,4
12821,12821,4
12822,12822,4
12823,12823,4
12824,12824,4
12825,12825,4
12826,12826,4
12827,12827,4
12828,12828,4
12829,12829,4
12830,12830,4
12831,12831,4
12832,12832,4
12833,12833,4
12834,12834,4
12835,12835,4
12836,12836,4
12837,12837,4
12838,12838,4
12839,12839,4
12840,12840,4
12841,12841,4
12842,12842,4
12843,12843,4
12844,12844,11
12845,12845,4
12846,12846,4
12847,12847,4
12848,12848,4
12849,12849,4
12850,12850,4
12851,12851,4
12852,12852,4
12853,12853,4
12854,12854,4
12855,12855,4
12856,12856,4
12857,12857,4
12858,12858,4
12859,12859,4
12860,12860,3
12861,12861,3
12862,12862,3
12863,12863,3
12864,12864,3
12865,12865,3
12866,12866,3
12867,12867,3
12868,12868,3
12869,12869,3
12870,12870,3
12871,12871,3
12872,12872,3
12873,12873,3
12874,12874,3
12875,12875,3
12876,12876,3
12877,12877,3
12878,12878,3
12879,12879,3
12880,12880,3
12881,12881,3
12882,12882,3
12883,12883,3
12884,12884,3
12885,12885,3
12886,12886,3
12887,12887,3
12888,12888,3
12889,12889,3
12890,12890,3
12891,12891,3
12892,12892,3
12893,12893,3
12894,12894,3
12895,12895,3
12896,12896,3
12897,12897,3
12898,12898,3
12899,12899,3
12900,12900,3
12901,12901,3
12902,12902,3
12903,12903,3
12904,12904,3
12905,12905,3
12906,12906,3
12907,12907,3
12908,12908,3
12909,12909,3
12910,12910,3
12911,12911,3
12912,12912,3
12913,12913,3
12914,12914,3
12915,12915,3
12916,12916,3
12917,12917,3
12918,12918,3
12919,12919,3
12920,12920,3
12921,12921,3
12922,12922,3
12923,12923,3
12924,12924,3
12925,12925,3
12926,12926,3
12927,12927,3
12928,12928,3
12929,12929,3
12930,12930,3
12931,12931,3
12932,12932,3
12933,12933,3
12934,12934,3
12935,12935,3
12936,12936,3
12937,12937,3
12938,12938,3
12939,12939,3
12940,12940,3
12941,12941,3
12942,12942,3
12943,12943,3
12944,12944,3
12945,12945,3
12946,12946,3
12947,12947,3
12948,12948,3
12949,12949,3
12950,12950,3
12951,12951,3
12952,12952,3
12953,12953,3
12954,12954,3
12955,12955,3
12956,12956,3
12957,12957,3
12958,12958,3
12959,12959,3
12960,12960,3
12961,12961,3
12962,12962,3
12963,12963,3
12964,12964,3
12965,12965,3
12966,12966,3
12967,12967,3
12968,12968,3
12969,12969,3
12970,12970,3
12971,12971,3
12972,12972,3
12973,12973,3
12974,12974,3
12975,12975,3
12976,12976,3
12977,12977,3
12978,12978,3
12979,12979,3
12980,12980,3
12981,12981,3
12982,12982,3
12983,12983,3
12984,12984,3
12985,12985,3
12986,12986,3
12987,12987,3
12988,12988,3
12989,12989,3
12990,12990,3
12991,12991,3
12992,12992,3
12993,12993,3
12994,12994,3
12995,12995,3
12996,12996,3
12997,12997,3
12998,12998,3
12999,12999,3
13000,13000,3
13001,13001,3
13002,13002,3
13003,13003,3
13004,13004,3
13005,13005,3
13006,13006,3
13007,13007,3
13008,13008,3
13009,13009,3
13010,13010,3
13011,13011,3
13012,13012,3
13013,13013,3
13014,13014,3
13015,13015,3
13016,13016,3
13017,13017,3
13018,13018,3
13019,13019,3
13020,13020,3
13021,13021,3
13022,13022,3
13023,13023,3
13024,13024,3
13025,13025,3
13026,13026,6
13027,13027,1
13028,13028,6
13029,13029,6
13030,13030,6
13031,13031,1
13032,13032,6
13033,13033,6
13034,13034,6
13035,13035,6
13036,13036,6
13037,13037,6
13038,13038,6
13039,13039,6
13040,13040,6
13041,13041,6
13042,13042,6
13043,13043,6
13044,13044,6
13045,13045,6
13046,13046,6
13047,13047,6
13048,13048,6
13049,13049,6
13050,13050,6
13051,13051,6
13052,13052,6
13053,13053,6
13054,13054,6
13055,13055,6
13056,13056,6
13057,13057,6
13058,13058,6
13059,13059,3
13060,13060,3
13061,13061,3
13062,13062,3
13063,13063,3
13064,13064,3
13065,13065,3
13066,13066,3
13067,13067,3
13068,13068,3
13069,13069,3
13070,13070,3
13071,13071,3
13072,13072,3
13073,13073,3
13074,13074,3
13075,13075,3
13076,13076,3
13077,13077,3
13078,13078,3
13079,13079,3
13080,13080,3
13081,13081,3
13082,13082,3
13083,13083,3
13084,13084,3
13085,13085,3
13086,13086,3
13087,13087,3
13088,13088,3
13089,13089,3
13090,13090,3
13091,13091,3
13092,13092,3
13093,13093,3
13094,13094,1
13095,13095,1
13096,13096,3
13097,13097,3
13098,13098,3
13099,13099,3
13100,13100,1
13101,13101,3
13102,13102,3
13103,13103,3
13104,13104,3
13105,13105,3
13106,13106,3
13107,13107,6
13108,13108,6
13109,13109,3
13110,13110,6
13111,13111,3
13112,13112,3
13113,13113,3
13114,13114,3
13115,13115,3
13116,13116,3
13117,13117,3
13118,13118,3
13119,13119,3
13120,13120,3
13121,13121,6
13122,13122,6
13123,13123,3
13124,13124,6
13125,13125,3
13126,13126,6
13127,13127,3
13128,13128,3
13129,13129,3
13130,13130,3
13131,13131,3
13132,13132,1
13133,13133,1
13134,13134,1
13135,13135,1
13136,13136,1
13137,13137,1
13138,13138,1
13139,13139,1
13140,13140,1
13141,13141,6
13142,13142,1
13143,13143,1
13144,13144,1
13145,13145,1
13146,13146,1
13147,13147,6
13148,13148,6
13149,13149,6
13150,13150,6
13151,13151,1
13152,13152,6
13153,13153,6
13154,13154,6
13155,13155,6
13156,13156,6
13157,13157,6
13158,13158,6
13159,13159,6
13160,13160,6
13161,13161,6
13162,13162,6
13163,13163,6
13164,13164,6
13165,13165,6
13166,13166,6
13167,13167,1
13168,13168,6
13169,13169,6
13170,13170,1
13171,13171,6
13172,13172,1
13173,13173,1
13174,13174,1
13175,13175,3
13176,13176,1
13177,13177,1
13178,13178,3
13179,13179,1
13180,13180,1
13181,13181,3
13182,13182,1
13183,13183,1
13184,13184,1
13185,13185,1
13186,13186,1
13187,13187,1
13188,13188,1
13189,13189,1
13190,13190,1
13191,13191,1
13192,13192,1
13193,13193,1
13194,13194,1
13195,13195,1
13196,13196,1
13197,13197,1
13198,13198,1
13199,13199,1
13200,13200,3
13201,13201,3
13202,13202,3
13203,13203,3
13204,13204,3
13205,13205,3
13206,13206,3
13207,13207,3
13208,13208,3
13209,13209,3
13210,13210,3
13211,13211,3
13212,13212,3
13213,13213,3
13214,13214,3
13215,13215,3
13216,13216,3
13217,13217,3
13218,13218,1
13219,13219,1
13220,13220,1
13221,13221,1
13222,13222,1
13223,13223,1
13224,13224,1
13225,13225,1
13226,13226,1
13227,13227,1
13228,13228,1
13229,13229,1
13230,13230,1
13231,13231,1
13232,13232,1
13233,13233,3
13234,13234,3
13235,13235,3
13236,13236,3
13237,13237,1
13238,13238,3
13239,13239,3
13240,13240,3
13241,13241,3
13242,13242,3
13243,13243,3
13244,13244,3
13245,13245,3
13246,13246,3
13247,13247,3
13248,13248,1
13249,13249,1
13250,13250,1
13251,13251,1
13252,13252,3
13253,13253,3
13254,13254,3
13255,13255,3
13256,13256,3
13257,13257,3
13258,13258,3
13259,13259,3
13260,13260,3
13261,13261,3
13262,13262,3
13263,13263,3
13264,13264,3
13265,13265,3
13266,13266,3
13267,13267,3
13268,13268,3
13269,13269,3
13270,13270,3
13271,13271,3
13272,13272,3
13273,13273,3
13274,13274,3
13275,13275,3
13276,13276,3
13277,13277,3
13278,13278,3
13279,13279,3
13280,13280,3
13281,13281,3
13282,13282,3
13283,13283,3
13284,13284,3
13285,13285,3
13286,13286,3
13287,13287,3
13288,13288,3
13289,13289,3
13290,13290,3
13291,13291,3
13292,13292,3
13293,13293,3
13294,13294,3
13295,13295,3
13296,13296,3
13297,13297,3
13298,13298,3
13299,13299,3
13300,13300,3
13301,13301,3
13302,13302,3
13303,13303,3
13304,13304,3
13305,13305,3
13306,13306,3
13307,13307,3
13308,13308,3
13309,13309,3
13310,13310,6
13311,13311,6
13312,13312,6
13313,13313,6
13314,13314,6
13315,13315,6
13316,13316,6
13317,13317,6
13318,13318,6
13319,13319,3
13320,13320,6
13321,13321,6
13322,13322,6
13323,13323,6
13324,13324,6
13325,13325,6
13326,13326,6
13327,13327,6
13328,13328,6
13329,13329,6
13330,13330,6
13331,13331,6
13332,13332,6
13333,13333,6
13334,13334,3
13335,13335,3
13336,13336,3
13337,13337,3
13338,13338,3
13339,13339,3
13340,13340,3
13341,13341,3
13342,13342,3
13343,13343,3
13344,13344,3
13345,13345,3
13346,13346,3
13347,13347,3
13348,13348,3
13349,13349,3
13350,13350,6
13351,13351,3
13352,13352,6
13353,13353,6
13354,13354,6
13355,13355,6
13356,13356,6
13357,13357,6
13358,13358,6
13359,13359,6
13360,13360,6
13361,13361,3
13362,13362,3
13363,13363,3
13364,13364,3
13365,13365,6
13366,13366,6
13367,13367,6
13368,13368,6
13369,13369,6
13370,13370,6
13371,13371,6
13372,13372,6
13373,13373,6
13374,13374,6
13375,13375,6
13376,13376,6
13377,13377,6
13378,13378,6
13379,13379,6
13380,13380,6
13381,13381,6
13382,13382,6
13383,13383,6
13384,13384,6
13385,13385,6
13386,13386,6
13387,13387,6
13388,13388,6
13389,13389,6
13390,13390,3
13391,13391,3
13392,13392,3
13393,13393,3
13394,13394,3
13395,13395,3
13396,13396,3
13397,13397,3
13398,13398,3
13399,13399,1
13400,13400,3
13401,13401,3
13402,13402,3
13403,13403,3
13404,13404,3
13405,13405,3
13406,13406,3
13407,13407,3
13408,13408,3
13409,13409,3
13410,13410,3
13411,13411,3
13412,13412,6
13413,13413,6
13414,13414,6
13415,13415,6
13416,13416,6
13417,13417,6
13418,13418,8
13419,13419,8
13420,13420,8
13421,13421,8
13422,13422,6
13423,13423,6
13424,13424,6
13425,13425,6
13426,13426,6
13427,13427,6
13428,13428,6
13429,13429,8
13430,13430,8
13431,13431,8
13432,13432,4
13433,13433,4
13434,13434,4
13435,13435,4
13436,13436,4
13437,13437,4
13438,13438,4
13439,13439,4
13440,13440,4
13441,13441,4
13442,13442,4
13443,13443,4
13444,13444,4
13445,13445,4
13446,13446,4
13447,13447,4
13448,13448,4
13449,13449,4
13450,13450,4
13451,13451,4
13452,13452,7
13453,13453,7
13454,13454,7
13455,13455,7
13456,13456,7
13457,13457,7
13458,13458,7
13459,13459,7
13460,13460,7
13461,13461,7
13462,13462,7
13463,13463,7
13464,13464,7
13465,13465,7
13466,13466,7
13467,13467,7
13468,13468,7
13469,13469,7
13470,13470,7
13471,13471,7
13472,13472,7
13473,13473,7
13474,13474,7
13475,13475,7
13476,13476,7
13477,13477,7
13478,13478,7
13479,13479,7
13480,13480,7
13481,13481,7
13482,13482,7
13483,13483,7
13484,13484,7
13485,13485,7
13486,13486,7
13487,13487,8
13488,13488,8
13489,13489,8
13490,13490,7
13491,13491,7
13492,13492,7
13493,13493,7
13494,13494,7
13495,13495,7
13496,13496,7
13497,13497,7
13498,13498,7
13499,13499,7
13500,13500,7
13501,13501,7
13502,13502,7
13503,13503,7
13504,13504,7
13505,13505,7
13506,13506,7
13507,13507,7
13508,13508,7
13509,13509,7
13510,13510,7
13511,13511,7
13512,13512,7
13513,13513,7
13514,13514,7
13515,13515,7
13516,13516,7
13517,13517,7
13518,13518,7
13519,13519,7
13520,13520,7
13521,13521,7
13522,13522,7
13523,13523,7
13524,13524,7
13525,13525,7
13526,13526,7
13527,13527,7
13528,13528,7
13529,13529,7
13530,13530,7
13531,13531,7
13532,13532,7
13533,13533,7
13534,13534,7
13535,13535,7
13536,13536,7
13537,13537,7
13538,13538,7
13539,13539,7
13540,13540,7
13541,13541,7
13542,13542,7
13543,13543,7
13544,13544,7
13545,13545,7
13546,13546,7
13547,13547,7
13548,13548,7
13549,13549,7
13550,13550,7
13551,13551,7
13552,13552,7
13553,13553,7
13554,13554,7
13555,13555,7
13556,13556,7
13557,13557,7
13558,13558,7
13559,13559,7
13560,13560,7
13561,13561,7
13562,13562,7
13563,13563,7
13564,13564,7
13565,13565,7
13566,13566,7
13567,13567,7
13568,13568,7
13569,13569,7
13570,13570,7
13571,13571,7
13572,13572,7
13573,13573,7
13574,13574,7
13575,13575,7
13576,13576,7
13577,13577,7
13578,13578,7
13579,13579,7
13580,13580,7
13581,13581,7
13582,13582,7
13583,13583,7
13584,13584,7
13585,13585,7
13586,13586,7
13587,13587,7
13588,13588,7
13589,13589,7
13590,13590,7
13591,13591,7
13592,13592,7
13593,13593,7
13594,13594,7
13595,13595,7
13596,13596,7
13597,13597,7
13598,13598,7
13599,13599,7
13600,13600,7
13601,13601,7
13602,13602,7
13603,13603,7
13604,13604,7
13605,13605,7
13606,13606,8
13607,13607,7
13608,13608,7
13609,13609,7
13610,13610,7
13611,13611,7
13612,13612,7
13613,13613,7
13614,13614,7
13615,13615,7
13616,13616,7
13617,13617,7
13618,13618,7
13619,13619,7
13620,13620,7
13621,13621,7
13622,13622,7
13623,13623,7
13624,13624,7
13625,13625,7
13626,13626,7
13627,13627,7
13628,13628,7
13629,13629,7
13630,13630,7
13631,13631,7
13632,13632,8
13633,13633,1
13634,13634,1
13635,13635,1
13636,13636,1
13637,13637,8
13638,13638,8
13639,13639,8
13640,13640,8
13641,13641,1
13642,13642,8
13643,13643,8
13644,13644,8
13645,13645,8
13646,13646,8
13647,13647,7
13648,13648,7
13649,13649,7
13650,13650,7
13651,13651,7
13652,13652,7
13653,13653,7
13654,13654,7
13655,13655,7
13656,13656,7
13657,13657,7
13658,13658,7
13659,13659,7
13660,13660,6
13661,13661,6
13662,13662,6
13663,13663,6
13664,13664,6
13665,13665,6
13666,13666,6
13667,13667,6
13668,13668,6
13669,13669,6
13670,13670,6
13671,13671,6
13672,13672,6
13673,13673,6
13674,13674,6
13675,13675,6
13676,13676,6
13677,13677,6
13678,13678,6
13679,13679,6
13680,13680,6
13681,13681,6
13682,13682,6
13683,13683,6
13684,13684,6
13685,13685,6
13686,13686,6
13687,13687,6
13688,13688,6
13689,13689,6
13690,13690,6
13691,13691,6
13692,13692,6
13693,13693,6
13694,13694,6
13695,13695,6
13696,13696,6
13697,13697,6
13698,13698,6
13699,13699,6
13700,13700,6
13701,13701,6
13702,13702,6
13703,13703,6
13704,13704,6
13705,13705,6
13706,13706,6
13707,13707,6
13708,13708,6
13709,13709,6
13710,13710,6
13711,13711,6
13712,13712,6
13713,13713,6
13714,13714,6
13715,13715,6
13716,13716,6
13717,13717,6
13718,13718,6
13719,13719,6
13720,13720,6
13721,13721,6
13722,13722,6
13723,13723,6
13724,13724,6
13725,13725,6
13726,13726,6
13727,13727,6
13728,13728,6
13729,13729,6
13730,13730,6
13731,13731,6
13732,13732,6
13733,13733,6
13734,13734,6
13735,13735,6
13736,13736,6
13737,13737,6
13738,13738,6
13739,13739,6
13740,13740,6
13741,13741,6
13742,13742,6
13743,13743,6
13744,13744,6
13745,13745,6
13746,13746,6
13747,13747,6
13748,13748,6
13749,13749,6
13750,13750,6
13751,13751,6
13752,13752,6
13753,13753,6
13754,13754,6
13755,13755,6
13756,13756,6
13757,13757,6
13758,13758,6
13759,13759,6
13760,13760,6
13761,13761,6
13762,13762,6
13763,13763,6
13764,13764,6
13765,13765,6
13766,13766,6
13767,13767,6
13768,13768,6
13769,13769,6
13770,13770,6
13771,13771,6
13772,13772,6
13773,13773,6
13774,13774,6
13775,13775,6
13776,13776,6
13777,13777,6
13778,13778,6
13779,13779,6
13780,13780,6
13781,13781,6
13782,13782,6
13783,13783,6
13784,13784,6
13785,13785,6
13786,13786,6
13787,13787,6
13788,13788,6
13789,13789,6
13790,13790,6
13791,13791,6
13792,13792,6
13793,13793,6
13794,13794,6
13795,13795,6
13796,13796,6
13797,13797,6
13798,13798,6
13799,13799,6
13800,13800,6
13801,13801,6
13802,13802,6
13803,13803,6
13804,13804,6
13805,13805,6
13806,13806,6
13807,13807,6
13808,13808,6
13809,13809,6
13810,13810,6
13811,13811,6
13812,13812,6
13813,13813,6
13814,13814,6
13815,13815,6
13816,13816,6
13817,13817,1
13818,13818,1
13819,13819,1
13820,13820,1
13821,13821,1
13822,13822,1
13823,13823,1
13824,13824,6
13825,13825,6
13826,13826,6
13827,13827,6
13828,13828,6
13829,13829,6
13830,13830,6
13831,13831,6
13832,13832,6
13833,13833,1
13834,13834,1
13835,13835,1
13836,13836,1
13837,13837,1
13838,13838,1
13839,13839,1
13840,13840,1
13841,13841,1
13842,13842,1
13843,13843,1
13844,13844,1
13845,13845,1
13846,13846,1
13847,13847,1
13848,13848,1
13849,13849,1
13850,13850,1
13851,13851,1
13852,13852,1
13853,13853,1
13854,13854,1
13855,13855,1
13856,13856,1
13857,13857,1
13858,13858,1
13859,13859,1
13860,13860,1
13861,13861,1
13862,13862,1
13863,13863,1
13864,13864,1
13865,13865,1
13866,13866,1
13867,13867,1
13868,13868,1
13869,13869,1
13870,13870,1
13871,13871,1
13872,13872,1
13873,13873,1
13874,13874,1
13875,13875,1
13876,13876,1
13877,13877,1
13878,13878,1
13879,13879,1
13880,13880,1
13881,13881,1
13882,13882,1
13883,13883,1
13884,13884,1
13885,13885,1
13886,13886,1
13887,13887,1
13888,13888,6
13889,13889,6
13890,13890,6
13891,13891,6
13892,13892,6
13893,13893,6
13894,13894,6
13895,13895,6
13896,13896,6
13897,13897,6
13898,13898,6
13899,13899,6
13900,13900,6
13901,13901,6
13902,13902,6
13903,13903,6
13904,13904,6
13905,13905,6
13906,13906,6
13907,13907,6
13908,13908,6
13909,13909,6
13910,13910,6
13911,13911,3
13912,13912,3
13913,13913,6
13914,13914,6
13915,13915,6
13916,13916,6
13917,13917,6
13918,13918,6
13919,13919,3
13920,13920,3
13921,13921,3
13922,13922,6
13923,13923,6
13924,13924,6
13925,13925,6
13926,13926,6
13927,13927,6
13928,13928,6
13929,13929,6
13930,13930,6
13931,13931,6
13932,13932,6
13933,13933,6
13934,13934,6
13935,13935,6
13936,13936,6
13937,13937,6
13938,13938,6
13939,13939,6
13940,13940,6
13941,13941,6
13942,13942,6
13943,13943,6
13944,13944,6
13945,13945,6
13946,13946,6
13947,13947,6
13948,13948,6
13949,13949,6
13950,13950,6
13951,13951,6
13952,13952,6
13953,13953,6
13954,13954,6
13955,13955,6
13956,13956,6
13957,13957,6
13958,13958,6
13959,13959,6
13960,13960,6
13961,13961,6
13962,13962,6
13963,13963,6
13964,13964,6
13965,13965,6
13966,13966,6
13967,13967,6
13968,13968,6
13969,13969,6
13970,13970,6
13971,13971,8
13972,13972,8
13973,13973,8
13974,13974,8
13975,13975,8
13976,13976,8
13977,13977,8
13978,13978,8
13979,13979,8
13980,13980,8
13981,13981,8
13982,13982,8
13983,13983,8
13984,13984,8
13985,13985,8
13986,13986,8
13987,13987,8
13988,13988,3
13989,13989,3
13990,13990,1
13991,13991,1
13992,13992,3
13993,13993,3
13994,13994,1
13995,13995,3
13996,13996,3
13997,13997,3
13998,13998,3
13999,13999,3
14000,14000,3
14001,14001,3
14002,14002,3
14003,14003,3
14004,14004,3
14005,14005,3
14006,14006,3
14007,14007,3
14008,14008,3
14009,14009,3
14010,14010,3
14011,14011,3
14012,14012,3
14013,14013,3
14014,14014,3
14015,14015,3
14016,14016,3
14017,14017,3
14018,14018,3
14019,14019,3
14020,14020,3
14021,14021,3
14022,14022,3
14023,14023,3
14024,14024,3
14025,14025,3
14026,14026,3
14027,14027,3
14028,14028,3
14029,14029,3
14030,14030,3
14031,14031,3
14032,14032,3
14033,14033,1
14034,14034,3
14035,14035,3
14036,14036,3
14037,14037,3
14038,14038,3
14039,14039,3
14040,14040,3
14041,14041,3
14042,14042,3
14043,14043,3
14044,14044,3
14045,14045,3
14046,14046,3
14047,14047,3
14048,14048,3
14049,14049,3
14050,14050,3
14051,14051,3
14052,14052,3
14053,14053,3
14054,14054,3
14055,14055,3
14056,14056,3
14057,14057,3
14058,14058,3
14059,14059,3
14060,14060,3
14061,14061,3
14062,14062,3
14063,14063,3
14064,14064,3
14065,14065,3
14066,14066,3
14067,14067,3
14068,14068,3
14069,14069,3
14070,14070,3
14071,14071,3
14072,14072,3
14073,14073,3
14074,14074,3
14075,14075,3
14076,14076,3
14077,14077,3
14078,14078,3
14079,14079,3
14080,14080,3
14081,14081,3
14082,14082,3
14083,14083,3
14084,14084,3
14085,14085,3
14086,14086,3
14087,14087,3
14088,14088,3
14089,14089,3
14090,14090,3
14091,14091,3
14092,14092,3
14093,14093,3
14094,14094,3
14095,14095,3
14096,14096,3
14097,14097,3
14098,14098,3
14099,14099,3
14100,14100,3
14101,14101,3
14102,14102,3
14103,14103,3
14104,14104,3
14105,14105,3
14106,14106,3
14107,14107,3
14108,14108,3
14109,14109,3
14110,14110,3
14111,14111,3
14112,14112,3
14113,14113,3
14114,14114,3
14115,14115,3
14116,14116,7
14117,14117,3
14118,14118,3
14119,14119,1
14120,14120,1
14121,14121,1
14122,14122,1
14123,14123,1
14124,14124,1
14125,14125,1
14126,14126,1
14127,14127,1
14128,14128,1
14129,14129,1
14130,14130,1
14131,14131,1
14132,14132,1
14133,14133,1
14134,14134,1
14135,14135,1
14136,14136,1
14137,14137,3
14138,14138,3
14139,14139,1
14140,14140,1
14141,14141,1
14142,14142,1
14143,14143,1
14144,14144,1
14145,14145,3
14146,14146,3
14147,14147,3
14148,14148,3
14149,14149,1
14150,14150,1
14151,14151,3
14152,14152,3
14153,14153,3
14154,14154,3
14155,14155,3
14156,14156,3
14157,14157,3
14158,14158,3
14159,14159,3
14160,14160,3
14161,14161,3
14162,14162,3
14163,14163,3
14164,14164,3
14165,14165,3
14166,14166,3
14167,14167,3
14168,14168,3
14169,14169,3
14170,14170,3
14171,14171,3
14172,14172,3
14173,14173,3
14174,14174,3
14175,14175,3
14176,14176,1
14177,14177,1
14178,14178,1
14179,14179,1
14180,14180,1
14181,14181,3
14182,14182,3
14183,14183,3
14184,14184,3
14185,14185,3
14186,14186,1
14187,14187,1
14188,14188,1
14189,14189,1
14190,14190,1
14191,14191,1
14192,14192,1
14193,14193,1
14194,14194,1
14195,14195,1
14196,14196,1
14197,14197,1
14198,14198,1
14199,14199,1
14200,14200,1
14201,14201,1
14202,14202,1
14203,14203,3
14204,14204,3
14205,14205,3
14206,14206,1
14207,14207,1
14208,14208,1
14209,14209,3
14210,14210,1
14211,14211,3
14212,14212,3
14213,14213,3
14214,14214,3
14215,14215,3
14216,14216,3
14217,14217,3
14218,14218,3
14219,14219,3
14220,14220,3
14221,14221,3
14222,14222,3
14223,14223,3
14224,14224,3
14225,14225,3
14226,14226,3
14227,14227,3
14228,14228,3
14229,14229,3
14230,14230,3
14231,14231,3
14232,14232,3
14233,14233,3
14234,14234,3
14235,14235,3
14236,14236,3
14237,14237,3
14238,14238,3
14239,14239,3
14240,14240,3
14241,14241,3
14242,14242,1
14243,14243,1
14244,14244,1
14245,14245,1
14246,14246,8
14247,14247,8
14248,14248,8
14249,14249,8
14250,14250,8
14251,14251,8
14252,14252,8
14253,14253,8
14254,14254,8
14255,14255,1
14256,14256,1
14257,14257,1
14258,14258,1
14259,14259,1
14260,14260,1
14261,14261,1
14262,14262,1
14263,14263,1
14264,14264,1
14265,14265,1
14266,14266,1
14267,14267,1
14268,14268,1
14269,14269,1
14270,14270,8
14271,14271,1
14272,14272,8
14273,14273,8
14274,14274,8
14275,14275,8
14276,14276,1
14277,14277,8
14278,14278,7
14279,14279,7
14280,14280,8
14281,14281,7
14282,14282,7
14283,14283,8
14284,14284,7
14285,14285,1
14286,14286,1
14287,14287,1
14288,14288,1
14289,14289,1
14290,14290,1
14291,14291,1
14292,14292,7
14293,14293,7
14294,14294,1
14295,14295,1
14296,14296,1
14297,14297,1
14298,14298,1
14299,14299,1
14300,14300,1
14301,14301,1
14302,14302,1
14303,14303,1
14304,14304,1
14305,14305,1
14306,14306,1
14307,14307,1
14308,14308,1
14309,14309,1
14310,14310,1
14311,14311,1
14312,14312,1
14313,14313,1
14314,14314,1
14315,14315,1
14316,14316,1
14317,14317,1
14318,14318,1
14319,14319,1
14320,14320,1
14321,14321,1
14322,14322,1
14323,14323,1
14324,14324,1
14325,14325,1
14326,14326,1
14327,14327,1
14328,14328,1
14329,14329,1
14330,14330,1
14331,14331,1
14332,14332,1
14333,14333,1
14334,14334,1
14335,14335,1
14336,14336,1
14337,14337,1
14338,14338,1
14339,14339,1
14340,14340,1
14341,14341,1
14342,14342,1
14343,14343,1
14344,14344,1
14345,14345,1
14346,14346,1
14347,14347,1
14348,14348,1
14349,14349,1
14350,14350,1
14351,14351,1
14352,14352,1
14353,14353,1
14354,14354,1
14355,14355,1
14356,14356,1
14357,14357,1
14358,14358,1
14359,14359,1
14360,14360,1
14361,14361,7
14362,14362,7
14363,14363,7
14364,14364,7
14365,14365,7
14366,14366,7
14367,14367,7
14368,14368,7
14369,14369,7
14370,14370,7
14371,14371,7
14372,14372,7
14373,14373,7
14374,14374,7
14375,14375,7
14376,14376,7
14377,14377,7
14378,14378,7
14379,14379,7
14380,14380,7
14381,14381,7
14382,14382,7
14383,14383,7
14384,14384,7
14385,14385,7
14386,14386,7
14387,14387,7
14388,14388,7
14389,14389,7
14390,14390,7
14391,14391,7
14392,14392,7
14393,14393,7
14394,14394,7
14395,14395,7
14396,14396,7
14397,14397,7
14398,14398,7
14399,14399,7
14400,14400,7
14401,14401,7
14402,14402,7
14403,14403,7
14404,14404,7
14405,14405,7
14406,14406,7
14407,14407,7
14408,14408,7
14409,14409,7
14410,14410,7
14411,14411,7
14412,14412,7
14413,14413,7
14414,14414,7
14415,14415,7
14416,14416,7
14417,14417,7
14418,14418,7
14419,14419,7
14420,14420,7
14421,14421,7
14422,14422,7
14423,14423,7
14424,14424,7
14425,14425,7
14426,14426,8
14427,14427,8
14428,14428,8
14429,14429,8
14430,14430,8
14431,14431,8
14432,14432,8
14433,14433,8
14434,14434,8
14435,14435,8
14436,14436,8
14437,14437,8
14438,14438,8
14439,14439,8
14440,14440,8
14441,14441,8
14442,14442,8
14443,14443,8
14444,14444,8
14445,14445,8
14446,14446,8
14447,14447,8
14448,14448,8
14449,14449,8
14450,14450,8
14451,14451,8
14452,14452,8
14453,14453,8
14454,14454,8
14455,14455,8
14456,14456,8
14457,14457,8
14458,14458,8
14459,14459,8
14460,14460,8
14461,14461,8
14462,14462,8
14463,14463,8
14464,14464,8
14465,14465,8
14466,14466,8
14467,14467,8
14468,14468,8
14469,14469,8
14470,14470,8
14471,14471,8
14472,14472,7
14473,14473,7
14474,14474,8
14475,14475,7
14476,14476,7
14477,14477,7
14478,14478,7
14479,14479,7
14480,14480,7
14481,14481,7
14482,14482,8
14483,14483,8
14484,14484,8
14485,14485,8
14486,14486,8
14487,14487,7
14488,14488,8
14489,14489,8
14490,14490,7
14491,14491,7
14492,14492,7
14493,14493,7
14494,14494,7
14495,14495,7
14496,14496,7
14497,14497,7
14498,14498,7
14499,14499,7
14500,14500,7
14501,14501,7
14502,14502,7
14503,14503,7
14504,14504,8
14505,14505,7
14506,14506,7
14507,14507,7
14508,14508,7
14509,14509,7
14510,14510,7
14511,14511,7
14512,14512,7
14513,14513,7
14514,14514,7
14515,14515,7
14516,14516,7
14517,14517,7
14518,14518,7
14519,14519,7
14520,14520,7
14521,14521,7
14522,14522,7
14523,14523,7
14524,14524,7
14525,14525,7
14526,14526,7
14527,14527,7
14528,14528,7
14529,14529,7
14530,14530,7
14531,14531,7
14532,14532,7
14533,14533,7
14534,14534,7
14535,14535,7
14536,14536,7
14537,14537,7
14538,14538,7
14539,14539,7
14540,14540,7
14541,14541,7
14542,14542,7
14543,14543,7
14544,14544,7
14545,14545,7
14546,14546,7
14547,14547,7
14548,14548,7
14549,14549,7
14550,14550,7
14551,14551,7
14552,14552,7
14553,14553,7
14554,14554,7
14555,14555,7
14556,14556,7
14557,14557,7
14558,14558,7
14559,14559,7
14560,14560,7
14561,14561,7
14562,14562,7
14563,14563,7
14564,14564,7
14565,14565,7
14566,14566,7
14567,14567,7
14568,14568,7
14569,14569,7
14570,14570,7
14571,14571,7
14572,14572,7
14573,14573,7
14574,14574,7
14575,14575,7
14576,14576,7
14577,14577,7
14578,14578,7
14579,14579,7
14580,14580,7
14581,14581,7
14582,14582,7
14583,14583,7
14584,14584,7
14585,14585,7
14586,14586,7
14587,14587,7
14588,14588,7
14589,14589,7
14590,14590,7
14591,14591,7
14592,14592,7
14593,14593,7
14594,14594,7
14595,14595,7
14596,14596,7
14597,14597,7
14598,14598,7
14599,14599,7
14600,14600,7
14601,14601,7
14602,14602,7
14603,14603,7
14604,14604,7
14605,14605,7
14606,14606,7
14607,14607,7
14608,14608,7
14609,14609,7
14610,14610,7
14611,14611,7
14612,14612,7
14613,14613,7
14614,14614,7
14615,14615,7
14616,14616,7
14617,14617,7
14618,14618,7
14619,14619,7
14620,14620,7
14621,14621,7
14622,14622,7
14623,14623,7
14624,14624,6
14625,14625,6
14626,14626,3
14627,14627,3
14628,14628,3
14629,14629,3
14630,14630,6
14631,14631,6
14632,14632,4
14633,14633,6
14634,14634,4
14635,14635,4
14636,14636,4
14637,14637,4
14638,14638,4
14639,14639,4
14640,14640,4
14641,14641,4
14642,14642,4
14643,14643,4
14644,14644,4
14645,14645,4
14646,14646,4
14647,14647,4
14648,14648,4
14649,14649,4
14650,14650,4
14651,14651,4
14652,14652,4
14653,14653,4
14654,14654,4
14655,14655,4
14656,14656,4
14657,14657,4
14658,14658,4
14659,14659,4
14660,14660,4
14661,14661,4
14662,14662,4
14663,14663,4
14664,14664,4
14665,14665,4
14666,14666,4
14667,14667,4
14668,14668,4
14669,14669,4
14670,14670,6
14671,14671,4
14672,14672,4
14673,14673,4
14674,14674,4
14675,14675,4
14676,14676,4
14677,14677,4
14678,14678,4
14679,14679,4
14680,14680,4
14681,14681,4
14682,14682,4
14683,14683,4
14684,14684,4
14685,14685,4
14686,14686,4
14687,14687,4
14688,14688,4
14689,14689,4
14690,14690,4
14691,14691,4
14692,14692,4
14693,14693,4
14694,14694,4
14695,14695,4
14696,14696,4
14697,14697,6
14698,14698,4
14699,14699,4
14700,14700,4
14701,14701,4
14702,14702,4
14703,14703,6
14704,14704,4
14705,14705,4
14706,14706,4
14707,14707,4
14708,14708,6
14709,14709,6
14710,14710,4
14711,14711,4
14712,14712,4
14713,14713,4
14714,14714,4
14715,14715,4
14716,14716,4
14717,14717,4
14718,14718,6
14719,14719,4
14720,14720,6
14721,14721,4
14722,14722,4
14723,14723,4
14724,14724,4
14725,14725,4
14726,14726,4
14727,14727,4
14728,14728,4
14729,14729,4
14730,14730,4
14731,14731,4
14732,14732,4
14733,14733,4
14734,14734,4
14735,14735,4
14736,14736,4
14737,14737,4
14738,14738,4
14739,14739,4
14740,14740,4
14741,14741,4
14742,14742,4
14743,14743,4
14744,14744,4
14745,14745,4
14746,14746,4
14747,14747,4
14748,14748,4
14749,14749,4
14750,14750,4
14751,14751,4
14752,14752,4
14753,14753,4
14754,14754,4
14755,14755,4
14756,14756,4
14757,14757,4
14758,14758,4
14759,14759,4
14760,14760,4
14761,14761,4
14762,14762,4
14763,14763,4
14764,14764,4
14765,14765,4
14766,14766,4
14767,14767,4
14768,14768,4
14769,14769,4
14770,14770,4
14771,14771,4
14772,14772,4
14773,14773,4
14774,14774,4
14775,14775,4
14776,14776,4
14777,14777,4
14778,14778,4
14779,14779,4
14780,14780,4
14781,14781,4
14782,14782,4
14783,14783,4
14784,14784,4
14785,14785,4
14786,14786,4
14787,14787,4
14788,14788,4
14789,14789,4
14790,14790,4
14791,14791,4
14792,14792,4
14793,14793,4
14794,14794,4
14795,14795,4
14796,14796,4
14797,14797,4
14798,14798,4
14799,14799,4
14800,14800,4
14801,14801,4
14802,14802,4
14803,14803,4
14804,14804,4
14805,14805,4
14806,14806,4
14807,14807,4
14808,14808,4
14809,14809,4
14810,14810,4
14811,14811,4
14812,14812,4
14813,14813,4
14814,14814,4
14815,14815,4
14816,14816,4
14817,14817,4
14818,14818,4
14819,14819,4
14820,14820,4
14821,14821,4
14822,14822,4
14823,14823,4
14824,14824,4
14825,14825,4
14826,14826,4
14827,14827,4
14828,14828,4
14829,14829,4
14830,14830,4
14831,14831,4
14832,14832,4
14833,14833,4
14834,14834,4
14835,14835,4
14836,14836,4
14837,14837,4
14838,14838,4
14839,14839,4
14840,14840,4
14841,14841,4
14842,14842,6
14843,14843,6
14844,14844,6
14845,14845,6
14846,14846,6
14847,14847,6
14848,14848,4
14849,14849,4
14850,14850,4
14851,14851,4
14852,14852,4
14853,14853,4
14854,14854,4
14855,14855,4
14856,14856,4
14857,14857,4
14858,14858,4
14859,14859,4
14860,14860,4
14861,14861,4
14862,14862,4
14863,14863,4
14864,14864,4
14865,14865,4
14866,14866,4
14867,14867,4
14868,14868,1
14869,14869,4
14870,14870,4
14871,14871,4
14872,14872,4
14873,14873,4
14874,14874,4
14875,14875,4
14876,14876,4
14877,14877,4
14878,14878,4
14879,14879,4
14880,14880,4
14881,14881,4
14882,14882,4
14883,14883,4
14884,14884,4
14885,14885,4
14886,14886,4
14887,14887,4
14888,14888,4
14889,14889,4
14890,14890,4
14891,14891,4
14892,14892,4
14893,14893,4
14894,14894,4
14895,14895,4
14896,14896,4
14897,14897,4
14898,14898,4
14899,14899,4
14900,14900,4
14901,14901,4
14902,14902,4
14903,14903,4
14904,14904,4
14905,14905,4
14906,14906,4
14907,14907,4
14908,14908,4
14909,14909,4
14910,14910,1
14911,14911,1
14912,14912,4
14913,14913,4
14914,14914,4
14915,14915,4
14916,14916,4
14917,14917,4
14918,14918,4
14919,14919,4
14920,14920,4
14921,14921,4
14922,14922,4
14923,14923,4
14924,14924,1
14925,14925,1
14926,14926,4
14927,14927,4
14928,14928,4
14929,14929,4
14930,14930,4
14931,14931,4
14932,14932,4
14933,14933,4
14934,14934,4
14935,14935,4
14936,14936,4
14937,14937,4
14938,14938,4
14939,14939,4
14940,14940,4
14941,14941,4
14942,14942,4
14943,14943,4
14944,14944,4
14945,14945,4
14946,14946,4
14947,14947,4
14948,14948,4
14949,14949,1
14950,14950,1
14951,14951,1
14952,14952,6
14953,14953,6
14954,14954,6
14955,14955,6
14956,14956,6
14957,14957,6
14958,14958,6
14959,14959,6
14960,14960,6
14961,14961,6
14962,14962,6
14963,14963,6
14964,14964,6
14965,14965,6
14966,14966,6
14967,14967,6
14968,14968,6
14969,14969,6
14970,14970,6
14971,14971,6
14972,14972,6
14973,14973,1
14974,14974,1
14975,14975,1
14976,14976,1
14977,14977,1
14978,14978,1
14979,14979,1
14980,14980,1
14981,14981,1
14982,14982,1
14983,14983,1
14984,14984,1
14985,14985,1
14986,14986,1
14987,14987,1
14988,14988,1
14989,14989,1
14990,14990,1
14991,14991,1
14992,14992,1
14993,14993,1
14994,14994,1
14995,14995,1
14996,14996,1
14997,14997,1
14998,14998,1
14999,14999,1
15000,15000,1
15001,15001,1
15002,15002,1
15003,15003,1
15004,15004,1
15005,15005,1
15006,15006,1
15007,15007,1
15008,15008,1
15009,15009,1
15010,15010,1
15011,15011,1
15012,15012,1
15013,15013,1
15014,15014,1
15015,15015,1
15016,15016,1
15017,15017,1
15018,15018,1
15019,15019,1
15020,15020,1
15021,15021,1
15022,15022,1
15023,15023,1
15024,15024,1
15025,15025,1
15026,15026,1
15027,15027,1
15028,15028,1
15029,15029,1
15030,15030,1
15031,15031,1
15032,15032,1
15033,15033,1
15034,15034,0
15035,15035,0
15036,15036,6
15037,15037,6
15038,15038,6
15039,15039,6
15040,15040,6
15041,15041,6
15042,15042,6
15043,15043,6
15044,15044,6
15045,15045,6
15046,15046,6
15047,15047,6
15048,15048,6
15049,15049,6
15050,15050,6
15051,15051,6
15052,15052,6
15053,15053,6
15054,15054,6
15055,15055,6
15056,15056,6
15057,15057,6
15058,15058,6
15059,15059,6
15060,15060,6
15061,15061,6
15062,15062,6
15063,15063,6
15064,15064,6
15065,15065,6
15066,15066,6
15067,15067,6
15068,15068,6
15069,15069,8
15070,15070,6
15071,15071,6
15072,15072,6
15073,15073,8
15074,15074,6
15075,15075,6
15076,15076,6
15077,15077,8
15078,15078,8
15079,15079,6
15080,15080,6
15081,15081,6
15082,15082,6
15083,15083,6
15084,15084,8
15085,15085,6
15086,15086,6
15087,15087,6
15088,15088,8
15089,15089,8
15090,15090,8
15091,15091,8
15092,15092,8
15093,15093,8
15094,15094,8
15095,15095,8
15096,15096,8
15097,15097,8
15098,15098,8
15099,15099,8
15100,15100,8
15101,15101,8
15102,15102,6
15103,15103,8
15104,15104,8
15105,15105,8
15106,15106,6
15107,15107,6
15108,15108,6
15109,15109,6
15110,15110,8
15111,15111,6
15112,15112,6
15113,15113,6
15114,15114,6
15115,15115,6
15116,15116,6
15117,15117,6
15118,15118,6
15119,15119,6
15120,15120,6
15121,15121,6
15122,15122,6
15123,15123,6
15124,15124,6
15125,15125,6
15126,15126,6
15127,15127,6
15128,15128,6
15129,15129,6
15130,15130,8
15131,15131,8
15132,15132,8
15133,15133,8
15134,15134,6
15135,15135,8
15136,15136,6
15137,15137,6
15138,15138,6
15139,15139,6
15140,15140,8
15141,15141,6
15142,15142,6
15143,15143,6
15144,15144,6
15145,15145,6
15146,15146,6
15147,15147,6
15148,15148,6
15149,15149,6
15150,15150,6
15151,15151,6
15152,15152,6
15153,15153,6
15154,15154,6
15155,15155,6
15156,15156,6
15157,15157,6
15158,15158,6
15159,15159,6
15160,15160,6
15161,15161,6
15162,15162,6
15163,15163,6
15164,15164,6
15165,15165,6
15166,15166,6
15167,15167,8
15168,15168,8
15169,15169,8
15170,15170,6
15171,15171,6
15172,15172,6
15173,15173,6
15174,15174,6
15175,15175,6
15176,15176,8
15177,15177,6
15178,15178,6
15179,15179,6
15180,15180,8
15181,15181,8
15182,15182,6
15183,15183,6
15184,15184,6
15185,15185,6
15186,15186,8
15187,15187,8
15188,15188,8
15189,15189,8
15190,15190,8
15191,15191,8
15192,15192,8
15193,15193,8
15194,15194,8
15195,15195,8
15196,15196,8
15197,15197,8
15198,15198,8
15199,15199,8
15200,15200,8
15201,15201,8
15202,15202,8
15203,15203,8
15204,15204,8
15205,15205,8
15206,15206,8
15207,15207,8
15208,15208,8
15209,15209,6
15210,15210,8
15211,15211,8
15212,15212,8
15213,15213,8
15214,15214,8
15215,15215,8
15216,15216,8
15217,15217,8
15218,15218,8
15219,15219,8
15220,15220,8
15221,15221,8
15222,15222,8
15223,15223,8
15224,15224,8
15225,15225,8
15226,15226,8
15227,15227,8
15228,15228,8
15229,15229,8
15230,15230,8
15231,15231,8
15232,15232,8
15233,15233,8
15234,15234,8
15235,15235,8
15236,15236,8
15237,15237,8
15238,15238,6
15239,15239,6
15240,15240,8
15241,15241,8
15242,15242,8
15243,15243,8
15244,15244,8
15245,15245,8
15246,15246,8
15247,15247,8
15248,15248,1
15249,15249,1
15250,15250,1
15251,15251,1
15252,15252,1
15253,15253,1
15254,15254,1
15255,15255,1
15256,15256,1
15257,15257,1
15258,15258,1
15259,15259,1
15260,15260,1
15261,15261,1
15262,15262,1
15263,15263,1
15264,15264,1
15265,15265,1
15266,15266,1
15267,15267,1
15268,15268,1
15269,15269,1
15270,15270,1
15271,15271,1
15272,15272,1
15273,15273,1
15274,15274,1
15275,15275,1
15276,15276,1
15277,15277,1
15278,15278,1
15279,15279,1
15280,15280,1
15281,15281,1
15282,15282,1
15283,15283,1
15284,15284,1
15285,15285,1
15286,15286,1
15287,15287,1
15288,15288,1
15289,15289,1
15290,15290,8
15291,15291,1
15292,15292,8
15293,15293,8
15294,15294,8
15295,15295,8
15296,15296,8
15297,15297,8
15298,15298,8
15299,15299,8
15300,15300,8
15301,15301,8
15302,15302,8
15303,15303,8
15304,15304,8
15305,15305,8
15306,15306,8
15307,15307,8
15308,15308,8
15309,15309,8
15310,15310,8
15311,15311,8
15312,15312,8
15313,15313,8
15314,15314,8
15315,15315,8
15316,15316,8
15317,15317,8
15318,15318,6
15319,15319,6
15320,15320,8
15321,15321,8
15322,15322,8
15323,15323,6
15324,15324,6
15325,15325,6
15326,15326,6
15327,15327,6
15328,15328,6
15329,15329,6
15330,15330,6
15331,15331,6
15332,15332,6
15333,15333,4
15334,15334,4
15335,15335,4
15336,15336,4
15337,15337,4
15338,15338,4
15339,15339,4
15340,15340,4
15341,15341,6
15342,15342,4
15343,15343,6
15344,15344,4
15345,15345,6
15346,15346,4
15347,15347,6
15348,15348,4
15349,15349,4
15350,15350,4
15351,15351,6
15352,15352,6
15353,15353,6
15354,15354,6
15355,15355,6
15356,15356,6
15357,15357,6
15358,15358,6
15359,15359,4
15360,15360,6
15361,15361,4
15362,15362,4
15363,15363,4
15364,15364,4
15365,15365,4
15366,15366,4
15367,15367,4
15368,15368,4
15369,15369,4
15370,15370,4
15371,15371,4
15372,15372,4
15373,15373,4
15374,15374,4
15375,15375,4
15376,15376,4
15377,15377,4
15378,15378,4
15379,15379,4
15380,15380,4
15381,15381,4
15382,15382,4
15383,15383,4
15384,15384,4
15385,15385,4
15386,15386,4
15387,15387,4
15388,15388,4
15389,15389,4
15390,15390,4
15391,15391,4
15392,15392,4
15393,15393,4
15394,15394,4
15395,15395,4
15396,15396,4
15397,15397,4
15398,15398,4
15399,15399,4
15400,15400,4
15401,15401,4
15402,15402,4
15403,15403,4
15404,15404,4
15405,15405,4
15406,15406,4
15407,15407,4
15408,15408,4
15409,15409,4
15410,15410,4
15411,15411,4
15412,15412,4
15413,15413,4
15414,15414,4
15415,15415,4
15416,15416,4
15417,15417,4
15418,15418,4
15419,15419,4
15420,15420,4
15421,15421,4
15422,15422,4
15423,15423,4
15424,15424,4
15425,15425,4
15426,15426,4
15427,15427,4
15428,15428,4
15429,15429,4
15430,15430,4
15431,15431,4
15432,15432,4
15433,15433,4
15434,15434,4
15435,15435,4
15436,15436,4
15437,15437,4
15438,15438,4
15439,15439,4
15440,15440,4
15441,15441,4
15442,15442,4
15443,15443,4
15444,15444,4
15445,15445,4
15446,15446,4
15447,15447,4
15448,15448,9
15449,15449,4
15450,15450,4
15451,15451,4
15452,15452,4
15453,15453,9
15454,15454,4
15455,15455,4
15456,15456,4
15457,15457,4
15458,15458,4
15459,15459,4
15460,15460,4
15461,15461,4
15462,15462,4
15463,15463,4
15464,15464,4
15465,15465,4
15466,15466,4
15467,15467,4
15468,15468,4
15469,15469,4
15470,15470,4
15471,15471,4
15472,15472,4
15473,15473,4
15474,15474,4
15475,15475,4
15476,15476,4
15477,15477,4
15478,15478,4
15479,15479,4
15480,15480,4
15481,15481,4
15482,15482,4
15483,15483,4
15484,15484,4
15485,15485,4
15486,15486,4
15487,15487,4
15488,15488,4
15489,15489,4
15490,15490,4
15491,15491,4
15492,15492,4
15493,15493,4
15494,15494,4
15495,15495,4
15496,15496,4
15497,15497,4
15498,15498,4
15499,15499,4
15500,15500,4
15501,15501,4
15502,15502,4
15503,15503,4
15504,15504,4
15505,15505,4
15506,15506,4
15507,15507,4
15508,15508,4
15509,15509,4
15510,15510,4
15511,15511,4
15512,15512,4
15513,15513,4
15514,15514,4
15515,15515,4
15516,15516,4
15517,15517,4
15518,15518,4
15519,15519,4
15520,15520,4
15521,15521,4
15522,15522,4
15523,15523,4
15524,15524,4
15525,15525,4
15526,15526,4
15527,15527,4
15528,15528,4
15529,15529,4
15530,15530,4
15531,15531,4
15532,15532,4
15533,15533,4
15534,15534,4
15535,15535,4
15536,15536,4
15537,15537,4
15538,15538,4
15539,15539,4
15540,15540,4
15541,15541,4
15542,15542,4
15543,15543,4
15544,15544,4
15545,15545,4
15546,15546,4
15547,15547,4
15548,15548,4
15549,15549,4
15550,15550,4
15551,15551,4
15552,15552,4
15553,15553,4
15554,15554,4
15555,15555,4
15556,15556,4
15557,15557,4
15558,15558,4
15559,15559,4
15560,15560,4
15561,15561,4
15562,15562,4
15563,15563,4
15564,15564,4
15565,15565,4
15566,15566,4
15567,15567,4
15568,15568,4
15569,15569,4
15570,15570,4
15571,15571,4
15572,15572,4
15573,15573,4
15574,15574,4
15575,15575,4
15576,15576,4
15577,15577,4
15578,15578,4
15579,15579,4
15580,15580,4
15581,15581,4
15582,15582,4
15583,15583,4
15584,15584,4
15585,15585,4
15586,15586,4
15587,15587,4
15588,15588,4
15589,15589,4
15590,15590,4
15591,15591,4
15592,15592,4
15593,15593,4
15594,15594,4
15595,15595,4
15596,15596,4
15597,15597,4
15598,15598,4
15599,15599,4
15600,15600,4
15601,15601,4
15602,15602,4
15603,15603,4
15604,15604,4
15605,15605,4
15606,15606,4
15607,15607,4
15608,15608,4
15609,15609,4
15610,15610,4
15611,15611,4
15612,15612,4
15613,15613,4
15614,15614,4
15615,15615,4
15616,15616,4
15617,15617,4
15618,15618,4
15619,15619,4
15620,15620,4
15621,15621,4
15622,15622,4
15623,15623,4
15624,15624,4
15625,15625,4
15626,15626,4
15627,15627,4
15628,15628,4
15629,15629,4
15630,15630,4
15631,15631,4
15632,15632,4
15633,15633,4
15634,15634,4
15635,15635,4
15636,15636,4
15637,15637,4
15638,15638,4
15639,15639,4
15640,15640,4
15641,15641,4
15642,15642,4
15643,15643,4
15644,15644,4
15645,15645,4
15646,15646,4
15647,15647,4
15648,15648,4
15649,15649,4
15650,15650,4
15651,15651,4
15652,15652,3
15653,15653,4
15654,15654,4
15655,15655,4
15656,15656,4
15657,15657,4
15658,15658,4
15659,15659,4
15660,15660,4
15661,15661,4
15662,15662,4
15663,15663,4
15664,15664,4
15665,15665,4
15666,15666,4
15667,15667,4
15668,15668,4
15669,15669,4
15670,15670,4
15671,15671,4
15672,15672,4
15673,15673,4
15674,15674,4
15675,15675,4
15676,15676,4
15677,15677,4
15678,15678,4
15679,15679,4
15680,15680,4
15681,15681,4
15682,15682,4
15683,15683,4
15684,15684,4
15685,15685,4
15686,15686,4
15687,15687,4
15688,15688,4
15689,15689,4
15690,15690,4
15691,15691,4
15692,15692,4
15693,15693,4
15694,15694,4
15695,15695,4
15696,15696,4
15697,15697,4
15698,15698,4
15699,15699,4
15700,15700,4
15701,15701,4
15702,15702,4
15703,15703,4
15704,15704,4
15705,15705,4
15706,15706,4
15707,15707,4
15708,15708,4
15709,15709,4
15710,15710,4
15711,15711,4
15712,15712,4
15713,15713,4
15714,15714,4
15715,15715,4
15716,15716,4
15717,15717,4
15718,15718,4
15719,15719,4
15720,15720,4
15721,15721,4
15722,15722,4
15723,15723,4
15724,15724,4
15725,15725,4
15726,15726,4
15727,15727,4
15728,15728,4
15729,15729,4
15730,15730,4
15731,15731,4
15732,15732,4
15733,15733,4
15734,15734,4
15735,15735,4
15736,15736,4
15737,15737,4
15738,15738,4
15739,15739,4
15740,15740,4
15741,15741,4
15742,15742,4
15743,15743,4
15744,15744,4
15745,15745,3
15746,15746,3
15747,15747,4
15748,15748,4
15749,15749,4
15750,15750,4
15751,15751,4
15752,15752,4
15753,15753,4
15754,15754,4
15755,15755,4
15756,15756,4
15757,15757,4
15758,15758,4
15759,15759,4
15760,15760,4
15761,15761,4
15762,15762,4
15763,15763,4
15764,15764,4
15765,15765,4
15766,15766,4
15767,15767,9
15768,15768,9
15769,15769,9
15770,15770,9
15771,15771,4
15772,15772,4
15773,15773,4
15774,15774,9
15775,15775,9
15776,15776,4
15777,15777,4
15778,15778,4
15779,15779,4
15780,15780,2
15781,15781,2
15782,15782,2
15783,15783,2
15784,15784,2
15785,15785,2
15786,15786,2
15787,15787,2
15788,15788,2
15789,15789,2
15790,15790,7
15791,15791,7
15792,15792,7
15793,15793,7
15794,15794,7
15795,15795,7
15796,15796,0
15797,15797,7
15798,15798,0
15799,15799,8
15800,15800,8
15801,15801,6
15802,15802,6
15803,15803,1
15804,15804,6
15805,15805,6
15806,15806,6
15807,15807,6
15808,15808,6
15809,15809,1
15810,15810,6
15811,15811,6
15812,15812,1
15813,15813,1
15814,15814,8
15815,15815,6
15816,15816,6
15817,15817,3
15818,15818,6
15819,15819,6
15820,15820,4
15821,15821,6
15822,15822,3
15823,15823,3
15824,15824,6
15825,15825,6
15826,15826,6
15827,15827,6
15828,15828,6
15829,15829,6
15830,15830,6
15831,15831,6
15832,15832,6
15833,15833,6
15834,15834,6
15835,15835,6
15836,15836,6
15837,15837,6
15838,15838,6
15839,15839,6
15840,15840,6
15841,15841,6
15842,15842,6
15843,15843,6
15844,15844,6
15845,15845,6
15846,15846,6
15847,15847,6
15848,15848,2
15849,15849,2
15850,15850,2
15851,15851,2
15852,15852,2
15853,15853,2
15854,15854,2
15855,15855,2
15856,15856,2
15857,15857,2
15858,15858,2
15859,15859,2
15860,15860,2
15861,15861,2
15862,15862,2
15863,15863,2
15864,15864,2
15865,15865,2
15866,15866,2
15867,15867,2
15868,15868,2
15869,15869,2
15870,15870,2
15871,15871,2
15872,15872,2
15873,15873,2
15874,15874,2
15875,15875,2
15876,15876,2
15877,15877,2
15878,15878,2
15879,15879,2
15880,15880,2
15881,15881,2
15882,15882,2
15883,15883,2
15884,15884,2
15885,15885,2
15886,15886,2
15887,15887,2
15888,15888,2
15889,15889,2
15890,15890,2
15891,15891,2
15892,15892,2
15893,15893,2
15894,15894,2
15895,15895,2
15896,15896,2
15897,15897,2
15898,15898,2
15899,15899,2
15900,15900,2
15901,15901,2
15902,15902,2
15903,15903,2
15904,15904,2
15905,15905,2
15906,15906,2
15907,15907,2
15908,15908,2
15909,15909,2
15910,15910,2
15911,15911,2
15912,15912,2
15913,15913,2
15914,15914,2
15915,15915,2
15916,15916,2
15917,15917,2
15918,15918,2
15919,15919,2
15920,15920,2
15921,15921,2
15922,15922,2
15923,15923,2
15924,15924,2
15925,15925,2
15926,15926,2
15927,15927,2
15928,15928,2
15929,15929,2
15930,15930,2
15931,15931,2
15932,15932,2
15933,15933,2
15934,15934,2
15935,15935,2
15936,15936,2
15937,15937,2
15938,15938,2
15939,15939,2
15940,15940,2
15941,15941,2
15942,15942,2
15943,15943,2
15944,15944,2
15945,15945,2
15946,15946,2
15947,15947,2
15948,15948,2
15949,15949,2
15950,15950,2
15951,15951,2
15952,15952,2
15953,15953,2
15954,15954,2
15955,15955,2
15956,15956,2
15957,15957,2
15958,15958,2
15959,15959,2
15960,15960,2
15961,15961,2
15962,15962,2
15963,15963,2
15964,15964,2
15965,15965,2
15966,15966,2
15967,15967,2
15968,15968,2
15969,15969,2
15970,15970,2
15971,15971,2
15972,15972,2
15973,15973,2
15974,15974,2
15975,15975,2
15976,15976,2
15977,15977,2
15978,15978,2
15979,15979,2
15980,15980,2
15981,15981,2
15982,15982,2
15983,15983,2
15984,15984,2
15985,15985,2
15986,15986,2
15987,15987,2
15988,15988,2
15989,15989,2
15990,15990,2
15991,15991,2
15992,15992,2
15993,15993,2
15994,15994,2
15995,15995,2
15996,15996,2
15997,15997,2
15998,15998,2
15999,15999,2
16000,16000,2
16001,16001,2
16002,16002,2
16003,16003,2
16004,16004,2
16005,16005,2
16006,16006,2
16007,16007,2
16008,16008,2
16009,16009,2
16010,16010,2
16011,16011,2
16012,16012,2
16013,16013,2
16014,16014,2
16015,16015,2
16016,16016,2
16017,16017,2
16018,16018,2
16019,16019,2
16020,16020,2
16021,16021,2
16022,16022,2
16023,16023,2
16024,16024,2
16025,16025,2
16026,16026,2
16027,16027,2
16028,16028,2
16029,16029,2
16030,16030,2
16031,16031,2
16032,16032,2
16033,16033,2
16034,16034,2
16035,16035,2
16036,16036,2
16037,16037,2
16038,16038,2
16039,16039,2
16040,16040,2
16041,16041,2
16042,16042,2
16043,16043,2
16044,16044,2
16045,16045,2
16046,16046,2
16047,16047,2
16048,16048,2
16049,16049,2
16050,16050,2
16051,16051,2
16052,16052,2
16053,16053,2
16054,16054,2
16055,16055,2
16056,16056,2
16057,16057,2
16058,16058,2
16059,16059,2
16060,16060,2
16061,16061,7
16062,16062,7
16063,16063,7
16064,16064,7
16065,16065,7
16066,16066,7
16067,16067,1
16068,16068,7
16069,16069,7
16070,16070,1
16071,16071,1
16072,16072,1
16073,16073,1
16074,16074,1
16075,16075,1
16076,16076,1
16077,16077,1
16078,16078,1
16079,16079,1
16080,16080,1
16081,16081,1
16082,16082,1
16083,16083,1
16084,16084,1
16085,16085,1
16086,16086,1
16087,16087,1
16088,16088,1
16089,16089,1
16090,16090,1
16091,16091,1
16092,16092,1
16093,16093,1
16094,16094,1
16095,16095,1
16096,16096,1
16097,16097,1
16098,16098,1
16099,16099,1
16100,16100,1
16101,16101,1
16102,16102,1
16103,16103,1
16104,16104,1
16105,16105,1
16106,16106,1
16107,16107,1
16108,16108,1
16109,16109,1
16110,16110,1
16111,16111,1
16112,16112,1
16113,16113,1
16114,16114,1
16115,16115,1
16116,16116,1
16117,16117,1
16118,16118,1
16119,16119,1
16120,16120,1
16121,16121,1
16122,16122,1
16123,16123,1
16124,16124,1
16125,16125,1
16126,16126,1
16127,16127,1
16128,16128,7
16129,16129,1
16130,16130,1
16131,16131,1
16132,16132,1
16133,16133,1
16134,16134,1
16135,16135,1
16136,16136,1
16137,16137,1
16138,16138,1
16139,16139,1
16140,16140,1
16141,16141,1
16142,16142,1
16143,16143,1
16144,16144,1
16145,16145,1
16146,16146,1
16147,16147,1
16148,16148,1
16149,16149,7
16150,16150,7
16151,16151,7
16152,16152,7
16153,16153,7
16154,16154,7
16155,16155,7
16156,16156,7
16157,16157,1
16158,16158,7
16159,16159,7
16160,16160,7
16161,16161,1
16162,16162,7
16163,16163,7
16164,16164,7
16165,16165,7
16166,16166,7
16167,16167,7
16168,16168,7
16169,16169,7
16170,16170,7
16171,16171,1
16172,16172,1
16173,16173,7
16174,16174,1
16175,16175,8
16176,16176,8
16177,16177,8
16178,16178,8
16179,16179,8
16180,16180,8
16181,16181,1
16182,16182,8
16183,16183,8
16184,16184,8
16185,16185,8
16186,16186,8
16187,16187,8
16188,16188,8
16189,16189,8
16190,16190,8
16191,16191,8
16192,16192,1
16193,16193,1
16194,16194,1
16195,16195,1
16196,16196,1
16197,16197,1
16198,16198,6
16199,16199,6
16200,16200,6
16201,16201,6
16202,16202,6
16203,16203,6
16204,16204,6
16205,16205,6
16206,16206,6
16207,16207,6
16208,16208,6
16209,16209,6
16210,16210,6
16211,16211,6
16212,16212,6
16213,16213,6
16214,16214,6
16215,16215,6
16216,16216,6
16217,16217,6
16218,16218,6
16219,16219,6
16220,16220,6
16221,16221,6
16222,16222,6
16223,16223,6
16224,16224,6
16225,16225,6
16226,16226,6
16227,16227,6
16228,16228,6
16229,16229,6
16230,16230,6
16231,16231,6
16232,16232,6
16233,16233,6
16234,16234,6
16235,16235,6
16236,16236,6
16237,16237,6
16238,16238,6
16239,16239,6
16240,16240,6
16241,16241,6
16242,16242,6
16243,16243,6
16244,16244,6
16245,16245,6
16246,16246,6
16247,16247,6
16248,16248,6
16249,16249,6
16250,16250,6
16251,16251,6
16252,16252,6
16253,16253,6
16254,16254,6
16255,16255,6
16256,16256,6
16257,16257,6
16258,16258,6
16259,16259,6
16260,16260,6
16261,16261,6
16262,16262,6
16263,16263,6
16264,16264,6
16265,16265,6
16266,16266,6
16267,16267,6
16268,16268,6
16269,16269,6
16270,16270,6
16271,16271,6
16272,16272,6
16273,16273,6
16274,16274,6
16275,16275,6
16276,16276,6
16277,16277,6
16278,16278,6
16279,16279,6
16280,16280,6
16281,16281,6
16282,16282,6
16283,16283,6
16284,16284,6
16285,16285,6
16286,16286,6
16287,16287,6
16288,16288,6
16289,16289,6
16290,16290,6
16291,16291,6
16292,16292,6
16293,16293,6
16294,16294,6
16295,16295,6
16296,16296,6
16297,16297,6
16298,16298,6
16299,16299,6
16300,16300,6
16301,16301,6
16302,16302,6
16303,16303,6
16304,16304,6
16305,16305,6
16306,16306,6
16307,16307,6
16308,16308,6
16309,16309,6
16310,16310,6
16311,16311,6
16312,16312,6
16313,16313,6
16314,16314,6
16315,16315,6
16316,16316,6
16317,16317,6
16318,16318,6
16319,16319,6
16320,16320,6
16321,16321,6
16322,16322,6
16323,16323,6
16324,16324,6
16325,16325,6
16326,16326,6
16327,16327,6
16328,16328,6
16329,16329,6
16330,16330,6
16331,16331,6
16332,16332,6
16333,16333,6
16334,16334,6
16335,16335,6
16336,16336,6
16337,16337,6
16338,16338,6
16339,16339,6
16340,16340,6
16341,16341,6
16342,16342,6
16343,16343,6
16344,16344,6
16345,16345,6
16346,16346,6
16347,16347,6
16348,16348,6
16349,16349,6
16350,16350,6
16351,16351,6
16352,16352,6
16353,16353,6
16354,16354,6
16355,16355,6
16356,16356,6
16357,16357,6
16358,16358,6
16359,16359,6
16360,16360,6
16361,16361,6
16362,16362,6
16363,16363,6
16364,16364,1
16365,16365,1
16366,16366,1
16367,16367,6
16368,16368,1
16369,16369,1
16370,16370,1
16371,16371,1
16372,16372,1
16373,16373,1
16374,16374,1
16375,16375,1
16376,16376,1
16377,16377,1
16378,16378,1
16379,16379,1
16380,16380,6
16381,16381,1
16382,16382,1
16383,16383,1
16384,16384,1
16385,16385,1
16386,16386,1
16387,16387,1
16388,16388,1
16389,16389,1
16390,16390,1
16391,16391,1
16392,16392,1
16393,16393,1
16394,16394,1
16395,16395,1
16396,16396,1
16397,16397,1
16398,16398,1
16399,16399,1
16400,16400,1
16401,16401,1
16402,16402,1
16403,16403,1
16404,16404,6
16405,16405,6
16406,16406,6
16407,16407,6
16408,16408,6
16409,16409,6
16410,16410,6
16411,16411,6
16412,16412,6
16413,16413,6
16414,16414,6
16415,16415,6
16416,16416,6
16417,16417,6
16418,16418,6
16419,16419,1
16420,16420,1
16421,16421,1
16422,16422,1
16423,16423,1
16424,16424,1
16425,16425,1
16426,16426,1
16427,16427,1
16428,16428,1
16429,16429,1
16430,16430,1
16431,16431,1
16432,16432,1
16433,16433,1
16434,16434,1
16435,16435,1
16436,16436,1
16437,16437,1
16438,16438,1
16439,16439,1
16440,16440,1
16441,16441,1
16442,16442,1
16443,16443,1
16444,16444,1
16445,16445,1
16446,16446,1
16447,16447,1
16448,16448,1
16449,16449,6
16450,16450,1
16451,16451,1
16452,16452,1
16453,16453,1
16454,16454,1
16455,16455,1
16456,16456,1
16457,16457,1
16458,16458,6
16459,16459,6
16460,16460,6
16461,16461,6
16462,16462,6
16463,16463,6
16464,16464,6
16465,16465,6
16466,16466,6
16467,16467,6
16468,16468,6
16469,16469,6
16470,16470,6
16471,16471,6
16472,16472,6
16473,16473,6
16474,16474,6
16475,16475,6
16476,16476,6
16477,16477,6
16478,16478,6
16479,16479,6
16480,16480,6
16481,16481,6
16482,16482,6
16483,16483,6
16484,16484,6
16485,16485,6
16486,16486,6
16487,16487,6
16488,16488,6
16489,16489,6
16490,16490,6
16491,16491,6
16492,16492,6
16493,16493,6
16494,16494,6
16495,16495,6
16496,16496,6
16497,16497,6
16498,16498,6
16499,16499,3
16500,16500,6
16501,16501,3
16502,16502,3
16503,16503,6
16504,16504,3
16505,16505,3
16506,16506,3
16507,16507,3
16508,16508,3
16509,16509,3
16510,16510,3
16511,16511,3
16512,16512,3
16513,16513,3
16514,16514,3
16515,16515,3
16516,16516,3
16517,16517,3
16518,16518,3
16519,16519,3
16520,16520,3
16521,16521,3
16522,16522,3
16523,16523,6
16524,16524,6
16525,16525,6
16526,16526,6
16527,16527,6
16528,16528,6
16529,16529,6
16530,16530,3
16531,16531,3
16532,16532,3
16533,16533,6
16534,16534,3
16535,16535,3
16536,16536,3
16537,16537,3
16538,16538,3
16539,16539,3
16540,16540,6
16541,16541,6
16542,16542,6
16543,16543,6
16544,16544,6
16545,16545,6
16546,16546,6
16547,16547,6
16548,16548,6
16549,16549,6
16550,16550,6
16551,16551,6
16552,16552,6
16553,16553,6
16554,16554,1
16555,16555,1
16556,16556,0
16557,16557,6
16558,16558,6
16559,16559,4
16560,16560,4
16561,16561,4
16562,16562,4
16563,16563,4
16564,16564,4
16565,16565,4
16566,16566,4
16567,16567,4
16568,16568,8
16569,16569,8
16570,16570,8
16571,16571,8
16572,16572,8
16573,16573,8
16574,16574,8
16575,16575,8
16576,16576,8
16577,16577,8
16578,16578,8
16579,16579,8
16580,16580,8
16581,16581,8
16582,16582,8
16583,16583,8
16584,16584,8
16585,16585,8
16586,16586,8
16587,16587,8
16588,16588,8
16589,16589,8
16590,16590,8
16591,16591,8
16592,16592,8
16593,16593,8
16594,16594,8
16595,16595,8
16596,16596,8
16597,16597,8
16598,16598,8
16599,16599,8
16600,16600,8
16601,16601,8
16602,16602,8
16603,16603,8
16604,16604,8
16605,16605,8
16606,16606,8
16607,16607,8
16608,16608,8
16609,16609,8
16610,16610,8
16611,16611,8
16612,16612,8
16613,16613,8
16614,16614,8
16615,16615,8
16616,16616,8
16617,16617,8
16618,16618,8
16619,16619,8
16620,16620,6
16621,16621,8
16622,16622,6
16623,16623,6
16624,16624,8
16625,16625,6
16626,16626,8
16627,16627,6
16628,16628,6
16629,16629,6
16630,16630,6
16631,16631,6
16632,16632,6
16633,16633,6
16634,16634,6
16635,16635,6
16636,16636,6
16637,16637,6
16638,16638,8
16639,16639,8
16640,16640,1
16641,16641,8
16642,16642,8
16643,16643,8
16644,16644,8
16645,16645,8
16646,16646,8
16647,16647,8
16648,16648,8
16649,16649,3
16650,16650,1
16651,16651,1
16652,16652,1
16653,16653,1
16654,16654,1
16655,16655,1
16656,16656,1
16657,16657,1
16658,16658,1
16659,16659,3
16660,16660,6
16661,16661,1
16662,16662,1
16663,16663,1
16664,16664,1
16665,16665,1
16666,16666,3
16667,16667,6
16668,16668,1
16669,16669,1
16670,16670,6
16671,16671,6
16672,16672,1
16673,16673,1
16674,16674,1
16675,16675,1
16676,16676,1
16677,16677,1
16678,16678,1
16679,16679,1
16680,16680,1
16681,16681,1
16682,16682,1
16683,16683,1
16684,16684,3
16685,16685,3
16686,16686,3
16687,16687,3
16688,16688,4
16689,16689,3
16690,16690,3
16691,16691,3
16692,16692,3
16693,16693,3
16694,16694,3
16695,16695,3
16696,16696,3
16697,16697,4
16698,16698,4
16699,16699,3
16700,16700,4
16701,16701,3
16702,16702,3
16703,16703,3
16704,16704,3
16705,16705,3
16706,16706,3
16707,16707,3
16708,16708,3
16709,16709,3
16710,16710,3
16711,16711,3
16712,16712,3
16713,16713,3
16714,16714,3
16715,16715,3
16716,16716,3
16717,16717,3
16718,16718,3
16719,16719,3
16720,16720,3
16721,16721,3
16722,16722,3
16723,16723,3
16724,16724,3
16725,16725,3
16726,16726,3
16727,16727,3
16728,16728,3
16729,16729,3
16730,16730,3
16731,16731,3
16732,16732,3
16733,16733,3
16734,16734,3
16735,16735,3
16736,16736,3
16737,16737,3
16738,16738,3
16739,16739,3
16740,16740,3
16741,16741,3
16742,16742,3
16743,16743,3
16744,16744,3
16745,16745,3
16746,16746,3
16747,16747,3
16748,16748,3
16749,16749,3
16750,16750,3
16751,16751,3
16752,16752,3
16753,16753,3
16754,16754,3
16755,16755,3
16756,16756,3
16757,16757,3
16758,16758,3
16759,16759,3
16760,16760,3
16761,16761,6
16762,16762,3
16763,16763,3
16764,16764,3
16765,16765,3
16766,16766,6
16767,16767,3
16768,16768,3
16769,16769,3
16770,16770,3
16771,16771,3
16772,16772,3
16773,16773,3
16774,16774,3
16775,16775,3
16776,16776,3
16777,16777,3
16778,16778,3
16779,16779,3
16780,16780,3
16781,16781,3
16782,16782,3
16783,16783,3
16784,16784,3
16785,16785,3
16786,16786,3
16787,16787,3
16788,16788,3
16789,16789,3
16790,16790,3
16791,16791,3
16792,16792,6
16793,16793,3
16794,16794,3
16795,16795,3
16796,16796,3
16797,16797,3
16798,16798,3
16799,16799,3
16800,16800,6
16801,16801,3
16802,16802,3
16803,16803,6
16804,16804,6
16805,16805,6
16806,16806,6
16807,16807,6
16808,16808,6
16809,16809,3
16810,16810,3
16811,16811,3
16812,16812,3
16813,16813,6
16814,16814,6
16815,16815,6
16816,16816,6
16817,16817,3
16818,16818,3
16819,16819,3
16820,16820,3
16821,16821,3
16822,16822,3
16823,16823,3
16824,16824,6
16825,16825,6
16826,16826,6
16827,16827,6
16828,16828,4
16829,16829,4
16830,16830,6
16831,16831,4
16832,16832,6
16833,16833,6
16834,16834,6
16835,16835,6
16836,16836,6
16837,16837,6
16838,16838,6
16839,16839,6
16840,16840,6
16841,16841,6
16842,16842,6
16843,16843,6
16844,16844,6
16845,16845,6
16846,16846,6
16847,16847,6
16848,16848,6
16849,16849,6
16850,16850,6
16851,16851,6
16852,16852,6
16853,16853,6
16854,16854,6
16855,16855,6
16856,16856,6
16857,16857,6
16858,16858,4
16859,16859,4
16860,16860,4
16861,16861,4
16862,16862,6
16863,16863,6
16864,16864,6
16865,16865,4
16866,16866,6
16867,16867,6
16868,16868,6
16869,16869,6
16870,16870,6
16871,16871,4
16872,16872,4
16873,16873,4
16874,16874,6
16875,16875,6
16876,16876,6
16877,16877,6
16878,16878,6
16879,16879,6
16880,16880,6
16881,16881,6
16882,16882,6
16883,16883,6
16884,16884,6
16885,16885,6
16886,16886,6
16887,16887,6
16888,16888,6
16889,16889,6
16890,16890,6
16891,16891,6
16892,16892,6
16893,16893,6
16894,16894,6
16895,16895,6
16896,16896,6
16897,16897,6
16898,16898,6
16899,16899,6
16900,16900,6
16901,16901,6
16902,16902,6
16903,16903,6
16904,16904,6
16905,16905,6
16906,16906,6
16907,16907,6
16908,16908,6
16909,16909,6
16910,16910,6
16911,16911,6
16912,16912,6
16913,16913,6
16914,16914,6
16915,16915,6
16916,16916,6
16917,16917,6
16918,16918,6
16919,16919,6
16920,16920,6
16921,16921,6
16922,16922,6
16923,16923,6
16924,16924,6
16925,16925,6
16926,16926,6
16927,16927,6
16928,16928,6
16929,16929,6
16930,16930,6
16931,16931,6
16932,16932,6
16933,16933,6
16934,16934,6
16935,16935,6
16936,16936,6
16937,16937,6
16938,16938,6
16939,16939,6
16940,16940,6
16941,16941,6
16942,16942,6
16943,16943,6
16944,16944,6
16945,16945,6
16946,16946,6
16947,16947,6
16948,16948,6
16949,16949,6
16950,16950,6
16951,16951,6
16952,16952,6
16953,16953,3
16954,16954,6
16955,16955,6
16956,16956,6
16957,16957,6
16958,16958,6
16959,16959,3
16960,16960,3
16961,16961,3
16962,16962,3
16963,16963,3
16964,16964,4
16965,16965,4
16966,16966,4
16967,16967,4
16968,16968,4
16969,16969,4
16970,16970,4
16971,16971,3
16972,16972,3
16973,16973,4
16974,16974,4
16975,16975,4
16976,16976,4
16977,16977,4
16978,16978,3
16979,16979,3
16980,16980,3
16981,16981,4
16982,16982,3
16983,16983,3
16984,16984,6
16985,16985,4
16986,16986,4
16987,16987,6
16988,16988,3
16989,16989,4
16990,16990,4
16991,16991,4
16992,16992,4
16993,16993,4
16994,16994,4
16995,16995,4
16996,16996,3
16997,16997,3
16998,16998,3
16999,16999,7
17000,17000,7
17001,17001,7
17002,17002,7
17003,17003,7
17004,17004,7
17005,17005,7
17006,17006,3
17007,17007,3
17008,17008,3
17009,17009,3
17010,17010,3
17011,17011,3
17012,17012,3
17013,17013,3
17014,17014,3
17015,17015,3
17016,17016,3
17017,17017,3
17018,17018,3
17019,17019,3
17020,17020,3
17021,17021,3
17022,17022,3
17023,17023,3
17024,17024,3
17025,17025,3
17026,17026,3
17027,17027,3
17028,17028,3
17029,17029,3
17030,17030,3
17031,17031,3
17032,17032,3
17033,17033,3
17034,17034,3
17035,17035,3
17036,17036,3
17037,17037,3
17038,17038,3
17039,17039,3
17040,17040,3
17041,17041,3
17042,17042,3
17043,17043,3
17044,17044,3
17045,17045,3
17046,17046,1
17047,17047,1
17048,17048,1
17049,17049,1
17050,17050,1
17051,17051,1
17052,17052,1
17053,17053,1
17054,17054,1
17055,17055,1
17056,17056,1
17057,17057,1
17058,17058,1
17059,17059,1
17060,17060,1
17061,17061,1
17062,17062,1
17063,17063,1
17064,17064,1
17065,17065,1
17066,17066,1
17067,17067,1
17068,17068,1
17069,17069,1
17070,17070,1
17071,17071,1
17072,17072,1
17073,17073,1
17074,17074,3
17075,17075,3
17076,17076,1
17077,17077,1
17078,17078,1
17079,17079,1
17080,17080,1
17081,17081,1
17082,17082,1
17083,17083,1
17084,17084,1
17085,17085,3
17086,17086,1
17087,17087,1
17088,17088,1
17089,17089,3
17090,17090,1
17091,17091,1
17092,17092,1
17093,17093,3
17094,17094,3
17095,17095,3
17096,17096,3
17097,17097,3
17098,17098,1
17099,17099,1
17100,17100,1
17101,17101,1
17102,17102,1
17103,17103,1
17104,17104,1
17105,17105,1
17106,17106,1
17107,17107,1
17108,17108,1
17109,17109,1
17110,17110,1
17111,17111,6
17112,17112,1
17113,17113,1
17114,17114,6
17115,17115,1
17116,17116,1
17117,17117,6
17118,17118,6
17119,17119,1
17120,17120,1
17121,17121,1
17122,17122,1
17123,17123,1
17124,17124,1
17125,17125,1
17126,17126,1
17127,17127,1
17128,17128,1
17129,17129,1
17130,17130,1
17131,17131,6
17132,17132,6
17133,17133,6
17134,17134,6
17135,17135,6
17136,17136,6
17137,17137,6
17138,17138,6
17139,17139,1
17140,17140,1
17141,17141,1
17142,17142,1
17143,17143,1
17144,17144,1
17145,17145,1
17146,17146,1
17147,17147,1
17148,17148,1
17149,17149,6
17150,17150,6
17151,17151,6
17152,17152,6
17153,17153,6
17154,17154,6
17155,17155,6
17156,17156,6
17157,17157,6
17158,17158,6
17159,17159,6
17160,17160,6
17161,17161,6
17162,17162,6
17163,17163,6
17164,17164,6
17165,17165,6
17166,17166,6
17167,17167,6
17168,17168,8
17169,17169,8
17170,17170,8
17171,17171,8
17172,17172,6
17173,17173,6
17174,17174,8
17175,17175,8
17176,17176,8
17177,17177,8
17178,17178,8
17179,17179,8
17180,17180,8
17181,17181,8
17182,17182,8
17183,17183,8
17184,17184,6
17185,17185,6
17186,17186,6
17187,17187,6
17188,17188,6
17189,17189,6
17190,17190,6
17191,17191,6
17192,17192,6
17193,17193,6
17194,17194,6
17195,17195,6
17196,17196,1
17197,17197,1
17198,17198,1
17199,17199,1
17200,17200,1
17201,17201,1
17202,17202,1
17203,17203,1
17204,17204,6
17205,17205,1
17206,17206,1
17207,17207,1
17208,17208,1
17209,17209,1
17210,17210,1
17211,17211,6
17212,17212,1
17213,17213,1
17214,17214,6
17215,17215,6
17216,17216,6
17217,17217,1
17218,17218,6
17219,17219,6
17220,17220,6
17221,17221,6
17222,17222,6
17223,17223,6
17224,17224,6
17225,17225,6
17226,17226,6
17227,17227,1
17228,17228,1
17229,17229,1
17230,17230,1
17231,17231,1
17232,17232,6
17233,17233,1
17234,17234,1
17235,17235,1
17236,17236,6
17237,17237,6
17238,17238,1
17239,17239,1
17240,17240,6
17241,17241,1
17242,17242,1
17243,17243,1
17244,17244,1
17245,17245,1
17246,17246,6
17247,17247,6
17248,17248,6
17249,17249,6
17250,17250,6
17251,17251,6
17252,17252,1
17253,17253,6
17254,17254,6
17255,17255,6
17256,17256,6
17257,17257,6
17258,17258,6
17259,17259,6
17260,17260,6
17261,17261,6
17262,17262,6
17263,17263,6
17264,17264,6
17265,17265,6
17266,17266,6
17267,17267,6
17268,17268,6
17269,17269,6
17270,17270,6
17271,17271,6
17272,17272,6
17273,17273,6
17274,17274,6
17275,17275,6
17276,17276,6
17277,17277,6
17278,17278,6
17279,17279,6
17280,17280,6
17281,17281,6
17282,17282,6
17283,17283,6
17284,17284,6
17285,17285,6
17286,17286,6
17287,17287,6
17288,17288,6
17289,17289,6
17290,17290,6
17291,17291,6
17292,17292,6
17293,17293,4
17294,17294,4
17295,17295,6
17296,17296,6
17297,17297,4
17298,17298,4
17299,17299,4
17300,17300,6
17301,17301,4
17302,17302,4
17303,17303,6
17304,17304,6
17305,17305,6
17306,17306,6
17307,17307,6
17308,17308,6
17309,17309,6
17310,17310,6
17311,17311,6
17312,17312,6
17313,17313,6
17314,17314,6
17315,17315,6
17316,17316,6
17317,17317,6
17318,17318,6
17319,17319,6
17320,17320,6
17321,17321,6
17322,17322,6
17323,17323,6
17324,17324,6
17325,17325,6
17326,17326,6
17327,17327,6
17328,17328,4
17329,17329,6
17330,17330,6
17331,17331,6
17332,17332,6
17333,17333,6
17334,17334,6
17335,17335,6
17336,17336,6
17337,17337,6
17338,17338,6
17339,17339,6
17340,17340,6
17341,17341,6
17342,17342,6
17343,17343,6
17344,17344,6
17345,17345,6
17346,17346,1
17347,17347,1
17348,17348,1
17349,17349,6
17350,17350,1
17351,17351,1
17352,17352,1
17353,17353,1
17354,17354,1
17355,17355,1
17356,17356,6
17357,17357,6
17358,17358,6
17359,17359,1
17360,17360,6
17361,17361,6
17362,17362,6
17363,17363,6
17364,17364,1
17365,17365,1
17366,17366,1
17367,17367,1
17368,17368,6
17369,17369,6
17370,17370,6
17371,17371,6
17372,17372,6
17373,17373,6
17374,17374,6
17375,17375,6
17376,17376,6
17377,17377,1
17378,17378,1
17379,17379,1
17380,17380,1
17381,17381,1
17382,17382,1
17383,17383,1
17384,17384,1
17385,17385,1
17386,17386,1
17387,17387,1
17388,17388,1
17389,17389,1
17390,17390,1
17391,17391,1
17392,17392,1
17393,17393,1
17394,17394,1
17395,17395,1
17396,17396,1
17397,17397,1
17398,17398,1
17399,17399,1
17400,17400,1
17401,17401,1
17402,17402,1
17403,17403,1
17404,17404,1
17405,17405,1
17406,17406,1
17407,17407,1
17408,17408,1
17409,17409,1
17410,17410,1
17411,17411,1
17412,17412,1
17413,17413,1
17414,17414,1
17415,17415,1
17416,17416,1
17417,17417,1
17418,17418,1
17419,17419,1
17420,17420,1
17421,17421,1
17422,17422,1
17423,17423,1
17424,17424,1
17425,17425,1
17426,17426,1
17427,17427,1
17428,17428,1
17429,17429,1
17430,17430,1
17431,17431,1
17432,17432,1
17433,17433,1
17434,17434,1
17435,17435,1
17436,17436,1
17437,17437,1
17438,17438,1
17439,17439,1
17440,17440,1
17441,17441,6
17442,17442,1
17443,17443,1
17444,17444,1
17445,17445,1
17446,17446,1
17447,17447,1
17448,17448,1
17449,17449,1
17450,17450,1
17451,17451,1
17452,17452,1
17453,17453,1
17454,17454,1
17455,17455,1
17456,17456,1
17457,17457,1
17458,17458,1
17459,17459,1
17460,17460,1
17461,17461,1
17462,17462,3
17463,17463,3
17464,17464,3
17465,17465,3
17466,17466,3
17467,17467,3
17468,17468,3
17469,17469,3
17470,17470,3
17471,17471,3
17472,17472,3
17473,17473,3
17474,17474,3
17475,17475,6
17476,17476,3
17477,17477,6
17478,17478,3
17479,17479,6
17480,17480,6
17481,17481,6
17482,17482,6
17483,17483,6
17484,17484,6
17485,17485,6
17486,17486,6
17487,17487,6
17488,17488,6
17489,17489,6
17490,17490,6
17491,17491,6
17492,17492,3
17493,17493,3
17494,17494,3
17495,17495,3
17496,17496,3
17497,17497,3
17498,17498,3
17499,17499,6
17500,17500,6
17501,17501,6
17502,17502,6
17503,17503,6
17504,17504,6
17505,17505,6
17506,17506,6
17507,17507,6
17508,17508,6
17509,17509,6
17510,17510,6
17511,17511,6
17512,17512,6
17513,17513,6
17514,17514,6
17515,17515,6
17516,17516,6
17517,17517,6
17518,17518,6
17519,17519,6
17520,17520,6
17521,17521,6
17522,17522,6
17523,17523,6
17524,17524,6
17525,17525,6
17526,17526,6
17527,17527,6
17528,17528,6
17529,17529,1
17530,17530,1
17531,17531,1
17532,17532,1
17533,17533,1
17534,17534,1
17535,17535,1
17536,17536,6
17537,17537,6
17538,17538,1
17539,17539,1
17540,17540,1
17541,17541,1
17542,17542,1
17543,17543,1
17544,17544,1
17545,17545,1
17546,17546,6
17547,17547,6
17548,17548,1
17549,17549,6
17550,17550,1
17551,17551,1
17552,17552,1
17553,17553,1
17554,17554,1
17555,17555,1
17556,17556,1
17557,17557,1
17558,17558,1
17559,17559,1
17560,17560,1
17561,17561,1
17562,17562,1
17563,17563,1
17564,17564,1
17565,17565,1
17566,17566,1
17567,17567,1
17568,17568,1
17569,17569,1
17570,17570,1
17571,17571,1
17572,17572,1
17573,17573,1
17574,17574,1
17575,17575,1
17576,17576,1
17577,17577,1
17578,17578,6
17579,17579,6
17580,17580,1
17581,17581,1
17582,17582,1
17583,17583,1
17584,17584,1
17585,17585,1
17586,17586,1
17587,17587,1
17588,17588,1
17589,17589,1
17590,17590,1
17591,17591,1
17592,17592,1
17593,17593,1
17594,17594,1
17595,17595,1
17596,17596,1
17597,17597,1
17598,17598,1
17599,17599,1
17600,17600,1
17601,17601,1
17602,17602,1
17603,17603,1
17604,17604,1
17605,17605,1
17606,17606,1
17607,17607,1
17608,17608,1
17609,17609,1
17610,17610,1
17611,17611,1
17612,17612,1
17613,17613,1
17614,17614,1
17615,17615,1
17616,17616,1
17617,17617,1
17618,17618,1
17619,17619,1
17620,17620,1
17621,17621,1
17622,17622,1
17623,17623,1
17624,17624,1
17625,17625,1
17626,17626,1
17627,17627,1
17628,17628,1
17629,17629,1
17630,17630,1
17631,17631,1
17632,17632,1
17633,17633,1
17634,17634,1
17635,17635,1
17636,17636,1
17637,17637,1
17638,17638,1
17639,17639,1
17640,17640,1
17641,17641,1
17642,17642,1
17643,17643,1
17644,17644,1
17645,17645,1
17646,17646,1
17647,17647,1
17648,17648,1
17649,17649,1
17650,17650,1
17651,17651,1
17652,17652,3
17653,17653,1
17654,17654,1
17655,17655,1
17656,17656,1
17657,17657,1
17658,17658,1
17659,17659,1
17660,17660,1
17661,17661,1
17662,17662,1
17663,17663,1
17664,17664,1
17665,17665,1
17666,17666,1
17667,17667,1
17668,17668,1
17669,17669,1
17670,17670,1
17671,17671,1
17672,17672,3
17673,17673,1
17674,17674,3
17675,17675,1
17676,17676,1
17677,17677,1
17678,17678,1
17679,17679,1
17680,17680,3
17681,17681,1
17682,17682,1
17683,17683,1
17684,17684,1
17685,17685,1
17686,17686,1
17687,17687,1
17688,17688,1
17689,17689,1
17690,17690,1
17691,17691,1
17692,17692,1
17693,17693,1
17694,17694,1
17695,17695,1
17696,17696,1
17697,17697,1
17698,17698,1
17699,17699,1
17700,17700,1
17701,17701,1
17702,17702,1
17703,17703,1
17704,17704,1
17705,17705,3
17706,17706,3
17707,17707,3
17708,17708,3
17709,17709,3
17710,17710,3
17711,17711,3
17712,17712,3
17713,17713,3
17714,17714,3
17715,17715,3
17716,17716,3
17717,17717,3
17718,17718,3
17719,17719,3
17720,17720,3
17721,17721,3
17722,17722,3
17723,17723,3
17724,17724,3
17725,17725,3
17726,17726,3
17727,17727,3
17728,17728,3
17729,17729,3
17730,17730,3
17731,17731,3
17732,17732,3
17733,17733,3
17734,17734,3
17735,17735,3
17736,17736,3
17737,17737,3
17738,17738,3
17739,17739,3
17740,17740,3
17741,17741,3
17742,17742,3
17743,17743,3
17744,17744,3
17745,17745,3
17746,17746,3
17747,17747,3
17748,17748,3
17749,17749,3
17750,17750,3
17751,17751,3
17752,17752,3
17753,17753,3
17754,17754,3
17755,17755,3
17756,17756,3
17757,17757,3
17758,17758,3
17759,17759,3
17760,17760,3
17761,17761,3
17762,17762,3
17763,17763,3
17764,17764,3
17765,17765,3
17766,17766,3
17767,17767,3
17768,17768,3
17769,17769,3
17770,17770,3
17771,17771,3
17772,17772,3
17773,17773,3
17774,17774,3
17775,17775,3
17776,17776,3
17777,17777,3
17778,17778,3
17779,17779,3
17780,17780,3
17781,17781,3
17782,17782,3
17783,17783,3
17784,17784,3
17785,17785,3
17786,17786,3
17787,17787,3
17788,17788,3
17789,17789,3
17790,17790,3
17791,17791,3
17792,17792,3
17793,17793,3
17794,17794,3
17795,17795,3
17796,17796,3
17797,17797,3
17798,17798,3
17799,17799,3
17800,17800,3
17801,17801,3
17802,17802,3
17803,17803,3
17804,17804,3
17805,17805,3
17806,17806,3
17807,17807,3
17808,17808,3
17809,17809,3
17810,17810,3
17811,17811,3
17812,17812,3
17813,17813,3
17814,17814,3
17815,17815,3
17816,17816,3
17817,17817,3
17818,17818,3
17819,17819,3
17820,17820,3
17821,17821,3
17822,17822,3
17823,17823,3
17824,17824,3
17825,17825,3
17826,17826,3
17827,17827,3
17828,17828,3
17829,17829,3
17830,17830,3
17831,17831,3
17832,17832,3
17833,17833,3
17834,17834,4
17835,17835,3
17836,17836,3
17837,17837,3
17838,17838,3
17839,17839,3
17840,17840,3
17841,17841,3
17842,17842,3
17843,17843,3
17844,17844,3
17845,17845,4
17846,17846,4
17847,17847,3
17848,17848,4
17849,17849,3
17850,17850,4
17851,17851,3
17852,17852,3
17853,17853,3
17854,17854,3
17855,17855,4
17856,17856,3
17857,17857,4
17858,17858,3
17859,17859,3
17860,17860,4
17861,17861,4
17862,17862,3
17863,17863,3
17864,17864,3
17865,17865,3
17866,17866,3
17867,17867,3
17868,17868,3
17869,17869,3
17870,17870,3
17871,17871,3
17872,17872,3
17873,17873,3
17874,17874,3
17875,17875,3
17876,17876,3
17877,17877,3
17878,17878,3
17879,17879,3
17880,17880,3
17881,17881,3
17882,17882,3
17883,17883,3
17884,17884,3
17885,17885,3
17886,17886,3
17887,17887,3
17888,17888,3
17889,17889,3
17890,17890,3
17891,17891,3
17892,17892,3
17893,17893,3
17894,17894,3
17895,17895,3
17896,17896,3
17897,17897,3
17898,17898,3
17899,17899,3
17900,17900,3
17901,17901,3
17902,17902,1
17903,17903,1
17904,17904,1
17905,17905,1
17906,17906,1
17907,17907,1
17908,17908,1
17909,17909,1
17910,17910,1
17911,17911,1
17912,17912,1
17913,17913,1
17914,17914,1
17915,17915,1
17916,17916,1
17917,17917,1
17918,17918,1
17919,17919,1
17920,17920,1
17921,17921,1
17922,17922,1
17923,17923,1
17924,17924,1
17925,17925,1
17926,17926,1
17927,17927,1
17928,17928,1
17929,17929,1
17930,17930,1
17931,17931,1
17932,17932,1
17933,17933,1
17934,17934,1
17935,17935,1
17936,17936,1
17937,17937,1
17938,17938,1
17939,17939,1
17940,17940,1
17941,17941,1
17942,17942,1
17943,17943,1
17944,17944,1
17945,17945,1
17946,17946,1
17947,17947,1
17948,17948,1
17949,17949,1
17950,17950,1
17951,17951,1
17952,17952,1
17953,17953,1
17954,17954,1
17955,17955,1
17956,17956,1
17957,17957,1
17958,17958,1
17959,17959,1
17960,17960,1
17961,17961,1
17962,17962,1
17963,17963,1
17964,17964,1
17965,17965,1
17966,17966,1
17967,17967,1
17968,17968,1
17969,17969,1
17970,17970,1
17971,17971,1
17972,17972,1
17973,17973,1
17974,17974,1
17975,17975,1
17976,17976,1
17977,17977,1
17978,17978,1
17979,17979,1
17980,17980,1
17981,17981,1
17982,17982,1
17983,17983,1
17984,17984,1
17985,17985,1
17986,17986,1
17987,17987,1
17988,17988,1
17989,17989,1
17990,17990,1
17991,17991,1
17992,17992,3
17993,17993,3
17994,17994,4
17995,17995,4
17996,17996,4
17997,17997,4
17998,17998,4
17999,17999,4
18000,18000,4
18001,18001,4
18002,18002,3
18003,18003,3
18004,18004,4
18005,18005,4
18006,18006,3
18007,18007,4
18008,18008,4
18009,18009,4
18010,18010,4
18011,18011,4
18012,18012,3
18013,18013,3
18014,18014,3
18015,18015,3
18016,18016,6
18017,18017,3
18018,18018,3
18019,18019,3
18020,18020,3
18021,18021,3
18022,18022,3
18023,18023,3
18024,18024,3
18025,18025,3
18026,18026,3
18027,18027,3
18028,18028,3
18029,18029,3
18030,18030,4
18031,18031,4
18032,18032,4
18033,18033,4
18034,18034,4
18035,18035,4
18036,18036,4
18037,18037,4
18038,18038,4
18039,18039,4
18040,18040,4
18041,18041,4
18042,18042,4
18043,18043,4
18044,18044,4
18045,18045,4
18046,18046,1
18047,18047,1
18048,18048,1
18049,18049,1
18050,18050,1
18051,18051,1
18052,18052,3
18053,18053,3
18054,18054,3
18055,18055,4
18056,18056,3
18057,18057,3
18058,18058,4
18059,18059,3
18060,18060,3
18061,18061,3
18062,18062,1
18063,18063,1
18064,18064,1
18065,18065,3
18066,18066,1
18067,18067,1
18068,18068,1
18069,18069,1
18070,18070,4
18071,18071,3
18072,18072,3
18073,18073,3
18074,18074,3
18075,18075,3
18076,18076,1
18077,18077,1
18078,18078,1
18079,18079,1
18080,18080,4
18081,18081,4
18082,18082,4
18083,18083,4
18084,18084,4
18085,18085,4
18086,18086,4
18087,18087,4
18088,18088,4
18089,18089,4
18090,18090,4
18091,18091,4
18092,18092,4
18093,18093,4
18094,18094,4
18095,18095,4
18096,18096,4
18097,18097,4
18098,18098,4
18099,18099,4
18100,18100,4
18101,18101,4
18102,18102,4
18103,18103,4
18104,18104,4
18105,18105,1
18106,18106,4
18107,18107,4
18108,18108,1
18109,18109,1
18110,18110,4
18111,18111,4
18112,18112,4
18113,18113,4
18114,18114,4
18115,18115,4
18116,18116,4
18117,18117,4
18118,18118,4
18119,18119,4
18120,18120,1
18121,18121,1
18122,18122,1
18123,18123,1
18124,18124,1
18125,18125,1
18126,18126,1
18127,18127,1
18128,18128,1
18129,18129,1
18130,18130,1
18131,18131,1
18132,18132,1
18133,18133,1
18134,18134,1
18135,18135,1
18136,18136,1
18137,18137,1
18138,18138,1
18139,18139,1
18140,18140,1
18141,18141,1
18142,18142,1
18143,18143,1
18144,18144,1
18145,18145,1
18146,18146,1
18147,18147,1
18148,18148,1
18149,18149,1
18150,18150,1
18151,18151,1
18152,18152,1
18153,18153,1
18154,18154,1
18155,18155,1
18156,18156,6
18157,18157,6
18158,18158,6
18159,18159,1
18160,18160,6
18161,18161,6
18162,18162,1
18163,18163,1
18164,18164,1
18165,18165,6
18166,18166,6
18167,18167,1
18168,18168,1
18169,18169,1
18170,18170,1
18171,18171,1
18172,18172,1
18173,18173,1
18174,18174,1
18175,18175,1
18176,18176,6
18177,18177,6
18178,18178,6
18179,18179,6
18180,18180,6
18181,18181,6
18182,18182,6
18183,18183,6
18184,18184,6
18185,18185,6
18186,18186,1
18187,18187,1
18188,18188,1
18189,18189,1
18190,18190,1
18191,18191,6
18192,18192,1
18193,18193,1
18194,18194,1
18195,18195,1
18196,18196,1
18197,18197,1
18198,18198,1
18199,18199,1
18200,18200,3
18201,18201,1
18202,18202,1
18203,18203,1
18204,18204,1
18205,18205,1
18206,18206,1
18207,18207,1
18208,18208,3
18209,18209,1
18210,18210,3
18211,18211,3
18212,18212,3
18213,18213,3
18214,18214,3
18215,18215,3
18216,18216,3
18217,18217,3
18218,18218,3
18219,18219,3
18220,18220,1
18221,18221,1
18222,18222,1
18223,18223,1
18224,18224,1
18225,18225,1
18226,18226,1
18227,18227,1
18228,18228,1
18229,18229,1
18230,18230,1
18231,18231,1
18232,18232,1
18233,18233,1
18234,18234,1
18235,18235,1
18236,18236,1
18237,18237,1
18238,18238,1
18239,18239,1
18240,18240,1
18241,18241,1
18242,18242,1
18243,18243,1
18244,18244,1
18245,18245,1
18246,18246,1
18247,18247,1
18248,18248,1
18249,18249,1
18250,18250,1
18251,18251,1
18252,18252,1
18253,18253,1
18254,18254,1
18255,18255,1
18256,18256,1
18257,18257,1
18258,18258,1
18259,18259,1
18260,18260,1
18261,18261,1
18262,18262,1
18263,18263,3
18264,18264,1
18265,18265,1
18266,18266,1
18267,18267,3
18268,18268,3
18269,18269,3
18270,18270,3
18271,18271,3
18272,18272,3
18273,18273,3
18274,18274,3
18275,18275,3
18276,18276,3
18277,18277,3
18278,18278,3
18279,18279,3
18280,18280,3
18281,18281,3
18282,18282,3
18283,18283,3
18284,18284,3
18285,18285,3
18286,18286,3
18287,18287,3
18288,18288,3
18289,18289,3
18290,18290,3
18291,18291,3
18292,18292,3
18293,18293,3
18294,18294,3
18295,18295,3
18296,18296,3
18297,18297,3
18298,18298,3
18299,18299,3
18300,18300,3
18301,18301,3
18302,18302,6
18303,18303,6
18304,18304,6
18305,18305,6
18306,18306,6
18307,18307,6
18308,18308,6
18309,18309,6
18310,18310,6
18311,18311,6
18312,18312,6
18313,18313,6
18314,18314,6
18315,18315,6
18316,18316,6
18317,18317,6
18318,18318,6
18319,18319,6
18320,18320,6
18321,18321,6
18322,18322,6
18323,18323,6
18324,18324,6
18325,18325,6
18326,18326,6
18327,18327,1
18328,18328,8
18329,18329,8
18330,18330,8
18331,18331,8
18332,18332,1
18333,18333,1
18334,18334,1
18335,18335,1
18336,18336,1
18337,18337,1
18338,18338,1
18339,18339,1
18340,18340,1
18341,18341,1
18342,18342,1
18343,18343,1
18344,18344,1
18345,18345,1
18346,18346,1
18347,18347,1
18348,18348,1
18349,18349,1
18350,18350,1
18351,18351,1
18352,18352,1
18353,18353,1
18354,18354,1
18355,18355,1
18356,18356,1
18357,18357,1
18358,18358,1
18359,18359,1
18360,18360,1
18361,18361,1
18362,18362,1
18363,18363,1
18364,18364,1
18365,18365,1
18366,18366,1
18367,18367,1
18368,18368,1
18369,18369,1
18370,18370,1
18371,18371,1
18372,18372,1
18373,18373,8
18374,18374,8
18375,18375,8
18376,18376,8
18377,18377,8
18378,18378,8
18379,18379,8
18380,18380,8
18381,18381,8
18382,18382,8
18383,18383,8
18384,18384,8
18385,18385,8
18386,18386,8
18387,18387,8
18388,18388,8
18389,18389,8
18390,18390,8
18391,18391,8
18392,18392,8
18393,18393,8
18394,18394,8
18395,18395,8
18396,18396,8
18397,18397,8
18398,18398,8
18399,18399,8
18400,18400,8
18401,18401,8
18402,18402,8
18403,18403,8
18404,18404,8
18405,18405,8
18406,18406,8
18407,18407,8
18408,18408,8
18409,18409,8
18410,18410,8
18411,18411,8
18412,18412,8
18413,18413,8
18414,18414,8
18415,18415,8
18416,18416,8
18417,18417,8
18418,18418,8
18419,18419,8
18420,18420,8
18421,18421,8
18422,18422,8
18423,18423,8
18424,18424,8
18425,18425,8
18426,18426,8
18427,18427,8
18428,18428,1
18429,18429,8
18430,18430,1
18431,18431,1
18432,18432,1
18433,18433,8
18434,18434,1
18435,18435,1
18436,18436,1
18437,18437,1
18438,18438,1
18439,18439,1
18440,18440,1
18441,18441,1
18442,18442,1
18443,18443,1
18444,18444,1
18445,18445,1
18446,18446,1
18447,18447,1
18448,18448,1
18449,18449,8
18450,18450,1
18451,18451,1
18452,18452,1
18453,18453,1
18454,18454,1
18455,18455,1
18456,18456,1
18457,18457,1
18458,18458,1
18459,18459,1
18460,18460,1
18461,18461,8
18462,18462,8
18463,18463,8
18464,18464,1
18465,18465,1
18466,18466,1
18467,18467,8
18468,18468,8
18469,18469,1
18470,18470,1
18471,18471,1
18472,18472,1
18473,18473,1
18474,18474,8
18475,18475,8
18476,18476,8
18477,18477,1
18478,18478,1
18479,18479,1
18480,18480,1
18481,18481,1
18482,18482,1
18483,18483,1
18484,18484,1
18485,18485,1
18486,18486,1
18487,18487,1
18488,18488,1
18489,18489,1
18490,18490,1
18491,18491,1
18492,18492,1
18493,18493,1
18494,18494,1
18495,18495,1
18496,18496,1
18497,18497,1
18498,18498,1
18499,18499,1
18500,18500,1
18501,18501,1
18502,18502,3
18503,18503,3
18504,18504,3
18505,18505,3
18506,18506,3
18507,18507,3
18508,18508,3
18509,18509,3
18510,18510,3
18511,18511,3
18512,18512,3
18513,18513,3
18514,18514,3
18515,18515,3
18516,18516,3
18517,18517,3
18518,18518,3
18519,18519,3
18520,18520,3
18521,18521,3
18522,18522,3
18523,18523,3
18524,18524,3
18525,18525,3
18526,18526,3
18527,18527,3
18528,18528,3
18529,18529,3
18530,18530,3
18531,18531,3
18532,18532,3
18533,18533,3
18534,18534,3
18535,18535,3
18536,18536,3
18537,18537,3
18538,18538,3
18539,18539,3
18540,18540,3
18541,18541,6
18542,18542,3
18543,18543,3
18544,18544,3
18545,18545,3
18546,18546,3
18547,18547,3
18548,18548,3
18549,18549,3
18550,18550,3
18551,18551,6
18552,18552,6
18553,18553,6
18554,18554,6
18555,18555,6
18556,18556,3
18557,18557,3
18558,18558,3
18559,18559,3
18560,18560,3
18561,18561,3
18562,18562,3
18563,18563,1
18564,18564,1
18565,18565,1
18566,18566,1
18567,18567,1
18568,18568,1
18569,18569,3
18570,18570,3
18571,18571,3
18572,18572,3
18573,18573,3
18574,18574,3
18575,18575,3
18576,18576,3
18577,18577,3
18578,18578,8
18579,18579,1
18580,18580,4
18581,18581,1
18582,18582,4
18583,18583,4
18584,18584,4
18585,18585,4
18586,18586,1
18587,18587,4
18588,18588,1
18589,18589,1
18590,18590,1
18591,18591,1
18592,18592,1
18593,18593,1
18594,18594,1
18595,18595,1
18596,18596,1
18597,18597,1
18598,18598,1
18599,18599,4
18600,18600,4
18601,18601,1
18602,18602,4
18603,18603,1
18604,18604,1
18605,18605,4
18606,18606,4
18607,18607,1
18608,18608,4
18609,18609,1
18610,18610,1
18611,18611,4
18612,18612,1
18613,18613,1
18614,18614,1
18615,18615,1
18616,18616,1
18617,18617,1
18618,18618,1
18619,18619,1
18620,18620,4
18621,18621,1
18622,18622,1
18623,18623,1
18624,18624,8
18625,18625,8
18626,18626,8
18627,18627,8
18628,18628,8
18629,18629,8
18630,18630,8
18631,18631,8
18632,18632,8
18633,18633,8
18634,18634,8
18635,18635,8
18636,18636,8
18637,18637,8
18638,18638,8
18639,18639,8
18640,18640,8
18641,18641,8
18642,18642,8
18643,18643,8
18644,18644,8
18645,18645,8
18646,18646,8
18647,18647,8
18648,18648,8
18649,18649,8
18650,18650,8
18651,18651,8
18652,18652,8
18653,18653,8
18654,18654,8
18655,18655,8
18656,18656,8
18657,18657,8
18658,18658,8
18659,18659,8
18660,18660,8
18661,18661,8
18662,18662,8
18663,18663,8
18664,18664,8
18665,18665,8
18666,18666,8
18667,18667,8
18668,18668,8
18669,18669,8
18670,18670,8
18671,18671,8
18672,18672,8
18673,18673,8
18674,18674,8
18675,18675,8
18676,18676,8
18677,18677,8
18678,18678,8
18679,18679,8
18680,18680,8
18681,18681,8
18682,18682,8
18683,18683,8
18684,18684,8
18685,18685,8
18686,18686,8
18687,18687,8
18688,18688,8
18689,18689,8
18690,18690,8
18691,18691,8
18692,18692,8
18693,18693,8
18694,18694,8
18695,18695,8
18696,18696,8
18697,18697,8
18698,18698,8
18699,18699,8
18700,18700,8
18701,18701,8
18702,18702,8
18703,18703,8
18704,18704,8
18705,18705,8
18706,18706,8
18707,18707,8
18708,18708,8
18709,18709,8
18710,18710,8
18711,18711,8
18712,18712,8
18713,18713,8
18714,18714,8
18715,18715,8
18716,18716,8
18717,18717,8
18718,18718,8
18719,18719,8
18720,18720,8
18721,18721,8
18722,18722,8
18723,18723,8
18724,18724,6
18725,18725,6
18726,18726,6
18727,18727,6
18728,18728,6
18729,18729,8
18730,18730,8
18731,18731,8
18732,18732,8
18733,18733,8
18734,18734,8
18735,18735,8
18736,18736,8
18737,18737,8
18738,18738,8
18739,18739,8
18740,18740,8
18741,18741,8
18742,18742,8
18743,18743,8
18744,18744,8
18745,18745,8
18746,18746,8
18747,18747,8
18748,18748,8
18749,18749,8
18750,18750,8
18751,18751,8
18752,18752,8
18753,18753,8
18754,18754,8
18755,18755,8
18756,18756,4
18757,18757,8
18758,18758,8
18759,18759,8
18760,18760,8
18761,18761,8
18762,18762,8
18763,18763,8
18764,18764,8
18765,18765,8
18766,18766,8
18767,18767,8
18768,18768,8
18769,18769,8
18770,18770,8
18771,18771,8
18772,18772,8
18773,18773,8
18774,18774,8
18775,18775,8
18776,18776,8
18777,18777,8
18778,18778,8
18779,18779,8
18780,18780,8
18781,18781,8
18782,18782,8
18783,18783,8
18784,18784,8
18785,18785,8
18786,18786,8
18787,18787,8
18788,18788,8
18789,18789,8
18790,18790,8
18791,18791,8
18792,18792,4
18793,18793,4
18794,18794,4
18795,18795,4
18796,18796,4
18797,18797,4
18798,18798,4
18799,18799,4
18800,18800,4
18801,18801,4
18802,18802,4
18803,18803,4
18804,18804,4
18805,18805,1
18806,18806,4
18807,18807,1
18808,18808,1
18809,18809,1
18810,18810,1
18811,18811,1
18812,18812,4
18813,18813,4
18814,18814,1
18815,18815,4
18816,18816,8
18817,18817,6
18818,18818,6
18819,18819,6
18820,18820,6
18821,18821,6
18822,18822,6
18823,18823,6
18824,18824,6
18825,18825,6
18826,18826,6
18827,18827,6
18828,18828,6
18829,18829,6
18830,18830,6
18831,18831,6
18832,18832,6
18833,18833,6
18834,18834,6
18835,18835,6
18836,18836,6
18837,18837,6
18838,18838,6
18839,18839,10
18840,18840,6
18841,18841,10
18842,18842,10
18843,18843,10
18844,18844,6
18845,18845,6
18846,18846,10
18847,18847,6
18848,18848,6
18849,18849,6
18850,18850,6
18851,18851,6
18852,18852,6
18853,18853,6
18854,18854,6
18855,18855,6
18856,18856,6
18857,18857,6
18858,18858,6
18859,18859,6
18860,18860,6
18861,18861,6
18862,18862,6
18863,18863,6
18864,18864,6
18865,18865,6
18866,18866,6
18867,18867,6
18868,18868,6
18869,18869,6
18870,18870,6
18871,18871,6
18872,18872,6
18873,18873,8
18874,18874,8
18875,18875,8
18876,18876,6
18877,18877,6
18878,18878,6
18879,18879,6
18880,18880,6
18881,18881,6
18882,18882,6
18883,18883,6
18884,18884,6
18885,18885,6
18886,18886,6
18887,18887,6
18888,18888,6
18889,18889,6
18890,18890,6
18891,18891,8
18892,18892,8
18893,18893,8
18894,18894,8
18895,18895,8
18896,18896,8
18897,18897,8
18898,18898,8
18899,18899,8
18900,18900,8
18901,18901,8
18902,18902,8
18903,18903,8
18904,18904,8
18905,18905,8
18906,18906,8
18907,18907,8
18908,18908,8
18909,18909,8
18910,18910,8
18911,18911,8
18912,18912,8
18913,18913,6
18914,18914,8
18915,18915,6
18916,18916,6
18917,18917,8
18918,18918,8
18919,18919,8
18920,18920,8
18921,18921,8
18922,18922,8
18923,18923,8
18924,18924,8
18925,18925,8
18926,18926,6
18927,18927,6
18928,18928,8
18929,18929,6
18930,18930,6
18931,18931,6
18932,18932,8
18933,18933,6
18934,18934,6
18935,18935,6
18936,18936,6
18937,18937,6
18938,18938,6
18939,18939,6
18940,18940,8
18941,18941,8
18942,18942,8
18943,18943,8
18944,18944,8
18945,18945,8
18946,18946,8
18947,18947,8
18948,18948,8
18949,18949,8
18950,18950,8
18951,18951,8
18952,18952,8
18953,18953,8
18954,18954,8
18955,18955,8
18956,18956,8
18957,18957,8
18958,18958,8
18959,18959,8
18960,18960,8
18961,18961,8
18962,18962,8
18963,18963,8
18964,18964,8
18965,18965,8
18966,18966,8
18967,18967,8
18968,18968,8
18969,18969,8
18970,18970,8
18971,18971,8
18972,18972,8
18973,18973,8
18974,18974,8
18975,18975,8
18976,18976,8
18977,18977,8
18978,18978,8
18979,18979,8
18980,18980,8
18981,18981,8
18982,18982,8
18983,18983,8
18984,18984,8
18985,18985,8
18986,18986,8
18987,18987,8
18988,18988,8
18989,18989,8
18990,18990,8
18991,18991,8
18992,18992,8
18993,18993,8
18994,18994,8
18995,18995,8
18996,18996,8
18997,18997,8
18998,18998,8
18999,18999,8
19000,19000,8
19001,19001,8
19002,19002,8
19003,19003,8
19004,19004,8
19005,19005,8
19006,19006,8
19007,19007,8
19008,19008,8
19009,19009,8
19010,19010,8
19011,19011,8
19012,19012,8
19013,19013,8
19014,19014,6
19015,19015,1
19016,19016,1
19017,19017,1
19018,19018,1
19019,19019,1
19020,19020,1
19021,19021,1
19022,19022,8
19023,19023,8
19024,19024,8
19025,19025,8
19026,19026,8
19027,19027,8
19028,19028,8
19029,19029,8
19030,19030,1
19031,19031,1
19032,19032,1
19033,19033,1
19034,19034,1
19035,19035,1
19036,19036,1
19037,19037,1
19038,19038,1
19039,19039,1
19040,19040,1
19041,19041,1
19042,19042,1
19043,19043,1
19044,19044,1
19045,19045,1
19046,19046,1
19047,19047,1
19048,19048,1
19049,19049,1
19050,19050,1
19051,19051,8
19052,19052,8
19053,19053,1
19054,19054,1
19055,19055,1
19056,19056,1
19057,19057,1
19058,19058,1
19059,19059,1
19060,19060,8
19061,19061,1
19062,19062,1
19063,19063,1
19064,19064,1
19065,19065,1
19066,19066,1
19067,19067,1
19068,19068,1
19069,19069,1
19070,19070,7
19071,19071,7
19072,19072,7
19073,19073,7
19074,19074,7
19075,19075,7
19076,19076,7
19077,19077,7
19078,19078,7
19079,19079,7
19080,19080,7
19081,19081,7
19082,19082,7
19083,19083,7
19084,19084,7
19085,19085,7
19086,19086,7
19087,19087,7
19088,19088,7
19089,19089,7
19090,19090,7
19091,19091,7
19092,19092,1
19093,19093,1
19094,19094,1
19095,19095,1
19096,19096,1
19097,19097,1
19098,19098,1
19099,19099,1
19100,19100,1
19101,19101,1
19102,19102,1
19103,19103,1
19104,19104,1
19105,19105,1
19106,19106,1
19107,19107,1
19108,19108,1
19109,19109,1
19110,19110,1
19111,19111,1
19112,19112,1
19113,19113,1
19114,19114,1
19115,19115,1
19116,19116,1
19117,19117,1
19118,19118,1
19119,19119,1
19120,19120,1
19121,19121,1
19122,19122,1
19123,19123,1
19124,19124,1
19125,19125,1
19126,19126,1
19127,19127,1
19128,19128,1
19129,19129,1
19130,19130,1
19131,19131,1
19132,19132,1
19133,19133,1
19134,19134,1
19135,19135,1
19136,19136,1
19137,19137,1
19138,19138,1
19139,19139,1
19140,19140,1
19141,19141,1
19142,19142,1
19143,19143,1
19144,19144,1
19145,19145,1
19146,19146,3
19147,19147,3
19148,19148,6
19149,19149,1
19150,19150,1
19151,19151,1
19152,19152,1
19153,19153,1
19154,19154,4
19155,19155,4
19156,19156,4
19157,19157,4
19158,19158,4
19159,19159,4
19160,19160,4
19161,19161,4
19162,19162,4
19163,19163,4
19164,19164,4
19165,19165,4
19166,19166,4
19167,19167,4
19168,19168,4
19169,19169,4
19170,19170,4
19171,19171,4
19172,19172,4
19173,19173,4
19174,19174,1
19175,19175,4
19176,19176,1
19177,19177,1
19178,19178,4
19179,19179,1
19180,19180,1
19181,19181,1
19182,19182,1
19183,19183,4
19184,19184,4
19185,19185,4
19186,19186,1
19187,19187,1
19188,19188,1
19189,19189,1
19190,19190,4
19191,19191,4
19192,19192,4
19193,19193,4
19194,19194,4
19195,19195,4
19196,19196,4
19197,19197,4
19198,19198,4
19199,19199,4
19200,19200,4
19201,19201,4
19202,19202,4
19203,19203,4
19204,19204,4
19205,19205,4
19206,19206,4
19207,19207,4
19208,19208,4
19209,19209,4
19210,19210,4
19211,19211,4
19212,19212,4
19213,19213,4
19214,19214,1
19215,19215,1
19216,19216,1
19217,19217,3
19218,19218,1
19219,19219,1
19220,19220,1
19221,19221,1
19222,19222,1
19223,19223,1
19224,19224,1
19225,19225,1
19226,19226,1
19227,19227,1
19228,19228,1
19229,19229,1
19230,19230,3
19231,19231,1
19232,19232,7
19233,19233,7
19234,19234,7
19235,19235,7
19236,19236,7
19237,19237,7
19238,19238,7
19239,19239,7
19240,19240,7
19241,19241,3
19242,19242,3
19243,19243,6
19244,19244,3
19245,19245,3
19246,19246,3
19247,19247,3
19248,19248,3
19249,19249,3
19250,19250,3
19251,19251,6
19252,19252,3
19253,19253,3
19254,19254,3
19255,19255,6
19256,19256,3
19257,19257,6
19258,19258,6
19259,19259,6
19260,19260,6
19261,19261,6
19262,19262,6
19263,19263,6
19264,19264,6
19265,19265,6
19266,19266,6
19267,19267,6
19268,19268,6
19269,19269,6
19270,19270,6
19271,19271,6
19272,19272,6
19273,19273,6
19274,19274,6
19275,19275,6
19276,19276,6
19277,19277,6
19278,19278,6
19279,19279,6
19280,19280,6
19281,19281,6
19282,19282,6
19283,19283,6
19284,19284,6
19285,19285,6
19286,19286,6
19287,19287,6
19288,19288,6
19289,19289,6
19290,19290,6
19291,19291,1
19292,19292,1
19293,19293,1
19294,19294,1
19295,19295,1
19296,19296,1
19297,19297,6
19298,19298,6
19299,19299,6
19300,19300,6
19301,19301,6
19302,19302,6
19303,19303,6
19304,19304,6
19305,19305,6
19306,19306,6
19307,19307,6
19308,19308,6
19309,19309,6
19310,19310,6
19311,19311,6
19312,19312,6
19313,19313,6
19314,19314,6
19315,19315,6
19316,19316,6
19317,19317,3
19318,19318,6
19319,19319,6
19320,19320,6
19321,19321,3
19322,19322,6
19323,19323,6
19324,19324,6
19325,19325,1
19326,19326,6
19327,19327,1
19328,19328,1
19329,19329,6
19330,19330,6
19331,19331,6
19332,19332,6
19333,19333,6
19334,19334,6
19335,19335,6
19336,19336,6
19337,19337,6
19338,19338,6
19339,19339,6
19340,19340,6
19341,19341,6
19342,19342,6
19343,19343,6
19344,19344,6
19345,19345,6
19346,19346,6
19347,19347,6
19348,19348,6
19349,19349,6
19350,19350,6
19351,19351,6
19352,19352,6
19353,19353,6
19354,19354,6
19355,19355,6
19356,19356,6
19357,19357,6
19358,19358,6
19359,19359,6
19360,19360,6
19361,19361,6
19362,19362,6
19363,19363,6
19364,19364,6
19365,19365,6
19366,19366,6
19367,19367,4
19368,19368,6
19369,19369,4
19370,19370,4
19371,19371,4
19372,19372,4
19373,19373,6
19374,19374,6
19375,19375,4
19376,19376,4
19377,19377,4
19378,19378,4
19379,19379,4
19380,19380,4
19381,19381,4
19382,19382,4
19383,19383,4
19384,19384,4
19385,19385,4
19386,19386,4
19387,19387,4
19388,19388,4
19389,19389,4
19390,19390,4
19391,19391,4
19392,19392,4
19393,19393,4
19394,19394,4
19395,19395,4
19396,19396,4
19397,19397,4
19398,19398,4
19399,19399,4
19400,19400,4
19401,19401,4
19402,19402,4
19403,19403,4
19404,19404,4
19405,19405,4
19406,19406,4
19407,19407,4
19408,19408,4
19409,19409,4
19410,19410,4
19411,19411,4
19412,19412,4
19413,19413,4
19414,19414,4
19415,19415,4
19416,19416,4
19417,19417,4
19418,19418,4
19419,19419,4
19420,19420,4
19421,19421,4
19422,19422,4
19423,19423,4
19424,19424,6
19425,19425,4
19426,19426,4
19427,19427,4
19428,19428,4
19429,19429,4
19430,19430,1
19431,19431,1
19432,19432,1
19433,19433,1
19434,19434,1
19435,19435,1
19436,19436,1
19437,19437,6
19438,19438,1
19439,19439,1
19440,19440,1
19441,19441,1
19442,19442,1
19443,19443,1
19444,19444,1
19445,19445,1
19446,19446,1
19447,19447,1
19448,19448,1
19449,19449,1
19450,19450,1
19451,19451,1
19452,19452,1
19453,19453,1
19454,19454,1
19455,19455,1
19456,19456,6
19457,19457,6
19458,19458,6
19459,19459,6
19460,19460,6
19461,19461,1
19462,19462,6
19463,19463,1
19464,19464,6
19465,19465,1
19466,19466,1
19467,19467,1
19468,19468,1
19469,19469,1
19470,19470,1
19471,19471,1
19472,19472,1
19473,19473,1
19474,19474,1
19475,19475,1
19476,19476,6
19477,19477,1
19478,19478,6
19479,19479,6
19480,19480,1
19481,19481,1
19482,19482,6
19483,19483,1
19484,19484,1
19485,19485,1
19486,19486,1
19487,19487,1
19488,19488,1
19489,19489,1
19490,19490,1
19491,19491,1
19492,19492,1
19493,19493,1
19494,19494,1
19495,19495,1
19496,19496,1
19497,19497,1
19498,19498,1
19499,19499,1
19500,19500,6
19501,19501,6
19502,19502,6
19503,19503,6
19504,19504,6
19505,19505,6
19506,19506,1
19507,19507,1
19508,19508,1
19509,19509,1
19510,19510,1
19511,19511,1
19512,19512,1
19513,19513,6
19514,19514,6
19515,19515,6
19516,19516,6
19517,19517,6
19518,19518,6
19519,19519,3
19520,19520,6
19521,19521,6
19522,19522,3
19523,19523,6
19524,19524,6
19525,19525,6
19526,19526,6
19527,19527,6
19528,19528,6
19529,19529,6
19530,19530,6
19531,19531,6
19532,19532,6
19533,19533,6
19534,19534,8
19535,19535,8
19536,19536,8
19537,19537,8
19538,19538,8
19539,19539,8
19540,19540,8
19541,19541,8
19542,19542,8
19543,19543,8
19544,19544,8
19545,19545,8
19546,19546,8
19547,19547,8
19548,19548,8
19549,19549,8
19550,19550,8
19551,19551,8
19552,19552,8
19553,19553,8
19554,19554,1
19555,19555,8
19556,19556,8
19557,19557,8
19558,19558,8
19559,19559,8
19560,19560,1
19561,19561,8
19562,19562,8
19563,19563,1
19564,19564,1
19565,19565,8
19566,19566,8
19567,19567,8
19568,19568,8
19569,19569,8
19570,19570,1
19571,19571,1
19572,19572,1
19573,19573,1
19574,19574,1
19575,19575,1
19576,19576,1
19577,19577,1
19578,19578,1
19579,19579,1
19580,19580,1
19581,19581,1
19582,19582,1
19583,19583,8
19584,19584,8
19585,19585,8
19586,19586,8
19587,19587,8
19588,19588,1
19589,19589,1
19590,19590,1
19591,19591,1
19592,19592,8
19593,19593,1
19594,19594,8
19595,19595,1
19596,19596,1
19597,19597,1
19598,19598,1
19599,19599,1
19600,19600,1
19601,19601,1
19602,19602,1
19603,19603,1
19604,19604,1
19605,19605,1
19606,19606,1
19607,19607,1
19608,19608,1
19609,19609,1
19610,19610,1
19611,19611,1
19612,19612,1
19613,19613,1
19614,19614,1
19615,19615,1
19616,19616,1
19617,19617,8
19618,19618,8
19619,19619,8
19620,19620,8
19621,19621,8
19622,19622,8
19623,19623,8
19624,19624,8
19625,19625,8
19626,19626,8
19627,19627,8
19628,19628,8
19629,19629,8
19630,19630,8
19631,19631,8
19632,19632,8
19633,19633,8
19634,19634,8
19635,19635,3
19636,19636,3
19637,19637,3
19638,19638,3
19639,19639,1
19640,19640,3
19641,19641,3
19642,19642,3
19643,19643,3
19644,19644,3
19645,19645,3
19646,19646,3
19647,19647,4
19648,19648,4
19649,19649,3
19650,19650,3
19651,19651,3
19652,19652,3
19653,19653,3
19654,19654,3
19655,19655,3
19656,19656,3
19657,19657,3
19658,19658,3
19659,19659,10
19660,19660,10
19661,19661,4
19662,19662,3
19663,19663,3
19664,19664,3
19665,19665,3
19666,19666,8
19667,19667,8
19668,19668,8
19669,19669,8
19670,19670,8
19671,19671,8
19672,19672,8
19673,19673,8
19674,19674,1
19675,19675,1
19676,19676,1
19677,19677,1
19678,19678,1
19679,19679,1
19680,19680,1
19681,19681,1
19682,19682,1
19683,19683,1
19684,19684,3
19685,19685,1
19686,19686,1
19687,19687,3
19688,19688,3
19689,19689,1
19690,19690,1
19691,19691,1
19692,19692,1
19693,19693,1
19694,19694,1
19695,19695,1
19696,19696,1
19697,19697,8
19698,19698,8
19699,19699,8
19700,19700,8
19701,19701,8
19702,19702,8
19703,19703,8
19704,19704,8
19705,19705,8
19706,19706,8
19707,19707,7
19708,19708,8
19709,19709,8
19710,19710,8
19711,19711,8
19712,19712,8
19713,19713,8
19714,19714,8
19715,19715,8
19716,19716,8
19717,19717,8
19718,19718,8
19719,19719,8
19720,19720,8
19721,19721,8
19722,19722,8
19723,19723,8
19724,19724,8
19725,19725,8
19726,19726,8
19727,19727,8
19728,19728,8
19729,19729,8
19730,19730,8
19731,19731,8
19732,19732,8
19733,19733,8
19734,19734,8
19735,19735,8
19736,19736,8
19737,19737,7
19738,19738,8
19739,19739,8
19740,19740,7
19741,19741,7
19742,19742,8
19743,19743,8
19744,19744,8
19745,19745,8
19746,19746,8
19747,19747,8
19748,19748,8
19749,19749,8
19750,19750,8
19751,19751,8
19752,19752,8
19753,19753,8
19754,19754,8
19755,19755,8
19756,19756,8
19757,19757,8
19758,19758,8
19759,19759,8
19760,19760,1
19761,19761,1
19762,19762,1
19763,19763,1
19764,19764,1
19765,19765,1
19766,19766,1
19767,19767,1
19768,19768,1
19769,19769,1
19770,19770,1
19771,19771,1
19772,19772,1
19773,19773,8
19774,19774,1
19775,19775,8
19776,19776,8
19777,19777,8
19778,19778,8
19779,19779,8
19780,19780,1
19781,19781,1
19782,19782,1
19783,19783,1
19784,19784,1
19785,19785,1
19786,19786,1
19787,19787,1
19788,19788,1
19789,19789,1
19790,19790,1
19791,19791,8
19792,19792,8
19793,19793,8
19794,19794,1
19795,19795,1
19796,19796,8
19797,19797,8
19798,19798,8
19799,19799,8
19800,19800,8
19801,19801,8
19802,19802,8
19803,19803,8
19804,19804,8
19805,19805,1
19806,19806,1
19807,19807,1
19808,19808,1
19809,19809,1
19810,19810,1
19811,19811,1
19812,19812,8
19813,19813,8
19814,19814,8
19815,19815,1
19816,19816,1
19817,19817,1
19818,19818,1
19819,19819,1
19820,19820,1
19821,19821,1
19822,19822,1
19823,19823,1
19824,19824,1
19825,19825,1
19826,19826,1
19827,19827,1
19828,19828,1
19829,19829,1
19830,19830,1
19831,19831,1
19832,19832,1
19833,19833,1
19834,19834,1
19835,19835,1
19836,19836,1
19837,19837,1
19838,19838,1
19839,19839,1
19840,19840,1
19841,19841,1
19842,19842,1
19843,19843,1
19844,19844,1
19845,19845,1
19846,19846,1
19847,19847,1
19848,19848,8
19849,19849,1
19850,19850,8
19851,19851,1
19852,19852,1
19853,19853,1
19854,19854,1
19855,19855,1
19856,19856,1
19857,19857,1
19858,19858,1
19859,19859,1
19860,19860,1
19861,19861,1
19862,19862,1
19863,19863,1
19864,19864,1
19865,19865,1
19866,19866,1
19867,19867,1
19868,19868,1
19869,19869,1
19870,19870,8
19871,19871,1
19872,19872,1
19873,19873,1
19874,19874,1
19875,19875,1
19876,19876,1
19877,19877,1
19878,19878,1
19879,19879,1
19880,19880,1
19881,19881,1
19882,19882,1
19883,19883,1
19884,19884,1
19885,19885,1
19886,19886,8
19887,19887,8
19888,19888,8
19889,19889,8
19890,19890,8
19891,19891,8
19892,19892,8
19893,19893,8
19894,19894,8
19895,19895,1
19896,19896,1
19897,19897,1
19898,19898,1
19899,19899,8
19900,19900,8
19901,19901,8
19902,19902,1
19903,19903,1
19904,19904,1
19905,19905,1
19906,19906,1
19907,19907,1
19908,19908,1
19909,19909,1
19910,19910,1
19911,19911,1
19912,19912,1
19913,19913,1
19914,19914,1
19915,19915,1
19916,19916,1
19917,19917,1
19918,19918,1
19919,19919,8
19920,19920,8
19921,19921,8
19922,19922,8
19923,19923,8
19924,19924,8
19925,19925,8
19926,19926,8
19927,19927,8
19928,19928,8
19929,19929,8
19930,19930,8
19931,19931,8
19932,19932,8
19933,19933,8
19934,19934,8
19935,19935,8
19936,19936,8
19937,19937,8
19938,19938,8
19939,19939,8
19940,19940,8
19941,19941,8
19942,19942,8
19943,19943,8
19944,19944,8
19945,19945,8
19946,19946,8
19947,19947,8
19948,19948,8
19949,19949,8
19950,19950,8
19951,19951,8
19952,19952,8
19953,19953,8
19954,19954,8
19955,19955,8
19956,19956,8
19957,19957,8
19958,19958,8
19959,19959,8
19960,19960,8
19961,19961,8
19962,19962,8
19963,19963,8
19964,19964,8
19965,19965,8
19966,19966,8
19967,19967,8
19968,19968,8
19969,19969,8
19970,19970,8
19971,19971,8
19972,19972,8
19973,19973,8
19974,19974,8
19975,19975,3
19976,19976,3
19977,19977,3
19978,19978,3
19979,19979,3
19980,19980,3
19981,19981,3
19982,19982,3
19983,19983,3
19984,19984,3
19985,19985,3
19986,19986,3
19987,19987,3
19988,19988,3
19989,19989,3
19990,19990,3
19991,19991,3
19992,19992,3
19993,19993,3
19994,19994,3
19995,19995,3
19996,19996,3
19997,19997,3
19998,19998,3
19999,19999,3
20000,20000,3
20001,20001,3
20002,20002,3
20003,20003,3
20004,20004,3
20005,20005,3
20006,20006,3
20007,20007,3
20008,20008,3
20009,20009,3
20010,20010,3
20011,20011,3
20012,20012,3
20013,20013,3
20014,20014,3
20015,20015,3
20016,20016,3
20017,20017,3
20018,20018,3
20019,20019,3
20020,20020,3
20021,20021,3
20022,20022,3
20023,20023,3
20024,20024,3
20025,20025,3
20026,20026,3
20027,20027,3
20028,20028,3
20029,20029,3
20030,20030,3
20031,20031,3
20032,20032,3
20033,20033,3
20034,20034,3
20035,20035,3
20036,20036,3
20037,20037,3
20038,20038,3
20039,20039,3
20040,20040,3
20041,20041,3
20042,20042,3
20043,20043,3
20044,20044,3
20045,20045,3
20046,20046,3
20047,20047,4
20048,20048,3
20049,20049,3
20050,20050,3
20051,20051,3
20052,20052,3
20053,20053,3
20054,20054,3
20055,20055,3
20056,20056,3
20057,20057,3
20058,20058,3
20059,20059,3
20060,20060,0
20061,20061,6
20062,20062,6
20063,20063,6
20064,20064,6
20065,20065,6
20066,20066,0
20067,20067,6
20068,20068,6
20069,20069,6
20070,20070,6
20071,20071,6
20072,20072,6
20073,20073,6
20074,20074,6
20075,20075,6
20076,20076,6
20077,20077,6
20078,20078,1
20079,20079,6
20080,20080,6
20081,20081,6
20082,20082,6
20083,20083,6
20084,20084,6
20085,20085,6
20086,20086,6
20087,20087,6
20088,20088,6
20089,20089,6
20090,20090,6
20091,20091,6
20092,20092,6
20093,20093,6
20094,20094,6
20095,20095,6
20096,20096,6
20097,20097,6
20098,20098,1
20099,20099,6
20100,20100,1
20101,20101,8
20102,20102,8
20103,20103,8
20104,20104,8
20105,20105,8
20106,20106,8
20107,20107,8
20108,20108,8
20109,20109,8
20110,20110,8
20111,20111,8
20112,20112,2
20113,20113,2
20114,20114,2
20115,20115,2
20116,20116,2
20117,20117,2
20118,20118,2
20119,20119,2
20120,20120,2
20121,20121,2
20122,20122,2
20123,20123,2
20124,20124,2
20125,20125,2
20126,20126,2
20127,20127,2
20128,20128,2
20129,20129,2
20130,20130,2
20131,20131,2
20132,20132,2
20133,20133,2
20134,20134,2
20135,20135,2
20136,20136,2
20137,20137,2
20138,20138,2
20139,20139,2
20140,20140,2
20141,20141,2
20142,20142,2
20143,20143,7
20144,20144,2
20145,20145,2
20146,20146,2
20147,20147,2
20148,20148,2
20149,20149,2
20150,20150,2
20151,20151,2
20152,20152,2
20153,20153,2
20154,20154,2
20155,20155,2
20156,20156,2
20157,20157,2
20158,20158,2
20159,20159,2
20160,20160,2
20161,20161,2
20162,20162,2
20163,20163,2
20164,20164,2
20165,20165,2
20166,20166,2
20167,20167,2
20168,20168,2
20169,20169,2
20170,20170,2
20171,20171,2
20172,20172,2
20173,20173,2
20174,20174,2
20175,20175,2
20176,20176,2
20177,20177,2
20178,20178,2
20179,20179,2
20180,20180,2
20181,20181,2
20182,20182,2
20183,20183,8
20184,20184,8
20185,20185,8
20186,20186,8
20187,20187,8
20188,20188,8
20189,20189,8
20190,20190,8
20191,20191,8
20192,20192,8
20193,20193,8
20194,20194,8
20195,20195,6
20196,20196,6
20197,20197,6
20198,20198,8
20199,20199,8
20200,20200,6
20201,20201,6
20202,20202,6
20203,20203,6
20204,20204,8
20205,20205,6
20206,20206,6
20207,20207,6
20208,20208,6
20209,20209,6
20210,20210,6
20211,20211,6
20212,20212,6
20213,20213,6
20214,20214,6
20215,20215,6
20216,20216,6
20217,20217,6
20218,20218,6
20219,20219,6
20220,20220,6
20221,20221,6
20222,20222,6
20223,20223,6
20224,20224,6
20225,20225,6
20226,20226,6
20227,20227,6
20228,20228,6
20229,20229,6
20230,20230,6
20231,20231,6
20232,20232,6
20233,20233,6
20234,20234,6
20235,20235,6
20236,20236,6
20237,20237,6
20238,20238,6
20239,20239,8
20240,20240,8
20241,20241,8
20242,20242,8
20243,20243,8
20244,20244,8
20245,20245,8
20246,20246,8
20247,20247,8
20248,20248,8
20249,20249,8
20250,20250,8
20251,20251,8
20252,20252,8
20253,20253,8
20254,20254,8
20255,20255,8
20256,20256,8
20257,20257,8
20258,20258,1
20259,20259,4
20260,20260,1
20261,20261,1
20262,20262,1
20263,20263,1
20264,20264,1
20265,20265,4
20266,20266,4
20267,20267,1
20268,20268,1
20269,20269,1
20270,20270,1
20271,20271,1
20272,20272,1
20273,20273,1
20274,20274,1
20275,20275,1
20276,20276,1
20277,20277,1
20278,20278,1
20279,20279,1
20280,20280,1
20281,20281,1
20282,20282,1
20283,20283,1
20284,20284,1
20285,20285,3
20286,20286,1
20287,20287,1
20288,20288,1
20289,20289,1
20290,20290,1
20291,20291,1
20292,20292,1
20293,20293,1
20294,20294,1
20295,20295,1
20296,20296,1
20297,20297,1
20298,20298,1
20299,20299,3
20300,20300,3
20301,20301,1
20302,20302,1
20303,20303,3
20304,20304,1
20305,20305,1
20306,20306,3
20307,20307,1
20308,20308,3
20309,20309,3
20310,20310,1
20311,20311,1
20312,20312,3
20313,20313,1
20314,20314,3
20315,20315,3
20316,20316,1
20317,20317,3
20318,20318,3
20319,20319,3
20320,20320,1
20321,20321,3
20322,20322,1
20323,20323,1
20324,20324,1
20325,20325,1
20326,20326,1
20327,20327,1
20328,20328,3
20329,20329,1
20330,20330,1
20331,20331,3
20332,20332,3
20333,20333,3
20334,20334,1
20335,20335,1
20336,20336,3
20337,20337,1
20338,20338,1
20339,20339,1
20340,20340,1
20341,20341,1
20342,20342,3
20343,20343,3
20344,20344,3
20345,20345,3
20346,20346,6
20347,20347,6
20348,20348,6
20349,20349,6
20350,20350,6
20351,20351,6
20352,20352,6
20353,20353,8
20354,20354,8
20355,20355,6
20356,20356,8
20357,20357,8
20358,20358,8
20359,20359,8
20360,20360,8
20361,20361,8
20362,20362,8
20363,20363,8
20364,20364,8
20365,20365,8
20366,20366,6
20367,20367,6
20368,20368,6
20369,20369,8
20370,20370,8
20371,20371,8
20372,20372,8
20373,20373,8
20374,20374,6
20375,20375,6
20376,20376,1
20377,20377,1
20378,20378,6
20379,20379,6
20380,20380,1
20381,20381,1
20382,20382,1
20383,20383,6
20384,20384,1
20385,20385,1
20386,20386,1
20387,20387,1
20388,20388,1
20389,20389,1
20390,20390,1
20391,20391,1
20392,20392,1
20393,20393,1
20394,20394,1
20395,20395,1
20396,20396,1
20397,20397,1
20398,20398,8
20399,20399,8
20400,20400,8
20401,20401,1
20402,20402,8
20403,20403,1
20404,20404,8
20405,20405,8
20406,20406,8
20407,20407,8
20408,20408,6
20409,20409,6
20410,20410,6
20411,20411,6
20412,20412,6
20413,20413,6
20414,20414,6
20415,20415,6
20416,20416,6
20417,20417,6
20418,20418,6
20419,20419,6
20420,20420,8
20421,20421,8
20422,20422,8
20423,20423,6
20424,20424,8
20425,20425,8
20426,20426,8
20427,20427,8
20428,20428,6
20429,20429,6
20430,20430,6
20431,20431,6
20432,20432,6
20433,20433,6
20434,20434,8
20435,20435,8
20436,20436,8
20437,20437,6
20438,20438,8
20439,20439,6
20440,20440,8
20441,20441,6
20442,20442,6
20443,20443,1
20444,20444,6
20445,20445,1
20446,20446,1
20447,20447,1
20448,20448,6
20449,20449,6
20450,20450,6
20451,20451,6
20452,20452,6
20453,20453,6
20454,20454,1
20455,20455,6
20456,20456,6
20457,20457,1
20458,20458,1
20459,20459,1
20460,20460,1
20461,20461,1
20462,20462,1
20463,20463,1
20464,20464,1
20465,20465,1
20466,20466,1
20467,20467,1
20468,20468,1
20469,20469,1
20470,20470,1
20471,20471,1
20472,20472,1
20473,20473,1
20474,20474,1
20475,20475,1
20476,20476,1
20477,20477,1
20478,20478,1
20479,20479,1
20480,20480,1
20481,20481,1
20482,20482,1
20483,20483,1
20484,20484,1
20485,20485,1
20486,20486,1
20487,20487,1
20488,20488,1
20489,20489,1
20490,20490,1
20491,20491,1
20492,20492,1
20493,20493,1
20494,20494,1
20495,20495,1
20496,20496,1
20497,20497,1
20498,20498,1
20499,20499,1
20500,20500,1
20501,20501,1
20502,20502,1
20503,20503,1
20504,20504,1
20505,20505,1
20506,20506,1
20507,20507,1
20508,20508,1
20509,20509,1
20510,20510,1
20511,20511,1
20512,20512,1
20513,20513,8
20514,20514,8
20515,20515,10
20516,20516,10
20517,20517,10
20518,20518,10
20519,20519,10
20520,20520,10
20521,20521,10
20522,20522,10
20523,20523,10
20524,20524,10
20525,20525,10
20526,20526,10
20527,20527,10
20528,20528,10
20529,20529,10
20530,20530,10
20531,20531,10
20532,20532,10
20533,20533,10
20534,20534,10
20535,20535,10
20536,20536,10
20537,20537,10
20538,20538,10
20539,20539,10
20540,20540,10
20541,20541,10
20542,20542,10
20543,20543,10
20544,20544,10
20545,20545,10
20546,20546,10
20547,20547,10
20548,20548,10
20549,20549,10
20550,20550,0
20551,20551,0
20552,20552,8
20553,20553,8
20554,20554,8
20555,20555,8
20556,20556,8
20557,20557,8
20558,20558,8
20559,20559,1
20560,20560,1
20561,20561,1
20562,20562,1
20563,20563,1
20564,20564,8
20565,20565,8
20566,20566,1
20567,20567,6
20568,20568,6
20569,20569,6
20570,20570,8
20571,20571,8
20572,20572,8
20573,20573,8
20574,20574,8
20575,20575,8
20576,20576,8
20577,20577,8
20578,20578,8
20579,20579,8
20580,20580,8
20581,20581,8
20582,20582,8
20583,20583,8
20584,20584,8
20585,20585,8
20586,20586,8
20587,20587,8
20588,20588,8
20589,20589,8
20590,20590,8
20591,20591,8
20592,20592,8
20593,20593,8
20594,20594,8
20595,20595,8
20596,20596,8
20597,20597,8
20598,20598,8
20599,20599,8
20600,20600,8
20601,20601,8
20602,20602,8
20603,20603,8
20604,20604,8
20605,20605,8
20606,20606,8
20607,20607,8
20608,20608,8
20609,20609,8
20610,20610,8
20611,20611,8
20612,20612,8
20613,20613,8
20614,20614,8
20615,20615,8
20616,20616,8
20617,20617,8
20618,20618,8
20619,20619,8
20620,20620,8
20621,20621,8
20622,20622,8
20623,20623,8
20624,20624,8
20625,20625,8
20626,20626,8
20627,20627,8
20628,20628,8
20629,20629,8
20630,20630,8
20631,20631,8
20632,20632,8
20633,20633,8
20634,20634,8
20635,20635,8
20636,20636,8
20637,20637,8
20638,20638,8
20639,20639,8
20640,20640,8
20641,20641,8
20642,20642,8
20643,20643,8
20644,20644,8
20645,20645,8
20646,20646,8
20647,20647,8
20648,20648,8
20649,20649,8
20650,20650,8
20651,20651,8
20652,20652,8
20653,20653,8
20654,20654,8
20655,20655,8
20656,20656,8
20657,20657,8
20658,20658,8
20659,20659,8
20660,20660,8
20661,20661,8
20662,20662,8
20663,20663,8
20664,20664,8
20665,20665,8
20666,20666,8
20667,20667,8
20668,20668,8
20669,20669,8
20670,20670,8
20671,20671,8
20672,20672,8
20673,20673,8
20674,20674,8
20675,20675,8
20676,20676,8
20677,20677,8
20678,20678,8
20679,20679,8
20680,20680,8
20681,20681,8
20682,20682,8
20683,20683,8
20684,20684,8
20685,20685,8
20686,20686,8
20687,20687,8
20688,20688,8
20689,20689,8
20690,20690,8
20691,20691,8
20692,20692,8
20693,20693,8
20694,20694,8
20695,20695,8
20696,20696,8
20697,20697,8
20698,20698,8
20699,20699,8
20700,20700,8
20701,20701,8
20702,20702,8
20703,20703,8
20704,20704,8
20705,20705,8
20706,20706,8
20707,20707,8
20708,20708,8
20709,20709,8
20710,20710,8
20711,20711,8
20712,20712,8
20713,20713,8
20714,20714,8
20715,20715,8
20716,20716,8
20717,20717,8
20718,20718,8
20719,20719,8
20720,20720,8
20721,20721,8
20722,20722,8
20723,20723,8
20724,20724,8
20725,20725,8
20726,20726,8
20727,20727,8
20728,20728,8
20729,20729,8
20730,20730,8
20731,20731,8
20732,20732,8
20733,20733,8
20734,20734,8
20735,20735,8
20736,20736,8
20737,20737,10
20738,20738,8
20739,20739,8
20740,20740,8
20741,20741,8
20742,20742,8
20743,20743,8
20744,20744,8
20745,20745,8
20746,20746,8
20747,20747,8
20748,20748,8
20749,20749,8
20750,20750,8
20751,20751,8
20752,20752,8
20753,20753,8
20754,20754,8
20755,20755,8
20756,20756,8
20757,20757,8
20758,20758,8
20759,20759,8
20760,20760,8
20761,20761,8
20762,20762,8
20763,20763,8
20764,20764,8
20765,20765,8
20766,20766,8
20767,20767,8
20768,20768,8
20769,20769,8
20770,20770,8
20771,20771,8
20772,20772,8
20773,20773,8
20774,20774,10
20775,20775,10
20776,20776,10
20777,20777,8
20778,20778,8
20779,20779,10
20780,20780,10
20781,20781,1
20782,20782,10
20783,20783,10
20784,20784,10
20785,20785,8
20786,20786,8
20787,20787,8
20788,20788,8
20789,20789,8
20790,20790,8
20791,20791,1
20792,20792,10
20793,20793,10
20794,20794,8
20795,20795,8
20796,20796,8
20797,20797,8
20798,20798,8
20799,20799,8
20800,20800,8
20801,20801,8
20802,20802,8
20803,20803,8
20804,20804,8
20805,20805,8
20806,20806,8
20807,20807,8
20808,20808,8
20809,20809,8
20810,20810,10
20811,20811,10
20812,20812,10
20813,20813,10
20814,20814,8
20815,20815,8
20816,20816,10
20817,20817,10
20818,20818,8
20819,20819,8
20820,20820,10
20821,20821,10
20822,20822,10
20823,20823,10
20824,20824,10
20825,20825,10
20826,20826,10
20827,20827,10
20828,20828,10
20829,20829,10
20830,20830,10
20831,20831,10
20832,20832,10
20833,20833,10
20834,20834,10
20835,20835,10
20836,20836,10
20837,20837,10
20838,20838,10
20839,20839,10
20840,20840,10
20841,20841,10
20842,20842,10
20843,20843,10
20844,20844,10
20845,20845,10
20846,20846,10
20847,20847,10
20848,20848,10
20849,20849,10
20850,20850,10
20851,20851,10
20852,20852,10
20853,20853,8
20854,20854,10
20855,20855,10
20856,20856,10
20857,20857,10
20858,20858,10
20859,20859,10
20860,20860,10
20861,20861,10
20862,20862,10
20863,20863,10
20864,20864,10
20865,20865,10
20866,20866,10
20867,20867,10
20868,20868,10
20869,20869,10
20870,20870,10
20871,20871,10
20872,20872,10
20873,20873,10
20874,20874,10
20875,20875,10
20876,20876,10
20877,20877,10
20878,20878,10
20879,20879,10
20880,20880,10
20881,20881,10
20882,20882,10
20883,20883,10
20884,20884,10
20885,20885,10
20886,20886,10
20887,20887,10
20888,20888,10
20889,20889,4
20890,20890,10
20891,20891,10
20892,20892,10
20893,20893,4
20894,20894,4
20895,20895,4
20896,20896,10
20897,20897,10
20898,20898,10
20899,20899,10
20900,20900,10
20901,20901,10
20902,20902,10
20903,20903,10
20904,20904,10
20905,20905,10
20906,20906,10
20907,20907,10
20908,20908,10
20909,20909,10
20910,20910,10
20911,20911,10
20912,20912,10
20913,20913,10
20914,20914,10
20915,20915,10
20916,20916,10
20917,20917,10
20918,20918,10
20919,20919,10
20920,20920,10
20921,20921,10
20922,20922,10
20923,20923,10
20924,20924,10
20925,20925,10
20926,20926,10
20927,20927,10
20928,20928,10
20929,20929,10
20930,20930,10
20931,20931,10
20932,20932,10
20933,20933,10
20934,20934,10
20935,20935,10
20936,20936,10
20937,20937,10
20938,20938,10
20939,20939,10
20940,20940,10
20941,20941,10
20942,20942,10
20943,20943,10
20944,20944,10
20945,20945,10
20946,20946,10
20947,20947,10
20948,20948,10
20949,20949,10
20950,20950,10
20951,20951,10
20952,20952,10
20953,20953,10
20954,20954,10
20955,20955,8
20956,20956,8
20957,20957,8
20958,20958,8
20959,20959,10
20960,20960,10
20961,20961,10
20962,20962,10
20963,20963,10
20964,20964,10
20965,20965,10
20966,20966,10
20967,20967,10
20968,20968,10
20969,20969,10
20970,20970,10
20971,20971,10
20972,20972,10
20973,20973,10
20974,20974,10
20975,20975,10
20976,20976,10
20977,20977,10
20978,20978,10
20979,20979,10
20980,20980,10
20981,20981,10
20982,20982,10
20983,20983,10
20984,20984,10
20985,20985,10
20986,20986,10
20987,20987,10
20988,20988,10
20989,20989,10
20990,20990,10
20991,20991,10
20992,20992,10
20993,20993,10
20994,20994,10
20995,20995,10
20996,20996,10
20997,20997,10
20998,20998,10
20999,20999,10
21000,21000,10
21001,21001,10
21002,21002,10
21003,21003,10
21004,21004,10
21005,21005,10
21006,21006,10
21007,21007,10
21008,21008,10
21009,21009,10
21010,21010,8
21011,21011,8
21012,21012,8
21013,21013,1
21014,21014,1
21015,21015,8
21016,21016,8
21017,21017,8
21018,21018,8
21019,21019,8
21020,21020,10
21021,21021,10
21022,21022,10
21023,21023,10
21024,21024,10
21025,21025,10
21026,21026,10
21027,21027,10
21028,21028,10
21029,21029,10
21030,21030,10
21031,21031,10
21032,21032,10
21033,21033,10
21034,21034,8
21035,21035,8
21036,21036,8
21037,21037,8
21038,21038,8
21039,21039,8
21040,21040,8
21041,21041,10
21042,21042,8
21043,21043,8
21044,21044,10
21045,21045,10
21046,21046,10
21047,21047,8
21048,21048,10
21049,21049,8
21050,21050,8
21051,21051,8
21052,21052,8
21053,21053,8
21054,21054,8
21055,21055,8
21056,21056,8
21057,21057,8
21058,21058,8
21059,21059,8
21060,21060,8
21061,21061,8
21062,21062,8
21063,21063,8
21064,21064,10
21065,21065,10
21066,21066,10
21067,21067,10
21068,21068,10
21069,21069,10
21070,21070,10
21071,21071,10
21072,21072,10
21073,21073,10
21074,21074,10
21075,21075,10
21076,21076,10
21077,21077,8
21078,21078,8
21079,21079,10
21080,21080,8
21081,21081,8
21082,21082,8
21083,21083,10
21084,21084,8
21085,21085,10
21086,21086,8
21087,21087,10
21088,21088,8
21089,21089,8
21090,21090,7
21091,21091,7
21092,21092,7
21093,21093,7
21094,21094,7
21095,21095,7
21096,21096,7
21097,21097,7
21098,21098,7
21099,21099,7
21100,21100,7
21101,21101,7
21102,21102,7
21103,21103,7
21104,21104,7
21105,21105,7
21106,21106,7
21107,21107,7
21108,21108,7
21109,21109,7
21110,21110,7
21111,21111,7
21112,21112,7
21113,21113,7
21114,21114,7
21115,21115,7
21116,21116,7
21117,21117,7
21118,21118,7
21119,21119,7
21120,21120,7
21121,21121,7
21122,21122,7
21123,21123,7
21124,21124,7
21125,21125,7
21126,21126,7
21127,21127,7
21128,21128,7
21129,21129,7
21130,21130,7
21131,21131,7
21132,21132,7
21133,21133,7
21134,21134,8
21135,21135,8
21136,21136,8
21137,21137,8
21138,21138,8
21139,21139,8
21140,21140,10
21141,21141,8
21142,21142,8
21143,21143,8
21144,21144,10
21145,21145,10
21146,21146,10
21147,21147,10
21148,21148,10
21149,21149,10
21150,21150,10
21151,21151,10
21152,21152,10
21153,21153,10
21154,21154,10
21155,21155,10
21156,21156,10
21157,21157,10
21158,21158,10
21159,21159,10
21160,21160,10
21161,21161,10
21162,21162,10
21163,21163,10
21164,21164,10
21165,21165,10
21166,21166,10
21167,21167,10
21168,21168,10
21169,21169,10
21170,21170,10
21171,21171,10
21172,21172,10
21173,21173,10
21174,21174,10
21175,21175,10
21176,21176,10
21177,21177,10
21178,21178,10
21179,21179,10
21180,21180,10
21181,21181,10
21182,21182,10
21183,21183,10
21184,21184,10
21185,21185,10
21186,21186,10
21187,21187,10
21188,21188,10
21189,21189,10
21190,21190,10
21191,21191,10
21192,21192,10
21193,21193,10
21194,21194,10
21195,21195,10
21196,21196,10
21197,21197,10
21198,21198,10
21199,21199,10
21200,21200,10
21201,21201,10
21202,21202,10
21203,21203,8
21204,21204,8
21205,21205,10
21206,21206,8
21207,21207,8
21208,21208,8
21209,21209,10
21210,21210,8
21211,21211,10
21212,21212,8
21213,21213,10
21214,21214,10
21215,21215,10
21216,21216,10
21217,21217,10
21218,21218,10
21219,21219,10
21220,21220,10
21221,21221,10
21222,21222,10
21223,21223,10
21224,21224,10
21225,21225,10
21226,21226,10
21227,21227,10
21228,21228,10
21229,21229,10
21230,21230,10
21231,21231,10
21232,21232,10
21233,21233,10
21234,21234,10
21235,21235,8
21236,21236,10
21237,21237,8
21238,21238,10
21239,21239,8
21240,21240,8
21241,21241,10
21242,21242,8
21243,21243,10
21244,21244,10
21245,21245,10
21246,21246,10
21247,21247,10
21248,21248,10
21249,21249,10
21250,21250,10
21251,21251,10
21252,21252,10
21253,21253,10
21254,21254,10
21255,21255,10
21256,21256,10
21257,21257,10
21258,21258,10
21259,21259,10
21260,21260,10
21261,21261,10
21262,21262,10
21263,21263,10
21264,21264,10
21265,21265,10
21266,21266,10
21267,21267,10
21268,21268,10
21269,21269,10
21270,21270,10
21271,21271,10
21272,21272,10
21273,21273,10
21274,21274,10
21275,21275,10
21276,21276,10
21277,21277,10
21278,21278,10
21279,21279,10
21280,21280,10
21281,21281,10
21282,21282,10
21283,21283,10
21284,21284,10
21285,21285,10
21286,21286,10
21287,21287,10
21288,21288,10
21289,21289,10
21290,21290,10
21291,21291,10
21292,21292,10
21293,21293,10
21294,21294,10
21295,21295,10
21296,21296,10
21297,21297,10
21298,21298,10
21299,21299,10
21300,21300,10
21301,21301,10
21302,21302,10
21303,21303,10
21304,21304,10
21305,21305,10
21306,21306,10
21307,21307,10
21308,21308,10
21309,21309,10
21310,21310,10
21311,21311,10
21312,21312,10
21313,21313,10
21314,21314,10
21315,21315,10
21316,21316,10
21317,21317,10
21318,21318,10
21319,21319,10
21320,21320,10
21321,21321,10
21322,21322,10
21323,21323,10
21324,21324,10
21325,21325,10
21326,21326,10
21327,21327,10
21328,21328,10
21329,21329,10
21330,21330,10
21331,21331,10
21332,21332,10
21333,21333,10
21334,21334,10
21335,21335,10
21336,21336,10
21337,21337,10
21338,21338,10
21339,21339,10
21340,21340,10
21341,21341,10
21342,21342,10
21343,21343,10
21344,21344,10
21345,21345,10
21346,21346,10
21347,21347,10
21348,21348,10
21349,21349,10
21350,21350,10
21351,21351,10
21352,21352,10
21353,21353,10
21354,21354,10
21355,21355,10
21356,21356,10
21357,21357,10
21358,21358,10
21359,21359,10
21360,21360,10
21361,21361,10
21362,21362,10
21363,21363,10
21364,21364,10
21365,21365,10
21366,21366,10
21367,21367,10
21368,21368,10
21369,21369,10
21370,21370,10
21371,21371,10
21372,21372,10
21373,21373,10
21374,21374,10
21375,21375,10
21376,21376,10
21377,21377,10
21378,21378,10
21379,21379,10
21380,21380,10
21381,21381,10
21382,21382,10
21383,21383,10
21384,21384,10
21385,21385,10
21386,21386,10
21387,21387,10
21388,21388,10
21389,21389,10
21390,21390,10
21391,21391,10
21392,21392,10
21393,21393,10
21394,21394,10
21395,21395,10
21396,21396,10
21397,21397,10
21398,21398,10
21399,21399,10
21400,21400,10
21401,21401,10
21402,21402,10
21403,21403,10
21404,21404,10
21405,21405,10
21406,21406,10
21407,21407,10
21408,21408,10
21409,21409,10
21410,21410,10
21411,21411,10
21412,21412,10
21413,21413,10
21414,21414,10
21415,21415,10
21416,21416,10
21417,21417,10
21418,21418,10
21419,21419,10
21420,21420,10
21421,21421,8
21422,21422,8
21423,21423,8
21424,21424,8
21425,21425,8
21426,21426,8
21427,21427,8
21428,21428,8
21429,21429,8
21430,21430,8
21431,21431,8
21432,21432,8
21433,21433,8
21434,21434,8
21435,21435,8
21436,21436,8
21437,21437,8
21438,21438,8
21439,21439,8
21440,21440,8
21441,21441,8
21442,21442,8
21443,21443,8
21444,21444,8
21445,21445,8
21446,21446,8
21447,21447,8
21448,21448,8
21449,21449,8
21450,21450,8
21451,21451,8
21452,21452,8
21453,21453,8
21454,21454,8
21455,21455,8
21456,21456,8
21457,21457,8
21458,21458,8
21459,21459,8
21460,21460,8
21461,21461,8
21462,21462,8
21463,21463,8
21464,21464,8
21465,21465,8
21466,21466,8
21467,21467,8
21468,21468,10
21469,21469,10
21470,21470,8
21471,21471,8
21472,21472,8
21473,21473,8
21474,21474,8
21475,21475,1
21476,21476,1
21477,21477,8
21478,21478,8
21479,21479,10
21480,21480,1
21481,21481,1
21482,21482,1
21483,21483,1
21484,21484,10
21485,21485,1
21486,21486,1
21487,21487,1
21488,21488,1
21489,21489,10
21490,21490,8
21491,21491,8
21492,21492,10
21493,21493,8
21494,21494,8
21495,21495,8
21496,21496,8
21497,21497,8
21498,21498,8
21499,21499,8
21500,21500,8
21501,21501,8
21502,21502,8
21503,21503,8
21504,21504,8
21505,21505,8
21506,21506,8
21507,21507,8
21508,21508,8
21509,21509,8
21510,21510,8
21511,21511,8
21512,21512,8
21513,21513,8
21514,21514,8
21515,21515,8
21516,21516,8
21517,21517,8
21518,21518,8
21519,21519,1
21520,21520,8
21521,21521,1
21522,21522,8
21523,21523,8
21524,21524,8
21525,21525,8
21526,21526,8
21527,21527,8
21528,21528,8
21529,21529,8
21530,21530,8
21531,21531,8
21532,21532,8
21533,21533,8
21534,21534,8
21535,21535,8
21536,21536,8
21537,21537,8
21538,21538,8
21539,21539,8
21540,21540,8
21541,21541,8
21542,21542,8
21543,21543,8
21544,21544,8
21545,21545,8
21546,21546,8
21547,21547,8
21548,21548,8
21549,21549,8
21550,21550,8
21551,21551,8
21552,21552,8
21553,21553,8
21554,21554,4
21555,21555,4
21556,21556,6
21557,21557,6
21558,21558,6
21559,21559,6
21560,21560,6
21561,21561,6
21562,21562,4
21563,21563,6
21564,21564,6
21565,21565,6
21566,21566,6
21567,21567,4
21568,21568,6
21569,21569,4
21570,21570,4
21571,21571,0
21572,21572,0
21573,21573,0
21574,21574,0
21575,21575,0
21576,21576,0
21577,21577,0
21578,21578,0
21579,21579,2
21580,21580,2
21581,21581,2
21582,21582,2
21583,21583,2
21584,21584,2
21585,21585,2
21586,21586,2
21587,21587,2
21588,21588,2
21589,21589,2
21590,21590,8
21591,21591,8
21592,21592,8
21593,21593,8
21594,21594,8
21595,21595,8
21596,21596,8
21597,21597,8
21598,21598,8
21599,21599,8
21600,21600,8
21601,21601,8
21602,21602,8
21603,21603,8
21604,21604,8
21605,21605,8
21606,21606,8
21607,21607,8
21608,21608,8
21609,21609,8
21610,21610,8
21611,21611,8
21612,21612,8
21613,21613,8
21614,21614,8
21615,21615,8
21616,21616,8
21617,21617,8
21618,21618,8
21619,21619,8
21620,21620,8
21621,21621,8
21622,21622,8
21623,21623,8
21624,21624,8
21625,21625,8
21626,21626,8
21627,21627,8
21628,21628,8
21629,21629,8
21630,21630,8
21631,21631,8
21632,21632,8
21633,21633,8
21634,21634,8
21635,21635,8
21636,21636,8
21637,21637,8
21638,21638,8
21639,21639,8
21640,21640,8
21641,21641,8
21642,21642,8
21643,21643,8
21644,21644,8
21645,21645,8
21646,21646,8
21647,21647,8
21648,21648,8
21649,21649,8
21650,21650,8
21651,21651,8
21652,21652,8
21653,21653,8
21654,21654,8
21655,21655,8
21656,21656,8
21657,21657,8
21658,21658,8
21659,21659,8
21660,21660,8
21661,21661,8
21662,21662,8
21663,21663,8
21664,21664,8
21665,21665,8
21666,21666,8
21667,21667,8
21668,21668,8
21669,21669,8
21670,21670,8
21671,21671,8
21672,21672,8
21673,21673,8
21674,21674,8
21675,21675,8
21676,21676,8
21677,21677,8
21678,21678,1
21679,21679,1
21680,21680,1
21681,21681,1
21682,21682,1
21683,21683,6
21684,21684,1
21685,21685,1
21686,21686,1
21687,21687,1
21688,21688,6
21689,21689,6
21690,21690,6
21691,21691,1
21692,21692,1
21693,21693,6
21694,21694,1
21695,21695,1
21696,21696,1
21697,21697,1
21698,21698,1
21699,21699,1
21700,21700,1
21701,21701,1
21702,21702,1
21703,21703,1
21704,21704,1
21705,21705,1
21706,21706,1
21707,21707,1
21708,21708,1
21709,21709,1
21710,21710,1
21711,21711,1
21712,21712,1
21713,21713,1
21714,21714,1
21715,21715,1
21716,21716,1
21717,21717,3
21718,21718,1
21719,21719,3
21720,21720,1
21721,21721,1
21722,21722,1
21723,21723,1
21724,21724,3
21725,21725,3
21726,21726,3
21727,21727,3
21728,21728,3
21729,21729,3
21730,21730,3
21731,21731,3
21732,21732,3
21733,21733,1
21734,21734,1
21735,21735,1
21736,21736,1
21737,21737,1
21738,21738,3
21739,21739,3
21740,21740,3
21741,21741,3
21742,21742,3
21743,21743,1
21744,21744,1
21745,21745,1
21746,21746,1
21747,21747,1
21748,21748,1
21749,21749,3
21750,21750,1
21751,21751,3
21752,21752,3
21753,21753,3
21754,21754,3
21755,21755,3
21756,21756,3
21757,21757,3
21758,21758,3
21759,21759,3
21760,21760,3
21761,21761,3
21762,21762,3
21763,21763,1
21764,21764,1
21765,21765,1
21766,21766,3
21767,21767,3
21768,21768,3
21769,21769,3
21770,21770,3
21771,21771,3
21772,21772,3
21773,21773,3
21774,21774,3
21775,21775,3
21776,21776,3
21777,21777,3
21778,21778,3
21779,21779,3
21780,21780,3
21781,21781,3
21782,21782,3
21783,21783,3
21784,21784,3
21785,21785,3
21786,21786,3
21787,21787,3
21788,21788,3
21789,21789,3
21790,21790,3
21791,21791,3
21792,21792,3
21793,21793,3
21794,21794,3
21795,21795,3
21796,21796,3
21797,21797,3
21798,21798,3
21799,21799,3
21800,21800,3
21801,21801,3
21802,21802,3
21803,21803,3
21804,21804,3
21805,21805,3
21806,21806,3
21807,21807,3
21808,21808,3
21809,21809,3
21810,21810,3
21811,21811,3
21812,21812,3
21813,21813,3
21814,21814,3
21815,21815,3
21816,21816,3
21817,21817,3
21818,21818,3
21819,21819,3
21820,21820,3
21821,21821,3
21822,21822,3
21823,21823,3
21824,21824,3
21825,21825,3
21826,21826,3
21827,21827,3
21828,21828,3
21829,21829,3
21830,21830,3
21831,21831,3
21832,21832,3
21833,21833,3
21834,21834,3
21835,21835,3
21836,21836,3
21837,21837,3
21838,21838,3
21839,21839,3
21840,21840,3
21841,21841,3
21842,21842,3
21843,21843,3
21844,21844,3
21845,21845,3
21846,21846,3
21847,21847,3
21848,21848,3
21849,21849,3
21850,21850,3
21851,21851,3
21852,21852,3
21853,21853,3
21854,21854,3
21855,21855,3
21856,21856,3
21857,21857,3
21858,21858,3
21859,21859,3
21860,21860,3
21861,21861,3
21862,21862,3
21863,21863,3
21864,21864,3
21865,21865,3
21866,21866,3
21867,21867,3
21868,21868,3
21869,21869,3
21870,21870,3
21871,21871,3
21872,21872,3
21873,21873,3
21874,21874,3
21875,21875,3
21876,21876,3
21877,21877,3
21878,21878,3
21879,21879,3
21880,21880,3
21881,21881,3
21882,21882,3
21883,21883,3
21884,21884,3
21885,21885,3
21886,21886,3
21887,21887,3
21888,21888,3
21889,21889,3
21890,21890,3
21891,21891,3
21892,21892,3
21893,21893,3
21894,21894,3
21895,21895,3
21896,21896,3
21897,21897,3
21898,21898,3
21899,21899,3
21900,21900,3
21901,21901,3
21902,21902,3
21903,21903,3
21904,21904,3
21905,21905,3
21906,21906,3
21907,21907,3
21908,21908,3
21909,21909,3
21910,21910,3
21911,21911,3
21912,21912,3
21913,21913,3
21914,21914,3
21915,21915,3
21916,21916,3
21917,21917,3
21918,21918,3
21919,21919,3
21920,21920,3
21921,21921,3
21922,21922,3
21923,21923,3
21924,21924,3
21925,21925,3
21926,21926,1
21927,21927,1
21928,21928,1
21929,21929,1
21930,21930,1
21931,21931,1
21932,21932,1
21933,21933,1
21934,21934,1
21935,21935,1
21936,21936,1
21937,21937,1
21938,21938,1
21939,21939,1
21940,21940,1
21941,21941,1
21942,21942,1
21943,21943,6
21944,21944,6
21945,21945,8
21946,21946,8
21947,21947,6
21948,21948,1
21949,21949,1
21950,21950,1
21951,21951,1
21952,21952,1
21953,21953,6
21954,21954,1
21955,21955,1
21956,21956,1
21957,21957,1
21958,21958,1
21959,21959,1
21960,21960,1
21961,21961,1
21962,21962,1
21963,21963,1
21964,21964,6
21965,21965,6
21966,21966,6
21967,21967,1
21968,21968,1
21969,21969,1
21970,21970,1
21971,21971,1
21972,21972,1
21973,21973,1
21974,21974,6
21975,21975,1
21976,21976,1
21977,21977,1
21978,21978,1
21979,21979,1
21980,21980,1
21981,21981,1
21982,21982,1
21983,21983,1
21984,21984,1
21985,21985,1
21986,21986,1
21987,21987,1
21988,21988,1
21989,21989,1
21990,21990,1
21991,21991,1
21992,21992,1
21993,21993,1
21994,21994,1
21995,21995,1
21996,21996,1
21997,21997,1
21998,21998,1
21999,21999,1
22000,22000,1
22001,22001,1
22002,22002,1
22003,22003,1
22004,22004,1
22005,22005,1
22006,22006,1
22007,22007,1
22008,22008,1
22009,22009,1
22010,22010,1
22011,22011,1
22012,22012,1
22013,22013,1
22014,22014,1
22015,22015,1
22016,22016,1
22017,22017,1
22018,22018,1
22019,22019,1
22020,22020,1
22021,22021,1
22022,22022,1
22023,22023,1
22024,22024,1
22025,22025,1
22026,22026,1
22027,22027,1
22028,22028,1
22029,22029,1
22030,22030,1
22031,22031,1
22032,22032,1
22033,22033,3
22034,22034,1
22035,22035,3
22036,22036,3
22037,22037,1
22038,22038,1
22039,22039,3
22040,22040,3
22041,22041,10
22042,22042,3
22043,22043,3
22044,22044,3
22045,22045,3
22046,22046,3
22047,22047,1
22048,22048,3
22049,22049,3
22050,22050,3
22051,22051,3
22052,22052,3
22053,22053,1
22054,22054,1
22055,22055,1
22056,22056,1
22057,22057,1
22058,22058,1
22059,22059,3
22060,22060,3
22061,22061,3
22062,22062,3
22063,22063,3
22064,22064,3
22065,22065,3
22066,22066,3
22067,22067,3
22068,22068,3
22069,22069,3
22070,22070,3
22071,22071,4
22072,22072,4
22073,22073,4
22074,22074,4
22075,22075,4
22076,22076,4
22077,22077,4
22078,22078,4
22079,22079,4
22080,22080,4
22081,22081,4
22082,22082,4
22083,22083,4
22084,22084,4
22085,22085,3
22086,22086,3
22087,22087,3
22088,22088,3
22089,22089,3
22090,22090,3
22091,22091,3
22092,22092,3
22093,22093,3
22094,22094,3
22095,22095,3
22096,22096,3
22097,22097,3
22098,22098,3
22099,22099,3
22100,22100,3
22101,22101,3
22102,22102,3
22103,22103,3
22104,22104,3
22105,22105,3
22106,22106,3
22107,22107,3
22108,22108,3
22109,22109,3
22110,22110,3
22111,22111,3
22112,22112,3
22113,22113,3
22114,22114,3
22115,22115,3
22116,22116,3
22117,22117,3
22118,22118,3
22119,22119,3
22120,22120,3
22121,22121,3
22122,22122,3
22123,22123,3
22124,22124,3
22125,22125,3
22126,22126,3
22127,22127,3
22128,22128,3
22129,22129,3
22130,22130,3
22131,22131,3
22132,22132,3
22133,22133,3
22134,22134,3
22135,22135,9
22136,22136,9
22137,22137,9
22138,22138,9
22139,22139,9
22140,22140,9
22141,22141,9
22142,22142,9
22143,22143,9
22144,22144,9
22145,22145,9
22146,22146,9
22147,22147,9
22148,22148,9
22149,22149,9
22150,22150,3
22151,22151,3
22152,22152,3
22153,22153,3
22154,22154,3
22155,22155,9
22156,22156,9
22157,22157,9
22158,22158,3
22159,22159,3
22160,22160,9
22161,22161,9
22162,22162,3
22163,22163,3
22164,22164,3
22165,22165,3
22166,22166,3
22167,22167,3
22168,22168,3
22169,22169,3
22170,22170,3
22171,22171,3
22172,22172,3
22173,22173,3
22174,22174,3
22175,22175,3
22176,22176,3
22177,22177,3
22178,22178,3
22179,22179,3
22180,22180,3
22181,22181,3
22182,22182,3
22183,22183,3
22184,22184,3
22185,22185,3
22186,22186,3
22187,22187,3
22188,22188,3
22189,22189,3
22190,22190,3
22191,22191,3
22192,22192,9
22193,22193,9
22194,22194,3
22195,22195,3
22196,22196,3
22197,22197,3
22198,22198,3
22199,22199,3
22200,22200,3
22201,22201,3
22202,22202,3
22203,22203,3
22204,22204,3
22205,22205,3
22206,22206,3
22207,22207,3
22208,22208,3
22209,22209,3
22210,22210,3
22211,22211,3
22212,22212,3
22213,22213,3
22214,22214,3
22215,22215,3
22216,22216,3
22217,22217,3
22218,22218,3
22219,22219,3
22220,22220,3
22221,22221,3
22222,22222,3
22223,22223,3
22224,22224,3
22225,22225,3
22226,22226,3
22227,22227,3
22228,22228,3
22229,22229,3
22230,22230,3
22231,22231,3
22232,22232,3
22233,22233,3
22234,22234,3
22235,22235,3
22236,22236,3
22237,22237,3
22238,22238,3
22239,22239,3
22240,22240,3
22241,22241,3
22242,22242,3
22243,22243,3
22244,22244,3
22245,22245,3
22246,22246,3
22247,22247,3
22248,22248,3
22249,22249,3
22250,22250,3
22251,22251,3
22252,22252,3
22253,22253,3
22254,22254,3
22255,22255,3
22256,22256,3
22257,22257,3
22258,22258,3
22259,22259,3
22260,22260,3
22261,22261,3
22262,22262,3
22263,22263,3
22264,22264,9
22265,22265,3
22266,22266,3
22267,22267,3
22268,22268,3
22269,22269,3
22270,22270,3
22271,22271,3
22272,22272,3
22273,22273,3
22274,22274,9
22275,22275,9
22276,22276,9
22277,22277,9
22278,22278,3
22279,22279,3
22280,22280,3
22281,22281,9
22282,22282,3
22283,22283,3
22284,22284,3
22285,22285,3
22286,22286,3
22287,22287,3
22288,22288,3
22289,22289,3
22290,22290,3
22291,22291,3
22292,22292,3
22293,22293,10
22294,22294,10
22295,22295,10
22296,22296,3
22297,22297,10
22298,22298,3
22299,22299,3
22300,22300,3
22301,22301,3
22302,22302,3
22303,22303,3
22304,22304,3
22305,22305,3
22306,22306,3
22307,22307,3
22308,22308,3
22309,22309,3
22310,22310,3
22311,22311,7
22312,22312,7
22313,22313,7
22314,22314,7
22315,22315,4
22316,22316,4
22317,22317,4
22318,22318,4
22319,22319,4
22320,22320,4
22321,22321,4
22322,22322,4
22323,22323,4
22324,22324,4
22325,22325,4
22326,22326,4
22327,22327,4
22328,22328,4
22329,22329,4
22330,22330,4
22331,22331,4
22332,22332,4
22333,22333,4
22334,22334,4
22335,22335,4
22336,22336,4
22337,22337,4
22338,22338,4
22339,22339,4
22340,22340,4
22341,22341,4
22342,22342,4
22343,22343,4
22344,22344,4
22345,22345,4
22346,22346,4
22347,22347,4
22348,22348,4
22349,22349,4
22350,22350,4
22351,22351,4
22352,22352,4
22353,22353,4
22354,22354,4
22355,22355,4
22356,22356,4
22357,22357,4
22358,22358,4
22359,22359,4
22360,22360,4
22361,22361,4
22362,22362,4
22363,22363,4
22364,22364,4
22365,22365,4
22366,22366,7
22367,22367,7
22368,22368,8
22369,22369,8
22370,22370,8
22371,22371,3
22372,22372,3
22373,22373,3
22374,22374,1
22375,22375,1
22376,22376,1
22377,22377,1
22378,22378,1
22379,22379,1
22380,22380,1
22381,22381,1
22382,22382,1
22383,22383,3
22384,22384,3
22385,22385,3
22386,22386,3
22387,22387,3
22388,22388,3
22389,22389,3
22390,22390,3
22391,22391,3
22392,22392,3
22393,22393,3
22394,22394,3
22395,22395,3
22396,22396,3
22397,22397,3
22398,22398,3
22399,22399,3
22400,22400,3
22401,22401,3
22402,22402,3
22403,22403,3
22404,22404,3
22405,22405,3
22406,22406,3
22407,22407,3
22408,22408,3
22409,22409,3
22410,22410,3
22411,22411,3
22412,22412,9
22413,22413,9
22414,22414,3
22415,22415,9
22416,22416,3
22417,22417,3
22418,22418,3
22419,22419,3
22420,22420,3
22421,22421,3
22422,22422,9
22423,22423,3
22424,22424,3
22425,22425,3
22426,22426,3
22427,22427,3
22428,22428,3
22429,22429,3
22430,22430,3
22431,22431,3
22432,22432,3
22433,22433,3
22434,22434,9
22435,22435,3
22436,22436,3
22437,22437,3
22438,22438,3
22439,22439,3
22440,22440,3
22441,22441,3
22442,22442,9
22443,22443,3
22444,22444,3
22445,22445,3
22446,22446,3
22447,22447,3
22448,22448,3
22449,22449,3
22450,22450,3
22451,22451,3
22452,22452,3
22453,22453,10
22454,22454,10
22455,22455,10
22456,22456,8
22457,22457,8
22458,22458,8
22459,22459,8
22460,22460,8
22461,22461,8
22462,22462,8
22463,22463,8
22464,22464,8
22465,22465,7
22466,22466,2
22467,22467,7
22468,22468,2
22469,22469,7
22470,22470,7
22471,22471,6
22472,22472,6
22473,22473,6
22474,22474,6
22475,22475,6
22476,22476,6
22477,22477,6
22478,22478,3
22479,22479,3
22480,22480,3
22481,22481,3
22482,22482,3
22483,22483,3
22484,22484,3
22485,22485,3
22486,22486,3
22487,22487,3
22488,22488,3
22489,22489,3
22490,22490,3
22491,22491,3
22492,22492,3
22493,22493,3
22494,22494,3
22495,22495,3
22496,22496,3
22497,22497,3
22498,22498,3
22499,22499,3
22500,22500,3
22501,22501,3
22502,22502,3
22503,22503,3
22504,22504,3
22505,22505,3
22506,22506,3
22507,22507,3
22508,22508,3
22509,22509,3
22510,22510,3
22511,22511,3
22512,22512,3
22513,22513,3
22514,22514,6
22515,22515,6
22516,22516,3
22517,22517,3
22518,22518,1
22519,22519,1
22520,22520,6
22521,22521,1
22522,22522,1
22523,22523,1
22524,22524,1
22525,22525,1
22526,22526,3
22527,22527,1
22528,22528,1
22529,22529,1
22530,22530,1
22531,22531,1
22532,22532,1
22533,22533,1
22534,22534,1
22535,22535,1
22536,22536,1
22537,22537,1
22538,22538,1
22539,22539,1
22540,22540,1
22541,22541,1
22542,22542,1
22543,22543,1
22544,22544,1
22545,22545,1
22546,22546,1
22547,22547,1
22548,22548,1
22549,22549,1
22550,22550,1
22551,22551,1
22552,22552,1
22553,22553,1
22554,22554,1
22555,22555,1
22556,22556,1
22557,22557,1
22558,22558,1
22559,22559,1
22560,22560,1
22561,22561,1
22562,22562,1
22563,22563,1
22564,22564,1
22565,22565,1
22566,22566,1
22567,22567,1
22568,22568,1
22569,22569,1
22570,22570,1
22571,22571,1
22572,22572,1
22573,22573,1
22574,22574,1
22575,22575,1
22576,22576,1
22577,22577,1
22578,22578,1
22579,22579,1
22580,22580,1
22581,22581,1
22582,22582,1
22583,22583,1
22584,22584,1
22585,22585,1
22586,22586,1
22587,22587,1
22588,22588,1
22589,22589,1
22590,22590,1
22591,22591,1
22592,22592,1
22593,22593,1
22594,22594,1
22595,22595,1
22596,22596,1
22597,22597,1
22598,22598,7
22599,22599,7
22600,22600,7
22601,22601,7
22602,22602,7
22603,22603,7
22604,22604,7
22605,22605,7
22606,22606,7
22607,22607,7
22608,22608,7
22609,22609,3
22610,22610,3
22611,22611,3
22612,22612,3
22613,22613,3
22614,22614,3
22615,22615,3
22616,22616,3
22617,22617,3
22618,22618,3
22619,22619,3
22620,22620,3
22621,22621,6
22622,22622,3
22623,22623,6
22624,22624,6
22625,22625,6
22626,22626,6
22627,22627,6
22628,22628,6
22629,22629,6
22630,22630,6
22631,22631,6
22632,22632,3
22633,22633,3
22634,22634,3
22635,22635,9
22636,22636,9
22637,22637,9
22638,22638,9
22639,22639,9
22640,22640,9
22641,22641,1
22642,22642,1
22643,22643,1
22644,22644,1
22645,22645,1
22646,22646,1
22647,22647,1
22648,22648,1
22649,22649,1
22650,22650,1
22651,22651,1
22652,22652,1
22653,22653,1
22654,22654,1
22655,22655,1
22656,22656,1
22657,22657,1
22658,22658,1
22659,22659,7
22660,22660,7
22661,22661,7
22662,22662,7
22663,22663,7
22664,22664,3
22665,22665,6
22666,22666,3
22667,22667,3
22668,22668,3
22669,22669,3
22670,22670,3
22671,22671,3
22672,22672,3
22673,22673,3
22674,22674,3
22675,22675,3
22676,22676,3
22677,22677,3
22678,22678,3
22679,22679,3
22680,22680,3
22681,22681,3
22682,22682,3
22683,22683,3
22684,22684,3
22685,22685,3
22686,22686,3
22687,22687,3
22688,22688,3
22689,22689,3
22690,22690,3
22691,22691,3
22692,22692,3
22693,22693,3
22694,22694,3
22695,22695,3
22696,22696,3
22697,22697,3
22698,22698,3
22699,22699,6
22700,22700,6
22701,22701,6
22702,22702,6
22703,22703,6
22704,22704,6
22705,22705,6
22706,22706,6
22707,22707,6
22708,22708,6
22709,22709,6
22710,22710,8
22711,22711,6
22712,22712,6
22713,22713,8
22714,22714,6
22715,22715,8
22716,22716,8
22717,22717,8
22718,22718,8
22719,22719,8
22720,22720,8
22721,22721,1
22722,22722,1
22723,22723,1
22724,22724,1
22725,22725,2
22726,22726,2
22727,22727,2
22728,22728,7
22729,22729,2
22730,22730,2
22731,22731,2
22732,22732,2
22733,22733,2
22734,22734,2
22735,22735,2
22736,22736,2
22737,22737,2
22738,22738,2
22739,22739,2
22740,22740,7
22741,22741,7
22742,22742,2
22743,22743,2
22744,22744,2
22745,22745,2
22746,22746,2
22747,22747,2
22748,22748,2
22749,22749,2
22750,22750,2
22751,22751,2
22752,22752,2
22753,22753,7
22754,22754,2
22755,22755,2
22756,22756,2
22757,22757,2
22758,22758,2
22759,22759,2
22760,22760,2
22761,22761,2
22762,22762,3
22763,22763,3
22764,22764,3
22765,22765,3
22766,22766,2
22767,22767,2
22768,22768,2
22769,22769,2
22770,22770,2
22771,22771,2
22772,22772,2
22773,22773,2
22774,22774,2
22775,22775,2
22776,22776,2
22777,22777,2
22778,22778,2
22779,22779,2
22780,22780,2
22781,22781,6
22782,22782,6
22783,22783,6
22784,22784,6
22785,22785,6
22786,22786,6
22787,22787,6
22788,22788,6
22789,22789,6
22790,22790,6
22791,22791,6
22792,22792,6
22793,22793,6
22794,22794,6
22795,22795,6
22796,22796,6
22797,22797,6
22798,22798,6
22799,22799,6
22800,22800,6
22801,22801,6
22802,22802,6
22803,22803,6
22804,22804,6
22805,22805,6
22806,22806,6
22807,22807,8
22808,22808,4
22809,22809,4
22810,22810,4
22811,22811,4
22812,22812,4
22813,22813,4
22814,22814,4
22815,22815,4
22816,22816,4
22817,22817,4
22818,22818,4
22819,22819,4
22820,22820,4
22821,22821,4
22822,22822,4
22823,22823,4
22824,22824,4
22825,22825,4
22826,22826,4
22827,22827,4
22828,22828,4
22829,22829,4
22830,22830,4
22831,22831,4
22832,22832,4
22833,22833,4
22834,22834,4
22835,22835,4
22836,22836,4
22837,22837,4
22838,22838,4
22839,22839,4
22840,22840,4
22841,22841,4
22842,22842,4
22843,22843,4
22844,22844,4
22845,22845,4
22846,22846,4
22847,22847,4
22848,22848,4
22849,22849,4
22850,22850,4
22851,22851,4
22852,22852,4
22853,22853,4
22854,22854,4
22855,22855,4
22856,22856,4
22857,22857,4
22858,22858,4
22859,22859,4
22860,22860,2
22861,22861,2
22862,22862,2
22863,22863,2
22864,22864,2
22865,22865,2
22866,22866,2
22867,22867,2
22868,22868,2
22869,22869,2
22870,22870,2
22871,22871,2
22872,22872,3
22873,22873,3
22874,22874,3
22875,22875,0
22876,22876,6
22877,22877,0
22878,22878,0
22879,22879,0
22880,22880,0
22881,22881,6
22882,22882,0
22883,22883,3
22884,22884,3
22885,22885,3
22886,22886,3
22887,22887,3
22888,22888,3
22889,22889,3
22890,22890,3
22891,22891,3
22892,22892,3
22893,22893,3
22894,22894,3
22895,22895,3
22896,22896,3
22897,22897,3
22898,22898,3
22899,22899,3
22900,22900,3
22901,22901,3
22902,22902,3
22903,22903,7
22904,22904,7
22905,22905,7
22906,22906,7
22907,22907,7
22908,22908,7
22909,22909,7
22910,22910,7
22911,22911,7
22912,22912,7
22913,22913,7
22914,22914,7
22915,22915,7
22916,22916,7
22917,22917,7
22918,22918,7
22919,22919,7
22920,22920,7
22921,22921,7
22922,22922,7
22923,22923,7
22924,22924,7
22925,22925,7
22926,22926,7
22927,22927,7
22928,22928,7
22929,22929,7
22930,22930,7
22931,22931,7
22932,22932,7
22933,22933,7
22934,22934,7
22935,22935,7
22936,22936,7
22937,22937,7
22938,22938,7
22939,22939,1
22940,22940,8
22941,22941,1
22942,22942,1
22943,22943,1
22944,22944,1
22945,22945,1
22946,22946,1
22947,22947,7
22948,22948,7
22949,22949,7
22950,22950,7
22951,22951,7
22952,22952,7
22953,22953,7
22954,22954,7
22955,22955,7
22956,22956,6
22957,22957,6
22958,22958,6
22959,22959,1
22960,22960,1
22961,22961,1
22962,22962,1
22963,22963,0
22964,22964,0
22965,22965,7
22966,22966,7
22967,22967,7
22968,22968,7
22969,22969,3
22970,22970,3
22971,22971,3
22972,22972,3
22973,22973,3
22974,22974,3
22975,22975,3
22976,22976,6
22977,22977,6
22978,22978,8
22979,22979,8
22980,22980,8
22981,22981,8
22982,22982,8
22983,22983,8
22984,22984,8
22985,22985,8
22986,22986,6
22987,22987,6
22988,22988,6
22989,22989,7
22990,22990,1
22991,22991,1
22992,22992,8
22993,22993,1
22994,22994,1
22995,22995,1
22996,22996,1
22997,22997,1
22998,22998,1
22999,22999,8
23000,23000,8
23001,23001,1
23002,23002,1
23003,23003,1
23004,23004,1
23005,23005,1
23006,23006,8
23007,23007,8
23008,23008,1
23009,23009,1
23010,23010,1
23011,23011,1
23012,23012,1
23013,23013,8
23014,23014,6
23015,23015,8
23016,23016,10
23017,23017,8
23018,23018,10
23019,23019,8
23020,23020,10
23021,23021,8
23022,23022,8
23023,23023,6
23024,23024,6
23025,23025,6
23026,23026,6
23027,23027,6
23028,23028,6
23029,23029,0
23030,23030,8
23031,23031,8
23032,23032,8
23033,23033,6
23034,23034,7
23035,23035,7
23036,23036,7
23037,23037,7
23038,23038,4
23039,23039,4
23040,23040,4
23041,23041,4
23042,23042,4
23043,23043,4
23044,23044,4
23045,23045,4
23046,23046,4
23047,23047,4
23048,23048,4
23049,23049,4
23050,23050,4
23051,23051,4
23052,23052,4
23053,23053,4
23054,23054,4
23055,23055,4
23056,23056,4
23057,23057,4
23058,23058,4
23059,23059,4
23060,23060,4
23061,23061,4
23062,23062,4
23063,23063,4
23064,23064,4
23065,23065,4
23066,23066,4
23067,23067,4
23068,23068,4
23069,23069,4
23070,23070,4
23071,23071,4
23072,23072,4
23073,23073,4
23074,23074,4
23075,23075,4
23076,23076,4
23077,23077,4
23078,23078,4
23079,23079,4
23080,23080,4
23081,23081,4
23082,23082,4
23083,23083,4
23084,23084,4
23085,23085,4
23086,23086,4
23087,23087,4
23088,23088,4
23089,23089,4
23090,23090,4
23091,23091,4
23092,23092,4
23093,23093,4
23094,23094,4
23095,23095,4
23096,23096,4
23097,23097,4
23098,23098,4
23099,23099,4
23100,23100,4
23101,23101,4
23102,23102,4
23103,23103,4
23104,23104,4
23105,23105,4
23106,23106,4
23107,23107,4
23108,23108,4
23109,23109,4
23110,23110,2
23111,23111,1
23112,23112,1
23113,23113,1
23114,23114,6
23115,23115,6
23116,23116,6
23117,23117,0
23118,23118,0
23119,23119,1
23120,23120,1
23121,23121,1
23122,23122,4
23123,23123,4
23124,23124,4
23125,23125,4
23126,23126,4
23127,23127,4
23128,23128,4
23129,23129,4
23130,23130,4
23131,23131,4
23132,23132,4
23133,23133,4
23134,23134,4
23135,23135,4
23136,23136,4
23137,23137,4
23138,23138,4
23139,23139,4
23140,23140,4
23141,23141,4
23142,23142,4
23143,23143,4
23144,23144,4
23145,23145,4
23146,23146,4
23147,23147,4
23148,23148,4
23149,23149,4
23150,23150,4
23151,23151,4
23152,23152,4
23153,23153,4
23154,23154,4
23155,23155,4
23156,23156,4
23157,23157,4
23158,23158,4
23159,23159,4
23160,23160,4
23161,23161,4
23162,23162,4
23163,23163,4
23164,23164,4
23165,23165,4
23166,23166,4
23167,23167,4
23168,23168,4
23169,23169,4
23170,23170,3
23171,23171,3
23172,23172,3
23173,23173,4
23174,23174,4
23175,23175,4
23176,23176,4
23177,23177,4
23178,23178,3
23179,23179,3
23180,23180,3
23181,23181,0
23182,23182,0
23183,23183,0
23184,23184,7
23185,23185,2
23186,23186,7
23187,23187,8
23188,23188,8
23189,23189,2
23190,23190,2
23191,23191,3
23192,23192,3
23193,23193,3
23194,23194,3
23195,23195,3
23196,23196,2
23197,23197,2
23198,23198,2
23199,23199,2
23200,23200,2
23201,23201,2
23202,23202,2
23203,23203,2
23204,23204,2
23205,23205,2
23206,23206,2
23207,23207,2
23208,23208,2
23209,23209,2
23210,23210,2
23211,23211,2
23212,23212,2
23213,23213,2
23214,23214,2
23215,23215,2
23216,23216,2
23217,23217,2
23218,23218,2
23219,23219,2
23220,23220,2
23221,23221,2
23222,23222,2
23223,23223,2
23224,23224,3
23225,23225,1
23226,23226,1
23227,23227,1
23228,23228,1
23229,23229,3
23230,23230,6
23231,23231,6
23232,23232,8
23233,23233,8
23234,23234,8
23235,23235,8
23236,23236,8
23237,23237,8
23238,23238,8
23239,23239,1
23240,23240,8
23241,23241,8
23242,23242,8
23243,23243,8
23244,23244,8
23245,23245,8
23246,23246,8
23247,23247,8
23248,23248,8
23249,23249,8
23250,23250,2
23251,23251,2
23252,23252,2
23253,23253,2
23254,23254,2
23255,23255,6
23256,23256,6
23257,23257,7
23258,23258,7
23259,23259,7
23260,23260,2
23261,23261,8
23262,23262,8
23263,23263,8
23264,23264,8
23265,23265,8
23266,23266,8
23267,23267,8
23268,23268,8
23269,23269,8
23270,23270,8
23271,23271,8
23272,23272,8
23273,23273,8
23274,23274,8
23275,23275,3
23276,23276,3
23277,23277,6
23278,23278,0
23279,23279,0
23280,23280,0
23281,23281,6
23282,23282,6
23283,23283,6
23284,23284,6
23285,23285,6
23286,23286,6
23287,23287,6
23288,23288,6
23289,23289,6
23290,23290,3
23291,23291,7
23292,23292,7
23293,23293,7
23294,23294,7
23295,23295,7
23296,23296,7
23297,23297,7
23298,23298,7
23299,23299,7
23300,23300,7
23301,23301,7
23302,23302,0
23303,23303,6
23304,23304,7
23305,23305,7
23306,23306,7
23307,23307,6
23308,23308,6
23309,23309,6
23310,23310,6
23311,23311,6
23312,23312,3
23313,23313,6
23314,23314,6
23315,23315,6
23316,23316,6
23317,23317,6
23318,23318,6
23319,23319,6
23320,23320,6
23321,23321,6
23322,23322,6
23323,23323,6
23324,23324,6
23325,23325,6
23326,23326,6
23327,23327,6
23328,23328,6
23329,23329,6
23330,23330,6
23331,23331,6
23332,23332,3
23333,23333,3
23334,23334,3
23335,23335,3
23336,23336,6
23337,23337,6
23338,23338,8
23339,23339,3
23340,23340,3
23341,23341,3
23342,23342,3
23343,23343,3
23344,23344,10
23345,23345,10
23346,23346,10
23347,23347,10
23348,23348,10
23349,23349,10
23350,23350,3
23351,23351,3
23352,23352,3
23353,23353,3
23354,23354,3
23355,23355,2
23356,23356,2
23357,23357,2
23358,23358,2
23359,23359,2
23360,23360,2
23361,23361,2
23362,23362,2
23363,23363,2
23364,23364,2
23365,23365,2
23366,23366,2
23367,23367,7
23368,23368,7
23369,23369,6
23370,23370,6
23371,23371,6
23372,23372,6
23373,23373,6
23374,23374,6
23375,23375,6
23376,23376,6
23377,23377,6
23378,23378,6
23379,23379,6
23380,23380,6
23381,23381,6
23382,23382,6
23383,23383,6
23384,23384,6
23385,23385,6
23386,23386,6
23387,23387,6
23388,23388,8
23389,23389,8
23390,23390,8
23391,23391,8
23392,23392,6
23393,23393,6
23394,23394,6
23395,23395,6
23396,23396,6
23397,23397,6
23398,23398,6
23399,23399,6
23400,23400,8
23401,23401,8
23402,23402,8
23403,23403,8
23404,23404,8
23405,23405,8
23406,23406,8
23407,23407,8
23408,23408,8
23409,23409,8
23410,23410,8
23411,23411,8
23412,23412,8
23413,23413,8
23414,23414,8
23415,23415,8
23416,23416,8
23417,23417,8
23418,23418,8
23419,23419,8
23420,23420,8
23421,23421,8
23422,23422,6
23423,23423,6
23424,23424,3
23425,23425,1
23426,23426,1
23427,23427,1
23428,23428,1
23429,23429,1
23430,23430,1
23431,23431,1
23432,23432,1
23433,23433,1
23434,23434,6
23435,23435,1
23436,23436,7
23437,23437,7
23438,23438,7
23439,23439,7
23440,23440,7
23441,23441,7
23442,23442,7
23443,23443,7
23444,23444,7
23445,23445,7
23446,23446,0
23447,23447,0
23448,23448,0
23449,23449,0
23450,23450,0
23451,23451,0
23452,23452,3
23453,23453,3
23454,23454,1
23455,23455,1
23456,23456,1
23457,23457,1
23458,23458,6
23459,23459,3
23460,23460,6
23461,23461,6
23462,23462,6
23463,23463,3
23464,23464,7
23465,23465,7
23466,23466,7
23467,23467,7
23468,23468,0
23469,23469,1
23470,23470,3
23471,23471,3
23472,23472,6
23473,23473,3
23474,23474,6
23475,23475,3
23476,23476,6
23477,23477,3
23478,23478,3
23479,23479,3
23480,23480,3
23481,23481,3
23482,23482,3
23483,23483,3
23484,23484,3
23485,23485,3
23486,23486,3
23487,23487,3
23488,23488,3
23489,23489,3
23490,23490,3
23491,23491,3
23492,23492,6
23493,23493,2
23494,23494,2
23495,23495,2
23496,23496,2
23497,23497,4
23498,23498,4
23499,23499,6
23500,23500,6
23501,23501,1
23502,23502,1
23503,23503,1
23504,23504,1
23505,23505,6
23506,23506,6
23507,23507,6
23508,23508,6
23509,23509,6
23510,23510,6
23511,23511,6
23512,23512,6
23513,23513,6
23514,23514,6
23515,23515,6
23516,23516,6
23517,23517,6
23518,23518,7
23519,23519,6
23520,23520,8
23521,23521,8
23522,23522,0
23523,23523,0
23524,23524,3
23525,23525,3
23526,23526,3
23527,23527,6
23528,23528,6
23529,23529,6
23530,23530,3
23531,23531,6
23532,23532,4
23533,23533,4
23534,23534,4
23535,23535,3
23536,23536,4
23537,23537,4
23538,23538,4
23539,23539,4
23540,23540,3
23541,23541,3
23542,23542,4
23543,23543,4
23544,23544,4
23545,23545,4
23546,23546,4
23547,23547,4
23548,23548,4
23549,23549,4
23550,23550,4
23551,23551,4
23552,23552,7
23553,23553,7
23554,23554,6
23555,23555,6
23556,23556,6
23557,23557,6
23558,23558,6
23559,23559,7
23560,23560,7
23561,23561,7
23562,23562,7
23563,23563,6
23564,23564,6
23565,23565,6
23566,23566,3
23567,23567,3
23568,23568,3
23569,23569,3
23570,23570,0
23571,23571,0
23572,23572,0
23573,23573,6
23574,23574,7
23575,23575,7
23576,23576,7
23577,23577,7
23578,23578,8
23579,23579,8
23580,23580,7
23581,23581,7
23582,23582,1
23583,23583,1
23584,23584,0
23585,23585,0
23586,23586,0
23587,23587,0
23588,23588,0
23589,23589,0
23590,23590,0
23591,23591,0
23592,23592,0
23593,23593,6
23594,23594,0
23595,23595,0
23596,23596,0
23597,23597,6
23598,23598,0
23599,23599,0
23600,23600,0
23601,23601,0
23602,23602,0
23603,23603,0
23604,23604,6
23605,23605,6
23606,23606,6
23607,23607,6
23608,23608,6
23609,23609,6
23610,23610,6
23611,23611,6
23612,23612,6
23613,23613,0
23614,23614,0
23615,23615,0
23616,23616,0
23617,23617,0
23618,23618,0
23619,23619,0
23620,23620,0
23621,23621,6
23622,23622,6
23623,23623,6
23624,23624,6
23625,23625,6
23626,23626,0
23627,23627,0
23628,23628,6
23629,23629,6
23630,23630,6
23631,23631,0
23632,23632,6
23633,23633,6
23634,23634,6
23635,23635,6
23636,23636,0
23637,23637,6
23638,23638,6
23639,23639,6
23640,23640,0
23641,23641,0
23642,23642,0
23643,23643,0
23644,23644,0
23645,23645,0
23646,23646,0
23647,23647,0
23648,23648,8
23649,23649,8
23650,23650,8
23651,23651,8
23652,23652,8
23653,23653,8
23654,23654,8
23655,23655,8
23656,23656,8
23657,23657,8
23658,23658,8
23659,23659,8
23660,23660,8
23661,23661,8
23662,23662,8
23663,23663,8
23664,23664,8
23665,23665,6
23666,23666,6
23667,23667,6
23668,23668,6
23669,23669,0
23670,23670,6
23671,23671,6
23672,23672,6
23673,23673,6
23674,23674,6
23675,23675,5
23676,23676,0
23677,23677,5
23678,23678,0
23679,23679,5
23680,23680,0
23681,23681,5
23682,23682,5
23683,23683,5
23684,23684,0
23685,23685,0
23686,23686,0
23687,23687,0
23688,23688,0
23689,23689,0
23690,23690,0
23691,23691,0
23692,23692,0
23693,23693,0
23694,23694,0
23695,23695,0
23696,23696,0
23697,23697,0
23698,23698,0
23699,23699,0
23700,23700,0
23701,23701,0
23702,23702,0
23703,23703,0
23704,23704,0
23705,23705,0
23706,23706,0
23707,23707,0
23708,23708,0
23709,23709,0
23710,23710,0
23711,23711,0
23712,23712,0
23713,23713,0
23714,23714,0
23715,23715,0
23716,23716,0
23717,23717,0
23718,23718,0
23719,23719,0
23720,23720,0
23721,23721,0
23722,23722,0
23723,23723,0
23724,23724,0
23725,23725,0
23726,23726,0
23727,23727,0
23728,23728,0
23729,23729,0
23730,23730,8
23731,23731,8
23732,23732,8
23733,23733,7
23734,23734,8
23735,23735,8
23736,23736,8
23737,23737,7
23738,23738,7
23739,23739,8
23740,23740,8
23741,23741,8
23742,23742,8
23743,23743,8
23744,23744,8
23745,23745,8
23746,23746,8
23747,23747,8
23748,23748,8
23749,23749,7
23750,23750,7
23751,23751,8
23752,23752,8
23753,23753,8
23754,23754,0
23755,23755,0
23756,23756,0
23757,23757,0
23758,23758,3
23759,23759,3
23760,23760,3
23761,23761,3
23762,23762,3
23763,23763,3
23764,23764,3
23765,23765,3
23766,23766,3
23767,23767,3
23768,23768,3
23769,23769,3
23770,23770,3
23771,23771,3
23772,23772,3
23773,23773,3
23774,23774,3
23775,23775,3
23776,23776,3
23777,23777,3
23778,23778,3
23779,23779,3
23780,23780,3
23781,23781,3
23782,23782,3
23783,23783,3
23784,23784,3
23785,23785,3
23786,23786,3
23787,23787,3
23788,23788,3
23789,23789,3
23790,23790,3
23791,23791,3
23792,23792,3
23793,23793,3
23794,23794,3
23795,23795,3
23796,23796,3
23797,23797,3
23798,23798,3
23799,23799,3
23800,23800,3
23801,23801,3
23802,23802,3
23803,23803,3
23804,23804,3
23805,23805,3
23806,23806,3
23807,23807,3
23808,23808,3
23809,23809,3
23810,23810,3
23811,23811,3
23812,23812,3
23813,23813,3
23814,23814,3
23815,23815,3
23816,23816,3
23817,23817,3
23818,23818,3
23819,23819,3
23820,23820,3
23821,23821,3
23822,23822,3
23823,23823,3
23824,23824,3
23825,23825,3
23826,23826,3
23827,23827,3
23828,23828,3
23829,23829,3
23830,23830,3
23831,23831,3
23832,23832,3
23833,23833,3
23834,23834,3
23835,23835,3
23836,23836,3
23837,23837,3
23838,23838,3
23839,23839,3
23840,23840,3
23841,23841,3
23842,23842,3
23843,23843,3
23844,23844,3
23845,23845,3
23846,23846,3
23847,23847,3
23848,23848,3
23849,23849,3
23850,23850,3
23851,23851,3
23852,23852,3
23853,23853,3
23854,23854,3
23855,23855,3
23856,23856,3
23857,23857,3
23858,23858,3
23859,23859,3
23860,23860,3
23861,23861,6
23862,23862,3
23863,23863,3
23864,23864,1
23865,23865,1
23866,23866,3
23867,23867,3
23868,23868,1
23869,23869,3
23870,23870,3
23871,23871,3
23872,23872,3
23873,23873,3
23874,23874,3
23875,23875,3
23876,23876,3
23877,23877,3
23878,23878,3
23879,23879,3
23880,23880,3
23881,23881,3
23882,23882,3
23883,23883,3
23884,23884,3
23885,23885,3
23886,23886,3
23887,23887,3
23888,23888,3
23889,23889,3
23890,23890,3
23891,23891,3
23892,23892,3
23893,23893,3
23894,23894,3
23895,23895,3
23896,23896,3
23897,23897,3
23898,23898,3
23899,23899,3
23900,23900,3
23901,23901,3
23902,23902,3
23903,23903,3
23904,23904,3
23905,23905,3
23906,23906,3
23907,23907,3
23908,23908,3
23909,23909,3
23910,23910,3
23911,23911,3
23912,23912,3
23913,23913,3
23914,23914,3
23915,23915,1
23916,23916,3
23917,23917,1
23918,23918,3
23919,23919,3
23920,23920,1
23921,23921,3
23922,23922,3
23923,23923,3
23924,23924,3
23925,23925,3
23926,23926,3
23927,23927,3
23928,23928,3
23929,23929,3
23930,23930,3
23931,23931,3
23932,23932,3
23933,23933,3
23934,23934,3
23935,23935,3
23936,23936,3
23937,23937,1
23938,23938,1
23939,23939,1
23940,23940,1
23941,23941,1
23942,23942,1
23943,23943,1
23944,23944,1
23945,23945,3
23946,23946,3
23947,23947,3
23948,23948,3
23949,23949,3
23950,23950,3
23951,23951,3
23952,23952,3
23953,23953,3
23954,23954,3
23955,23955,3
23956,23956,3
23957,23957,3
23958,23958,3
23959,23959,3
23960,23960,3
23961,23961,3
23962,23962,3
23963,23963,3
23964,23964,3
23965,23965,3
23966,23966,3
23967,23967,3
23968,23968,3
23969,23969,3
23970,23970,3
23971,23971,3
23972,23972,3
23973,23973,3
23974,23974,3
23975,23975,3
23976,23976,3
23977,23977,3
23978,23978,3
23979,23979,3
23980,23980,3
23981,23981,3
23982,23982,3
23983,23983,3
23984,23984,3
23985,23985,3
23986,23986,3
23987,23987,3
23988,23988,3
23989,23989,3
23990,23990,3
23991,23991,3
23992,23992,3
23993,23993,3
23994,23994,3
23995,23995,3
23996,23996,3
23997,23997,3
23998,23998,3
23999,23999,3
24000,24000,6
24001,24001,6
24002,24002,6
24003,24003,6
24004,24004,6
24005,24005,6
24006,24006,6
24007,24007,6
24008,24008,6
24009,24009,6
24010,24010,6
24011,24011,6
24012,24012,3
24013,24013,6
24014,24014,6
24015,24015,6
24016,24016,3
24017,24017,6
24018,24018,6
24019,24019,6
24020,24020,6
24021,24021,6
24022,24022,6
24023,24023,6
24024,24024,6
24025,24025,6
24026,24026,6
24027,24027,6
24028,24028,8
24029,24029,6
24030,24030,6
24031,24031,6
24032,24032,6
24033,24033,8
24034,24034,7
24035,24035,3
24036,24036,3
24037,24037,3
24038,24038,3
24039,24039,3
24040,24040,3
24041,24041,3
24042,24042,6
24043,24043,6
24044,24044,6
24045,24045,3
24046,24046,3
24047,24047,6
24048,24048,6
24049,24049,6
24050,24050,6
24051,24051,6
24052,24052,6
24053,24053,6
24054,24054,6
24055,24055,3
24056,24056,3
24057,24057,3
24058,24058,3
24059,24059,3
24060,24060,3
24061,24061,3
24062,24062,3
24063,24063,3
24064,24064,6
24065,24065,6
24066,24066,3
24067,24067,3
24068,24068,6
24069,24069,3
24070,24070,6
24071,24071,6
24072,24072,6
24073,24073,6
24074,24074,6
24075,24075,6
24076,24076,6
24077,24077,6
24078,24078,6
24079,24079,6
24080,24080,6
24081,24081,6
24082,24082,6
24083,24083,6
24084,24084,6
24085,24085,6
24086,24086,6
24087,24087,6
24088,24088,6
24089,24089,6
24090,24090,6
24091,24091,6
24092,24092,6
24093,24093,6
24094,24094,6
24095,24095,6
24096,24096,6
24097,24097,6
24098,24098,6
24099,24099,6
24100,24100,6
24101,24101,6
24102,24102,6
24103,24103,6
24104,24104,6
24105,24105,6
24106,24106,6
24107,24107,6
24108,24108,6
24109,24109,6
24110,24110,6
24111,24111,6
24112,24112,6
24113,24113,6
24114,24114,6
24115,24115,6
24116,24116,6
24117,24117,6
24118,24118,6
24119,24119,6
24120,24120,6
24121,24121,8
24122,24122,6
24123,24123,6
24124,24124,6
24125,24125,6
24126,24126,6
24127,24127,0
24128,24128,8
24129,24129,9
24130,24130,9
24131,24131,9
24132,24132,3
24133,24133,9
24134,24134,3
24135,24135,3
24136,24136,9
24137,24137,3
24138,24138,9
24139,24139,9
24140,24140,9
24141,24141,9
24142,24142,9
24143,24143,9
24144,24144,9
24145,24145,9
24146,24146,9
24147,24147,9
24148,24148,9
24149,24149,9
24150,24150,9
24151,24151,9
24152,24152,9
24153,24153,9
24154,24154,9
24155,24155,9
24156,24156,9
24157,24157,9
24158,24158,9
24159,24159,9
24160,24160,9
24161,24161,9
24162,24162,9
24163,24163,9
24164,24164,9
24165,24165,9
24166,24166,9
24167,24167,9
24168,24168,9
24169,24169,9
24170,24170,9
24171,24171,9
24172,24172,9
24173,24173,9
24174,24174,9
24175,24175,9
24176,24176,9
24177,24177,9
24178,24178,9
24179,24179,9
24180,24180,9
24181,24181,9
24182,24182,9
24183,24183,9
24184,24184,9
24185,24185,9
24186,24186,9
24187,24187,9
24188,24188,9
24189,24189,9
24190,24190,9
24191,24191,9
24192,24192,9
24193,24193,3
24194,24194,9
24195,24195,3
24196,24196,3
24197,24197,3
24198,24198,3
24199,24199,3
24200,24200,3
24201,24201,3
24202,24202,3
24203,24203,3
24204,24204,3
24205,24205,3
24206,24206,4
24207,24207,4
24208,24208,4
24209,24209,9
24210,24210,9
24211,24211,9
24212,24212,3
24213,24213,3
24214,24214,3
24215,24215,4
24216,24216,4
24217,24217,4
24218,24218,4
24219,24219,3
24220,24220,3
24221,24221,3
24222,24222,3
24223,24223,4
24224,24224,3
24225,24225,4
24226,24226,4
24227,24227,4
24228,24228,4
24229,24229,9
24230,24230,9
24231,24231,9
24232,24232,9
24233,24233,9
24234,24234,9
24235,24235,9
24236,24236,9
24237,24237,9
24238,24238,9
24239,24239,9
24240,24240,9
24241,24241,9
24242,24242,9
24243,24243,9
24244,24244,9
24245,24245,9
24246,24246,9
24247,24247,9
24248,24248,9
24249,24249,9
24250,24250,9
24251,24251,9
24252,24252,9
24253,24253,9
24254,24254,9
24255,24255,9
24256,24256,9
24257,24257,9
24258,24258,9
24259,24259,9
24260,24260,9
24261,24261,9
24262,24262,9
24263,24263,9
24264,24264,9
24265,24265,9
24266,24266,9
24267,24267,9
24268,24268,9
24269,24269,9
24270,24270,9
24271,24271,9
24272,24272,9
24273,24273,9
24274,24274,9
24275,24275,9
24276,24276,9
24277,24277,9
24278,24278,9
24279,24279,9
24280,24280,9
24281,24281,9
24282,24282,9
24283,24283,9
24284,24284,9
24285,24285,9
24286,24286,9
24287,24287,9
24288,24288,9
24289,24289,9
24290,24290,9
24291,24291,9
24292,24292,9
24293,24293,9
24294,24294,9
24295,24295,9
24296,24296,9
24297,24297,9
24298,24298,9
24299,24299,9
24300,24300,9
24301,24301,9
24302,24302,9
24303,24303,9
24304,24304,9
24305,24305,9
24306,24306,9
24307,24307,9
24308,24308,9
24309,24309,9
24310,24310,9
24311,24311,9
24312,24312,9
24313,24313,9
24314,24314,9
24315,24315,9
24316,24316,9
24317,24317,9
24318,24318,9
24319,24319,9
24320,24320,9
24321,24321,9
24322,24322,9
24323,24323,9
24324,24324,9
24325,24325,9
24326,24326,9
24327,24327,9
24328,24328,9
24329,24329,9
24330,24330,9
24331,24331,9
24332,24332,9
24333,24333,9
24334,24334,9
24335,24335,9
24336,24336,9
24337,24337,9
24338,24338,9
24339,24339,9
24340,24340,9
24341,24341,9
24342,24342,9
24343,24343,9
24344,24344,9
24345,24345,9
24346,24346,9
24347,24347,9
24348,24348,9
24349,24349,9
24350,24350,9
24351,24351,9
24352,24352,9
24353,24353,9
24354,24354,9
24355,24355,9
24356,24356,9
24357,24357,9
24358,24358,9
24359,24359,9
24360,24360,9
24361,24361,9
24362,24362,9
24363,24363,9
24364,24364,9
24365,24365,9
24366,24366,9
24367,24367,9
24368,24368,9
24369,24369,4
24370,24370,9
24371,24371,4
24372,24372,9
24373,24373,3
24374,24374,4
24375,24375,9
24376,24376,9
24377,24377,9
24378,24378,9
24379,24379,9
24380,24380,9
24381,24381,9
24382,24382,9
24383,24383,9
24384,24384,9
24385,24385,9
24386,24386,9
24387,24387,9
24388,24388,9
24389,24389,9
24390,24390,9
24391,24391,9
24392,24392,9
24393,24393,9
24394,24394,9
24395,24395,9
24396,24396,9
24397,24397,9
24398,24398,9
24399,24399,9
24400,24400,9
24401,24401,9
24402,24402,9
24403,24403,9
24404,24404,9
24405,24405,9
24406,24406,9
24407,24407,9
24408,24408,9
24409,24409,9
24410,24410,9
24411,24411,9
24412,24412,9
24413,24413,9
24414,24414,9
24415,24415,9
24416,24416,9
24417,24417,9
24418,24418,9
24419,24419,9
24420,24420,9
24421,24421,9
24422,24422,9
24423,24423,9
24424,24424,9
24425,24425,9
24426,24426,9
24427,24427,9
24428,24428,9
24429,24429,4
24430,24430,4
24431,24431,4
24432,24432,4
24433,24433,4
24434,24434,4
24435,24435,4
24436,24436,4
24437,24437,4
24438,24438,4
24439,24439,4
24440,24440,4
24441,24441,4
24442,24442,9
24443,24443,9
24444,24444,9
24445,24445,4
24446,24446,9
24447,24447,9
24448,24448,9
24449,24449,9
24450,24450,9
24451,24451,9
24452,24452,9
24453,24453,9
24454,24454,9
24455,24455,9
24456,24456,9
24457,24457,9
24458,24458,9
24459,24459,4
24460,24460,9
24461,24461,9
24462,24462,9
24463,24463,4
24464,24464,9
24465,24465,9
24466,24466,9
24467,24467,9
24468,24468,4
24469,24469,9
24470,24470,9
24471,24471,9
24472,24472,9
24473,24473,9
24474,24474,9
24475,24475,9
24476,24476,9
24477,24477,9
24478,24478,9
24479,24479,4
24480,24480,4
24481,24481,3
24482,24482,4
24483,24483,4
24484,24484,4
24485,24485,4
24486,24486,4
24487,24487,4
24488,24488,3
24489,24489,9
24490,24490,9
24491,24491,9
24492,24492,9
24493,24493,9
24494,24494,9
24495,24495,9
24496,24496,9
24497,24497,9
24498,24498,9
24499,24499,9
24500,24500,9
24501,24501,9
24502,24502,9
24503,24503,9
24504,24504,9
24505,24505,9
24506,24506,9
24507,24507,9
24508,24508,9
24509,24509,9
24510,24510,9
24511,24511,9
24512,24512,9
24513,24513,9
24514,24514,9
24515,24515,9
24516,24516,3
24517,24517,9
24518,24518,9
24519,24519,3
24520,24520,3
24521,24521,3
24522,24522,4
24523,24523,3
24524,24524,3
24525,24525,3
24526,24526,3
24527,24527,4
24528,24528,3
24529,24529,9
24530,24530,9
24531,24531,9
24532,24532,9
24533,24533,9
24534,24534,9
24535,24535,9
24536,24536,9
24537,24537,9
24538,24538,9
24539,24539,9
24540,24540,9
24541,24541,9
24542,24542,9
24543,24543,9
24544,24544,9
24545,24545,9
24546,24546,9
24547,24547,9
24548,24548,9
24549,24549,9
24550,24550,9
24551,24551,9
24552,24552,9
24553,24553,9
24554,24554,9
24555,24555,9
24556,24556,9
24557,24557,9
24558,24558,9
24559,24559,9
24560,24560,9
24561,24561,9
24562,24562,9
24563,24563,9
24564,24564,9
24565,24565,9
24566,24566,9
24567,24567,9
24568,24568,9
24569,24569,9
24570,24570,9
24571,24571,4
24572,24572,9
24573,24573,9
24574,24574,4
24575,24575,4
24576,24576,9
24577,24577,9
24578,24578,9
24579,24579,9
24580,24580,9
24581,24581,9
24582,24582,9
24583,24583,9
24584,24584,9
24585,24585,9
24586,24586,9
24587,24587,9
24588,24588,9
24589,24589,9
24590,24590,9
24591,24591,9
24592,24592,9
24593,24593,9
24594,24594,9
24595,24595,9
24596,24596,9
24597,24597,9
24598,24598,9
24599,24599,9
24600,24600,9
24601,24601,9
24602,24602,9
24603,24603,9
24604,24604,9
24605,24605,9
24606,24606,9
24607,24607,9
24608,24608,9
24609,24609,9
24610,24610,9
24611,24611,4
24612,24612,3
24613,24613,3
24614,24614,3
24615,24615,3
24616,24616,3
24617,24617,3
24618,24618,3
24619,24619,9
24620,24620,9
24621,24621,9
24622,24622,4
24623,24623,3
24624,24624,3
24625,24625,3
24626,24626,3
24627,24627,3
24628,24628,6
24629,24629,9
24630,24630,9
24631,24631,9
24632,24632,9
24633,24633,9
24634,24634,9
24635,24635,9
24636,24636,9
24637,24637,9
24638,24638,9
24639,24639,9
24640,24640,9
24641,24641,9
24642,24642,9
24643,24643,9
24644,24644,9
24645,24645,9
24646,24646,9
24647,24647,9
24648,24648,9
24649,24649,9
24650,24650,9
24651,24651,9
24652,24652,9
24653,24653,4
24654,24654,9
24655,24655,9
24656,24656,9
24657,24657,9
24658,24658,9
24659,24659,9
24660,24660,9
24661,24661,9
24662,24662,9
24663,24663,9
24664,24664,9
24665,24665,9
24666,24666,9
24667,24667,3
24668,24668,3
24669,24669,4
24670,24670,3
24671,24671,3
24672,24672,3
24673,24673,3
24674,24674,3
24675,24675,3
24676,24676,3
24677,24677,3
24678,24678,3
24679,24679,4
24680,24680,3
24681,24681,6
24682,24682,3
24683,24683,3
24684,24684,3
24685,24685,3
24686,24686,3
24687,24687,3
24688,24688,3
24689,24689,3
24690,24690,3
24691,24691,3
24692,24692,6
24693,24693,3
24694,24694,1
24695,24695,1
24696,24696,1
24697,24697,1
24698,24698,1
24699,24699,6
24700,24700,3
24701,24701,6
24702,24702,6
24703,24703,3
24704,24704,6
24705,24705,3
24706,24706,6
24707,24707,6
24708,24708,3
24709,24709,6
24710,24710,3
24711,24711,6
24712,24712,6
24713,24713,6
24714,24714,3
24715,24715,6
24716,24716,6
24717,24717,6
24718,24718,6
24719,24719,3
24720,24720,3
24721,24721,3
24722,24722,1
24723,24723,9
24724,24724,6
24725,24725,9
24726,24726,9
24727,24727,1
24728,24728,9
24729,24729,9
24730,24730,9
24731,24731,3
24732,24732,3
24733,24733,6
24734,24734,6
24735,24735,6
24736,24736,6
24737,24737,1
24738,24738,1
24739,24739,3
24740,24740,3
24741,24741,3
24742,24742,3
24743,24743,3
24744,24744,3
24745,24745,3
24746,24746,3
24747,24747,3
24748,24748,3
24749,24749,3
24750,24750,3
24751,24751,3
24752,24752,3
24753,24753,4
24754,24754,4
24755,24755,4
24756,24756,4
24757,24757,4
24758,24758,4
24759,24759,4
24760,24760,4
24761,24761,4
24762,24762,4
24763,24763,4
24764,24764,4
24765,24765,4
24766,24766,4
24767,24767,4
24768,24768,4
24769,24769,4
24770,24770,4
24771,24771,4
24772,24772,4
24773,24773,4
24774,24774,4
24775,24775,4
24776,24776,4
24777,24777,4
24778,24778,4
24779,24779,4
24780,24780,4
24781,24781,4
24782,24782,4
24783,24783,4
24784,24784,4
24785,24785,4
24786,24786,4
24787,24787,4
24788,24788,4
24789,24789,6
24790,24790,6
24791,24791,6
24792,24792,6
24793,24793,6
24794,24794,6
24795,24795,6
24796,24796,6
24797,24797,6
24798,24798,6
24799,24799,6
24800,24800,1
24801,24801,9
24802,24802,9
24803,24803,1
24804,24804,6
24805,24805,1
24806,24806,1
24807,24807,1
24808,24808,1
24809,24809,1
24810,24810,1
24811,24811,1
24812,24812,1
24813,24813,6
24814,24814,1
24815,24815,1
24816,24816,1
24817,24817,1
24818,24818,1
24819,24819,6
24820,24820,3
24821,24821,6
24822,24822,0
24823,24823,6
24824,24824,6
24825,24825,6
24826,24826,6
24827,24827,1
24828,24828,6
24829,24829,6
24830,24830,6
24831,24831,4
24832,24832,1
24833,24833,9
24834,24834,1
24835,24835,1
24836,24836,1
24837,24837,1
24838,24838,1
24839,24839,1
24840,24840,1
24841,24841,4
24842,24842,9
24843,24843,9
24844,24844,3
24845,24845,9
24846,24846,9
24847,24847,3
24848,24848,9
24849,24849,3
24850,24850,9
24851,24851,3
24852,24852,9
24853,24853,3
24854,24854,3
24855,24855,3
24856,24856,4
24857,24857,9
24858,24858,9
24859,24859,9
24860,24860,9
24861,24861,9
24862,24862,9
24863,24863,3
24864,24864,3
24865,24865,3
24866,24866,9
24867,24867,3
24868,24868,9
24869,24869,9
24870,24870,9
24871,24871,9
24872,24872,9
24873,24873,9
24874,24874,9
24875,24875,9
24876,24876,9
24877,24877,9
24878,24878,9
24879,24879,9
24880,24880,9
24881,24881,9
24882,24882,3
24883,24883,4
24884,24884,4
24885,24885,9
24886,24886,9
24887,24887,9
24888,24888,9
24889,24889,9
24890,24890,9
24891,24891,9
24892,24892,9
24893,24893,9
24894,24894,9
24895,24895,9
24896,24896,9
24897,24897,9
24898,24898,9
24899,24899,9
24900,24900,9
24901,24901,9
24902,24902,9
24903,24903,9
24904,24904,9
24905,24905,9
24906,24906,9
24907,24907,9
24908,24908,9
24909,24909,9
24910,24910,9
24911,24911,9
24912,24912,9
24913,24913,9
24914,24914,9
24915,24915,9
24916,24916,9
24917,24917,9
24918,24918,9
24919,24919,9
24920,24920,9
24921,24921,9
24922,24922,9
24923,24923,9
24924,24924,3
24925,24925,9
24926,24926,9
24927,24927,9
24928,24928,9
24929,24929,9
24930,24930,9
24931,24931,9
24932,24932,9
24933,24933,9
24934,24934,9
24935,24935,9
24936,24936,9
24937,24937,9
24938,24938,9
24939,24939,9
24940,24940,9
24941,24941,9
24942,24942,9
24943,24943,9
24944,24944,9
24945,24945,9
24946,24946,3
24947,24947,3
24948,24948,4
24949,24949,9
24950,24950,4
24951,24951,9
24952,24952,3
24953,24953,3
24954,24954,9
24955,24955,9
24956,24956,9
24957,24957,9
24958,24958,9
24959,24959,9
24960,24960,9
24961,24961,9
24962,24962,3
24963,24963,3
24964,24964,9
24965,24965,9
24966,24966,9
24967,24967,9
24968,24968,9
24969,24969,9
24970,24970,9
24971,24971,9
24972,24972,9
24973,24973,4
24974,24974,9
24975,24975,4
24976,24976,4
24977,24977,4
24978,24978,4
24979,24979,4
24980,24980,4
24981,24981,4
24982,24982,4
24983,24983,4
24984,24984,4
24985,24985,4
24986,24986,4
24987,24987,4
24988,24988,4
24989,24989,4
24990,24990,4
24991,24991,4
24992,24992,4
24993,24993,9
24994,24994,4
24995,24995,4
24996,24996,9
24997,24997,9
24998,24998,9
24999,24999,9
25000,25000,9
25001,25001,9
25002,25002,4
25003,25003,4
25004,25004,4
25005,25005,4
25006,25006,4
25007,25007,4
25008,25008,4
25009,25009,4
25010,25010,4
25011,25011,4
25012,25012,4
25013,25013,4
25014,25014,4
25015,25015,4
25016,25016,4
25017,25017,4
25018,25018,4
25019,25019,4
25020,25020,4
25021,25021,4
25022,25022,9
25023,25023,4
25024,25024,9
25025,25025,9
25026,25026,9
25027,25027,9
25028,25028,9
25029,25029,9
25030,25030,9
25031,25031,9
25032,25032,4
25033,25033,4
25034,25034,4
25035,25035,4
25036,25036,4
25037,25037,4
25038,25038,4
25039,25039,4
25040,25040,9
25041,25041,4
25042,25042,9
25043,25043,9
25044,25044,9
25045,25045,9
25046,25046,9
25047,25047,9
25048,25048,9
25049,25049,9
25050,25050,9
25051,25051,9
25052,25052,9
25053,25053,4
25054,25054,9
25055,25055,4
25056,25056,9
25057,25057,4
25058,25058,9
25059,25059,9
25060,25060,4
25061,25061,9
25062,25062,9
25063,25063,9
25064,25064,9
25065,25065,9
25066,25066,9
25067,25067,9
25068,25068,9
25069,25069,9
25070,25070,9
25071,25071,9
25072,25072,9
25073,25073,4
25074,25074,9
25075,25075,9
25076,25076,9
25077,25077,4
25078,25078,9
25079,25079,9
25080,25080,9
25081,25081,9
25082,25082,9
25083,25083,9
25084,25084,9
25085,25085,9
25086,25086,9
25087,25087,9
25088,25088,9
25089,25089,9
25090,25090,9
25091,25091,9
25092,25092,9
25093,25093,4
25094,25094,9
25095,25095,9
25096,25096,9
25097,25097,4
25098,25098,9
25099,25099,9
25100,25100,4
25101,25101,9
25102,25102,9
25103,25103,9
25104,25104,9
25105,25105,9
25106,25106,9
25107,25107,9
25108,25108,9
25109,25109,9
25110,25110,9
25111,25111,9
25112,25112,9
25113,25113,9
25114,25114,9
25115,25115,9
25116,25116,9
25117,25117,9
25118,25118,9
25119,25119,9
25120,25120,9
25121,25121,9
25122,25122,9
25123,25123,9
25124,25124,9
25125,25125,9
25126,25126,9
25127,25127,9
25128,25128,9
25129,25129,9
25130,25130,9
25131,25131,9
25132,25132,9
25133,25133,9
25134,25134,9
25135,25135,9
25136,25136,9
25137,25137,9
25138,25138,9
25139,25139,9
25140,25140,9
25141,25141,9
25142,25142,9
25143,25143,9
25144,25144,9
25145,25145,9
25146,25146,9
25147,25147,9
25148,25148,9
25149,25149,9
25150,25150,9
25151,25151,9
25152,25152,9
25153,25153,9
25154,25154,9
25155,25155,9
25156,25156,9
25157,25157,9
25158,25158,9
25159,25159,9
25160,25160,9
25161,25161,9
25162,25162,9
25163,25163,9
25164,25164,9
25165,25165,9
25166,25166,9
25167,25167,9
25168,25168,9
25169,25169,9
25170,25170,9
25171,25171,9
25172,25172,9
25173,25173,9
25174,25174,9
25175,25175,9
25176,25176,9
25177,25177,9
25178,25178,9
25179,25179,9
25180,25180,9
25181,25181,9
25182,25182,9
25183,25183,9
25184,25184,9
25185,25185,9
25186,25186,9
25187,25187,9
25188,25188,9
25189,25189,9
25190,25190,9
25191,25191,9
25192,25192,9
25193,25193,9
25194,25194,9
25195,25195,9
25196,25196,9
25197,25197,9
25198,25198,9
25199,25199,9
25200,25200,9
25201,25201,9
25202,25202,9
25203,25203,9
25204,25204,9
25205,25205,9
25206,25206,9
25207,25207,9
25208,25208,9
25209,25209,9
25210,25210,9
25211,25211,9
25212,25212,9
25213,25213,9
25214,25214,9
25215,25215,9
25216,25216,9
25217,25217,9
25218,25218,9
25219,25219,9
25220,25220,9
25221,25221,9
25222,25222,9
25223,25223,9
25224,25224,9
25225,25225,9
25226,25226,9
25227,25227,9
25228,25228,9
25229,25229,9
25230,25230,9
25231,25231,9
25232,25232,9
25233,25233,9
25234,25234,9
25235,25235,9
25236,25236,9
25237,25237,9
25238,25238,9
25239,25239,9
25240,25240,9
25241,25241,9
25242,25242,9
25243,25243,9
25244,25244,9
25245,25245,9
25246,25246,9
25247,25247,9
25248,25248,9
25249,25249,9
25250,25250,9
25251,25251,9
25252,25252,9
25253,25253,9
25254,25254,9
25255,25255,9
25256,25256,9
25257,25257,9
25258,25258,9
25259,25259,9
25260,25260,9
25261,25261,9
25262,25262,9
25263,25263,9
25264,25264,9
25265,25265,9
25266,25266,9
25267,25267,9
25268,25268,9
25269,25269,9
25270,25270,9
25271,25271,9
25272,25272,9
25273,25273,9
25274,25274,9
25275,25275,9
25276,25276,9
25277,25277,9
25278,25278,4
25279,25279,4
25280,25280,4
25281,25281,4
25282,25282,9
25283,25283,9
25284,25284,9
25285,25285,9
25286,25286,9
25287,25287,9
25288,25288,9
25289,25289,9
25290,25290,9
25291,25291,9
25292,25292,9
25293,25293,9
25294,25294,9
25295,25295,9
25296,25296,9
25297,25297,9
25298,25298,9
25299,25299,9
25300,25300,9
25301,25301,4
25302,25302,9
25303,25303,9
25304,25304,9
25305,25305,9
25306,25306,9
25307,25307,9
25308,25308,9
25309,25309,9
25310,25310,9
25311,25311,9
25312,25312,4
25313,25313,4
25314,25314,4
25315,25315,4
25316,25316,4
25317,25317,4
25318,25318,4
25319,25319,4
25320,25320,4
25321,25321,4
25322,25322,4
25323,25323,4
25324,25324,9
25325,25325,9
25326,25326,9
25327,25327,9
25328,25328,9
25329,25329,9
25330,25330,9
25331,25331,9
25332,25332,9
25333,25333,9
25334,25334,9
25335,25335,9
25336,25336,9
25337,25337,9
25338,25338,9
25339,25339,9
25340,25340,9
25341,25341,9
25342,25342,9
25343,25343,9
25344,25344,9
25345,25345,9
25346,25346,9
25347,25347,9
25348,25348,9
25349,25349,9
25350,25350,3
25351,25351,9
25352,25352,9
25353,25353,9
25354,25354,9
25355,25355,9
25356,25356,9
25357,25357,9
25358,25358,9
25359,25359,9
25360,25360,9
25361,25361,9
25362,25362,9
25363,25363,9
25364,25364,9
25365,25365,9
25366,25366,9
25367,25367,9
25368,25368,9
25369,25369,9
25370,25370,9
25371,25371,9
25372,25372,9
25373,25373,9
25374,25374,9
25375,25375,9
25376,25376,9
25377,25377,9
25378,25378,9
25379,25379,9
25380,25380,9
25381,25381,9
25382,25382,9
25383,25383,9
25384,25384,9
25385,25385,9
25386,25386,9
25387,25387,9
25388,25388,9
25389,25389,9
25390,25390,9
25391,25391,9
25392,25392,9
25393,25393,9
25394,25394,9
25395,25395,9
25396,25396,9
25397,25397,9
25398,25398,9
25399,25399,9
25400,25400,9
25401,25401,9
25402,25402,9
25403,25403,9
25404,25404,9
25405,25405,9
25406,25406,9
25407,25407,9
25408,25408,9
25409,25409,9
25410,25410,9
25411,25411,9
25412,25412,9
25413,25413,9
25414,25414,9
25415,25415,9
25416,25416,9
25417,25417,9
25418,25418,3
25419,25419,3
25420,25420,9
25421,25421,9
25422,25422,9
25423,25423,9
25424,25424,9
25425,25425,9
25426,25426,9
25427,25427,9
25428,25428,9
25429,25429,9
25430,25430,9
25431,25431,9
25432,25432,9
25433,25433,9
25434,25434,9
25435,25435,9
25436,25436,3
25437,25437,3
25438,25438,3
25439,25439,3
25440,25440,9
25441,25441,3
25442,25442,9
25443,25443,9
25444,25444,9
25445,25445,9
25446,25446,4
25447,25447,9
25448,25448,4
25449,25449,4
25450,25450,4
25451,25451,4
25452,25452,9
25453,25453,9
25454,25454,9
25455,25455,9
25456,25456,9
25457,25457,9
25458,25458,9
25459,25459,9
25460,25460,9
25461,25461,9
25462,25462,9
25463,25463,9
25464,25464,9
25465,25465,9
25466,25466,4
25467,25467,4
25468,25468,4
25469,25469,4
25470,25470,4
25471,25471,4
25472,25472,4
25473,25473,4
25474,25474,4
25475,25475,4
25476,25476,4
25477,25477,4
25478,25478,4
25479,25479,4
25480,25480,4
25481,25481,4
25482,25482,4
25483,25483,4
25484,25484,4
25485,25485,4
25486,25486,4
25487,25487,4
25488,25488,4
25489,25489,4
25490,25490,4
25491,25491,4
25492,25492,9
25493,25493,9
25494,25494,9
25495,25495,9
25496,25496,9
25497,25497,9
25498,25498,9
25499,25499,9
25500,25500,9
25501,25501,4
25502,25502,3
25503,25503,9
25504,25504,9
25505,25505,3
25506,25506,3
25507,25507,3
25508,25508,3
25509,25509,3
25510,25510,3
25511,25511,3
25512,25512,3
25513,25513,3
25514,25514,3
25515,25515,3
25516,25516,3
25517,25517,3
25518,25518,3
25519,25519,3
25520,25520,3
25521,25521,3
25522,25522,9
25523,25523,3
25524,25524,3
25525,25525,3
25526,25526,9
25527,25527,9
25528,25528,3
25529,25529,9
25530,25530,3
25531,25531,3
25532,25532,4
25533,25533,9
25534,25534,3
25535,25535,9
25536,25536,9
25537,25537,3
25538,25538,3
25539,25539,3
25540,25540,4
25541,25541,3
25542,25542,3
25543,25543,3
25544,25544,3
25545,25545,3
25546,25546,3
25547,25547,3
25548,25548,3
25549,25549,3
25550,25550,3
25551,25551,3
25552,25552,9
25553,25553,9
25554,25554,9
25555,25555,9
25556,25556,9
25557,25557,4
25558,25558,9
25559,25559,9
25560,25560,3
25561,25561,3
25562,25562,3
25563,25563,3
25564,25564,3
25565,25565,3
25566,25566,3
25567,25567,3
25568,25568,3
25569,25569,3
25570,25570,3
25571,25571,3
25572,25572,3
25573,25573,3
25574,25574,3
25575,25575,3
25576,25576,3
25577,25577,3
25578,25578,3
25579,25579,3
25580,25580,3
25581,25581,3
25582,25582,3
25583,25583,3
25584,25584,3
25585,25585,3
25586,25586,3
25587,25587,3
25588,25588,3
25589,25589,3
25590,25590,3
25591,25591,3
25592,25592,3
25593,25593,3
25594,25594,3
25595,25595,3
25596,25596,3
25597,25597,3
25598,25598,3
25599,25599,3
25600,25600,3
25601,25601,3
25602,25602,3
25603,25603,3
25604,25604,3
25605,25605,3
25606,25606,3
25607,25607,3
25608,25608,3
25609,25609,3
25610,25610,3
25611,25611,3
25612,25612,3
25613,25613,4
25614,25614,4
25615,25615,4
25616,25616,4
25617,25617,4
25618,25618,4
25619,25619,4
25620,25620,4
25621,25621,4
25622,25622,11
25623,25623,11
25624,25624,11
25625,25625,11
25626,25626,11
25627,25627,11
25628,25628,11
25629,25629,11
25630,25630,11
25631,25631,11
25632,25632,4
25633,25633,11
25634,25634,4
25635,25635,4
25636,25636,11
25637,25637,4
25638,25638,11
25639,25639,11
25640,25640,11
25641,25641,11
25642,25642,11
25643,25643,11
25644,25644,11
25645,25645,11
25646,25646,4
25647,25647,11
25648,25648,11
25649,25649,11
25650,25650,4
25651,25651,4
25652,25652,4
25653,25653,4
25654,25654,4
25655,25655,4
25656,25656,4
25657,25657,4
25658,25658,4
25659,25659,4
25660,25660,4
25661,25661,4
25662,25662,4
25663,25663,11
25664,25664,11
25665,25665,11
25666,25666,4
25667,25667,4
25668,25668,4
25669,25669,4
25670,25670,4
25671,25671,4
25672,25672,4
25673,25673,4
25674,25674,4
25675,25675,4
25676,25676,4
25677,25677,4
25678,25678,4
25679,25679,4
25680,25680,4
25681,25681,4
25682,25682,4
25683,25683,4
25684,25684,4
25685,25685,4
25686,25686,4
25687,25687,4
25688,25688,4
25689,25689,4
25690,25690,4
25691,25691,4
25692,25692,4
25693,25693,4
25694,25694,4
25695,25695,4
25696,25696,4
25697,25697,4
25698,25698,4
25699,25699,4
25700,25700,4
25701,25701,4
25702,25702,4
25703,25703,4
25704,25704,4
25705,25705,4
25706,25706,4
25707,25707,4
25708,25708,4
25709,25709,4
25710,25710,4
25711,25711,4
25712,25712,3
25713,25713,3
25714,25714,3
25715,25715,3
25716,25716,3
25717,25717,3
25718,25718,3
25719,25719,3
25720,25720,3
25721,25721,3
25722,25722,3
25723,25723,4
25724,25724,4
25725,25725,4
25726,25726,4
25727,25727,4
25728,25728,4
25729,25729,4
25730,25730,4
25731,25731,4
25732,25732,3
25733,25733,3
25734,25734,3
25735,25735,3
25736,25736,4
25737,25737,4
25738,25738,4
25739,25739,3
25740,25740,3
25741,25741,3
25742,25742,4
25743,25743,4
25744,25744,4
25745,25745,4
25746,25746,4
25747,25747,4
25748,25748,4
25749,25749,4
25750,25750,4
25751,25751,4
25752,25752,4
25753,25753,4
25754,25754,4
25755,25755,4
25756,25756,4
25757,25757,4
25758,25758,4
25759,25759,4
25760,25760,4
25761,25761,4
25762,25762,4
25763,25763,4
25764,25764,4
25765,25765,4
25766,25766,4
25767,25767,4
25768,25768,4
25769,25769,4
25770,25770,4
25771,25771,4
25772,25772,4
25773,25773,4
25774,25774,4
25775,25775,4
25776,25776,4
25777,25777,4
25778,25778,4
25779,25779,4
25780,25780,3
25781,25781,3
25782,25782,4
25783,25783,4
25784,25784,4
25785,25785,4
25786,25786,4
25787,25787,4
25788,25788,4
25789,25789,3
25790,25790,4
25791,25791,3
25792,25792,4
25793,25793,4
25794,25794,4
25795,25795,4
25796,25796,4
25797,25797,4
25798,25798,4
25799,25799,4
25800,25800,4
25801,25801,4
25802,25802,3
25803,25803,3
25804,25804,3
25805,25805,3
25806,25806,3
25807,25807,3
25808,25808,3
25809,25809,3
25810,25810,4
25811,25811,3
25812,25812,3
25813,25813,11
25814,25814,4
25815,25815,11
25816,25816,11
25817,25817,11
25818,25818,11
25819,25819,11
25820,25820,11
25821,25821,11
25822,25822,11
25823,25823,11
25824,25824,11
25825,25825,4
25826,25826,4
25827,25827,3
25828,25828,3
25829,25829,4
25830,25830,11
25831,25831,4
25832,25832,11
25833,25833,11
25834,25834,11
25835,25835,11
25836,25836,4
25837,25837,4
25838,25838,4
25839,25839,4
25840,25840,4
25841,25841,4
25842,25842,4
25843,25843,4
25844,25844,3
25845,25845,3
25846,25846,3
25847,25847,3
25848,25848,3
25849,25849,3
25850,25850,3
25851,25851,3
25852,25852,4
25853,25853,4
25854,25854,4
25855,25855,4
25856,25856,4
25857,25857,3
25858,25858,3
25859,25859,3
25860,25860,3
25861,25861,3
25862,25862,3
25863,25863,3
25864,25864,3
25865,25865,3
25866,25866,3
25867,25867,3
25868,25868,3
25869,25869,3
25870,25870,3
25871,25871,3
25872,25872,3
25873,25873,3
25874,25874,3
25875,25875,3
25876,25876,3
25877,25877,3
25878,25878,3
25879,25879,3
25880,25880,3
25881,25881,3
25882,25882,3
25883,25883,3
25884,25884,3
25885,25885,3
25886,25886,3
25887,25887,3
25888,25888,3
25889,25889,3
25890,25890,3
25891,25891,3
25892,25892,3
25893,25893,3
25894,25894,3
25895,25895,3
25896,25896,3
25897,25897,3
25898,25898,3
25899,25899,3
25900,25900,3
25901,25901,3
25902,25902,3
25903,25903,3
25904,25904,3
25905,25905,3
25906,25906,3
25907,25907,3
25908,25908,3
25909,25909,3
25910,25910,3
25911,25911,3
25912,25912,3
25913,25913,3
25914,25914,3
25915,25915,3
25916,25916,3
25917,25917,3
25918,25918,3
25919,25919,3
25920,25920,3
25921,25921,3
25922,25922,3
25923,25923,3
25924,25924,3
25925,25925,3
25926,25926,3
25927,25927,3
25928,25928,3
25929,25929,3
25930,25930,3
25931,25931,3
25932,25932,3
25933,25933,3
25934,25934,3
25935,25935,3
25936,25936,3
25937,25937,3
25938,25938,3
25939,25939,3
25940,25940,3
25941,25941,3
25942,25942,3
25943,25943,3
25944,25944,3
25945,25945,3
25946,25946,3
25947,25947,3
25948,25948,3
25949,25949,3
25950,25950,3
25951,25951,3
25952,25952,3
25953,25953,3
25954,25954,3
25955,25955,3
25956,25956,3
25957,25957,3
25958,25958,3
25959,25959,3
25960,25960,3
25961,25961,3
25962,25962,3
25963,25963,3
25964,25964,3
25965,25965,3
25966,25966,4
25967,25967,3
25968,25968,3
25969,25969,3
25970,25970,3
25971,25971,3
25972,25972,3
25973,25973,3
25974,25974,3
25975,25975,3
25976,25976,4
25977,25977,4
25978,25978,4
25979,25979,3
25980,25980,3
25981,25981,3
25982,25982,3
25983,25983,3
25984,25984,3
25985,25985,3
25986,25986,4
25987,25987,4
25988,25988,4
25989,25989,3
25990,25990,3
25991,25991,3
25992,25992,3
25993,25993,3
25994,25994,3
25995,25995,3
25996,25996,3
25997,25997,3
25998,25998,3
25999,25999,3
26000,26000,3
26001,26001,3
26002,26002,3
26003,26003,3
26004,26004,3
26005,26005,3
26006,26006,3
26007,26007,3
26008,26008,3
26009,26009,3
26010,26010,3
26011,26011,3
26012,26012,3
26013,26013,3
26014,26014,3
26015,26015,3
26016,26016,3
26017,26017,3
26018,26018,3
26019,26019,3
26020,26020,3
26021,26021,3
26022,26022,3
26023,26023,3
26024,26024,3
26025,26025,3
26026,26026,3
26027,26027,3
26028,26028,3
26029,26029,3
26030,26030,3
26031,26031,3
26032,26032,3
26033,26033,3
26034,26034,3
26035,26035,3
26036,26036,3
26037,26037,3
26038,26038,3
26039,26039,3
26040,26040,3
26041,26041,3
26042,26042,3
26043,26043,3
26044,26044,3
26045,26045,3
26046,26046,3
26047,26047,3
26048,26048,3
26049,26049,3
26050,26050,3
26051,26051,3
26052,26052,3
26053,26053,3
26054,26054,3
26055,26055,3
26056,26056,3
26057,26057,3
26058,26058,3
26059,26059,3
26060,26060,3
26061,26061,3
26062,26062,3
26063,26063,3
26064,26064,3
26065,26065,3
26066,26066,3
26067,26067,3
26068,26068,3
26069,26069,3
26070,26070,3
26071,26071,3
26072,26072,3
26073,26073,3
26074,26074,3
26075,26075,3
26076,26076,3
26077,26077,3
26078,26078,3
26079,26079,3
26080,26080,3
26081,26081,3
26082,26082,3
26083,26083,3
26084,26084,3
26085,26085,3
26086,26086,3
26087,26087,3
26088,26088,3
26089,26089,3
26090,26090,3
26091,26091,3
26092,26092,3
26093,26093,3
26094,26094,3
26095,26095,3
26096,26096,3
26097,26097,3
26098,26098,3
26099,26099,3
26100,26100,3
26101,26101,3
26102,26102,3
26103,26103,3
26104,26104,3
26105,26105,3
26106,26106,3
26107,26107,3
26108,26108,3
26109,26109,3
26110,26110,3
26111,26111,3
26112,26112,3
26113,26113,3
26114,26114,3
26115,26115,3
26116,26116,3
26117,26117,3
26118,26118,3
26119,26119,3
26120,26120,3
26121,26121,3
26122,26122,3
26123,26123,3
26124,26124,3
26125,26125,3
26126,26126,3
26127,26127,3
26128,26128,3
26129,26129,3
26130,26130,3
26131,26131,3
26132,26132,3
26133,26133,3
26134,26134,3
26135,26135,3
26136,26136,3
26137,26137,3
26138,26138,3
26139,26139,3
26140,26140,3
26141,26141,3
26142,26142,3
26143,26143,3
26144,26144,3
26145,26145,3
26146,26146,3
26147,26147,3
26148,26148,4
26149,26149,3
26150,26150,4
26151,26151,3
26152,26152,4
26153,26153,4
26154,26154,4
26155,26155,4
26156,26156,3
26157,26157,4
26158,26158,3
26159,26159,3
26160,26160,3
26161,26161,4
26162,26162,3
26163,26163,4
26164,26164,3
26165,26165,4
26166,26166,4
26167,26167,4
26168,26168,3
26169,26169,4
26170,26170,3
26171,26171,4
26172,26172,3
26173,26173,3
26174,26174,3
26175,26175,3
26176,26176,3
26177,26177,3
26178,26178,3
26179,26179,4
26180,26180,4
26181,26181,3
26182,26182,3
26183,26183,3
26184,26184,3
26185,26185,3
26186,26186,3
26187,26187,3
26188,26188,1
26189,26189,1
26190,26190,1
26191,26191,1
26192,26192,1
26193,26193,1
26194,26194,1
26195,26195,1
26196,26196,6
26197,26197,1
26198,26198,3
26199,26199,3
26200,26200,3
26201,26201,3
26202,26202,3
26203,26203,3
26204,26204,3
26205,26205,3
26206,26206,3
26207,26207,1
26208,26208,3
26209,26209,6
26210,26210,6
26211,26211,1
26212,26212,6
26213,26213,6
26214,26214,1
26215,26215,1
26216,26216,3
26217,26217,3
26218,26218,3
26219,26219,3
26220,26220,3
26221,26221,3
26222,26222,3
26223,26223,3
26224,26224,6
26225,26225,6
26226,26226,1
26227,26227,1
26228,26228,1
26229,26229,1
26230,26230,1
26231,26231,1
26232,26232,1
26233,26233,1
26234,26234,1
26235,26235,1
26236,26236,1
26237,26237,6
26238,26238,1
26239,26239,1
26240,26240,1
26241,26241,1
26242,26242,1
26243,26243,1
26244,26244,1
26245,26245,1
26246,26246,1
26247,26247,1
26248,26248,1
26249,26249,1
26250,26250,1
26251,26251,1
26252,26252,1
26253,26253,1
26254,26254,1
26255,26255,1
26256,26256,6
26257,26257,6
26258,26258,1
26259,26259,3
26260,26260,1
26261,26261,1
26262,26262,1
26263,26263,1
26264,26264,1
26265,26265,1
26266,26266,1
26267,26267,1
26268,26268,8
26269,26269,8
26270,26270,7
26271,26271,7
26272,26272,7
26273,26273,0
26274,26274,1
26275,26275,1
26276,26276,1
26277,26277,1
26278,26278,1
26279,26279,1
26280,26280,1
26281,26281,1
26282,26282,1
26283,26283,1
26284,26284,1
26285,26285,1
26286,26286,1
26287,26287,6
26288,26288,6
26289,26289,6
26290,26290,6
26291,26291,6
26292,26292,8
26293,26293,8
26294,26294,6
26295,26295,0
26296,26296,1
26297,26297,6
26298,26298,6
26299,26299,6
26300,26300,7
26301,26301,7
26302,26302,7
26303,26303,7
26304,26304,3
26305,26305,3
26306,26306,6
26307,26307,3
26308,26308,6
26309,26309,6
26310,26310,3
26311,26311,3
26312,26312,3
26313,26313,3
26314,26314,3
26315,26315,3
26316,26316,3
26317,26317,3
26318,26318,3
26319,26319,3
26320,26320,3
26321,26321,3
26322,26322,3
26323,26323,3
26324,26324,3
26325,26325,3
26326,26326,3
26327,26327,3
26328,26328,3
26329,26329,3
26330,26330,6
26331,26331,6
26332,26332,6
26333,26333,3
26334,26334,6
26335,26335,6
26336,26336,6
26337,26337,6
26338,26338,6
26339,26339,6
26340,26340,3
26341,26341,3
26342,26342,3
26343,26343,3
26344,26344,3
26345,26345,3
26346,26346,3
26347,26347,3
26348,26348,3
26349,26349,6
26350,26350,3
26351,26351,6
26352,26352,6
26353,26353,6
26354,26354,6
26355,26355,6
26356,26356,6
26357,26357,6
26358,26358,6
26359,26359,6
26360,26360,6
26361,26361,6
26362,26362,6
26363,26363,6
26364,26364,6
26365,26365,6
26366,26366,6
26367,26367,6
26368,26368,6
26369,26369,6
26370,26370,6
26371,26371,6
26372,26372,6
26373,26373,6
26374,26374,3
26375,26375,3
26376,26376,3
26377,26377,3
26378,26378,3
26379,26379,3
26380,26380,6
26381,26381,6
26382,26382,6
26383,26383,6
26384,26384,3
26385,26385,3
26386,26386,3
26387,26387,6
26388,26388,6
26389,26389,6
26390,26390,6
26391,26391,6
26392,26392,6
26393,26393,6
26394,26394,6
26395,26395,6
26396,26396,6
26397,26397,6
26398,26398,6
26399,26399,6
26400,26400,6
26401,26401,6
26402,26402,6
26403,26403,6
26404,26404,6
26405,26405,6
26406,26406,6
26407,26407,3
26408,26408,3
26409,26409,3
26410,26410,3
26411,26411,3
26412,26412,3
26413,26413,3
26414,26414,6
26415,26415,6
26416,26416,6
26417,26417,6
26418,26418,6
26419,26419,6
26420,26420,3
26421,26421,6
26422,26422,6
26423,26423,6
26424,26424,6
26425,26425,3
26426,26426,3
26427,26427,3
26428,26428,6
26429,26429,6
26430,26430,6
26431,26431,6
26432,26432,6
26433,26433,6
26434,26434,6
26435,26435,6
26436,26436,6
26437,26437,6
26438,26438,6
26439,26439,6
26440,26440,6
26441,26441,6
26442,26442,6
26443,26443,6
26444,26444,6
26445,26445,6
26446,26446,6
26447,26447,6
26448,26448,6
26449,26449,6
26450,26450,6
26451,26451,6
26452,26452,6
26453,26453,6
26454,26454,6
26455,26455,6
26456,26456,6
26457,26457,6
26458,26458,6
26459,26459,6
26460,26460,6
26461,26461,6
26462,26462,6
26463,26463,6
26464,26464,6
26465,26465,6
26466,26466,6
26467,26467,6
26468,26468,6
26469,26469,6
26470,26470,6
26471,26471,6
26472,26472,6
26473,26473,6
26474,26474,6
26475,26475,6
26476,26476,6
26477,26477,6
26478,26478,6
26479,26479,6
26480,26480,6
26481,26481,6
26482,26482,6
26483,26483,6
26484,26484,6
26485,26485,6
26486,26486,6
26487,26487,6
26488,26488,6
26489,26489,6
26490,26490,6
26491,26491,6
26492,26492,6
26493,26493,6
26494,26494,6
26495,26495,6
26496,26496,6
26497,26497,6
26498,26498,6
26499,26499,6
26500,26500,6
26501,26501,6
26502,26502,6
26503,26503,6
26504,26504,6
26505,26505,6
26506,26506,6
26507,26507,6
26508,26508,6
26509,26509,6
26510,26510,6
26511,26511,6
26512,26512,6
26513,26513,6
26514,26514,6
26515,26515,6
26516,26516,7
26517,26517,7
26518,26518,7
26519,26519,7
26520,26520,7
26521,26521,7
26522,26522,7
26523,26523,7
26524,26524,7
26525,26525,7
26526,26526,7
26527,26527,7
26528,26528,7
26529,26529,7
26530,26530,7
26531,26531,7
26532,26532,7
26533,26533,7
26534,26534,7
26535,26535,7
26536,26536,7
26537,26537,7
26538,26538,7
26539,26539,7
26540,26540,7
26541,26541,7
26542,26542,7
26543,26543,7
26544,26544,7
26545,26545,7
26546,26546,7
26547,26547,7
26548,26548,7
26549,26549,7
26550,26550,7
26551,26551,7
26552,26552,7
26553,26553,7
26554,26554,7
26555,26555,7
26556,26556,7
26557,26557,7
26558,26558,7
26559,26559,7
26560,26560,7
26561,26561,7
26562,26562,7
26563,26563,7
26564,26564,7
26565,26565,0
26566,26566,0
26567,26567,0
26568,26568,0
26569,26569,0
26570,26570,0
26571,26571,0
26572,26572,0
26573,26573,0
26574,26574,0
26575,26575,0
26576,26576,0
26577,26577,0
26578,26578,0
26579,26579,0
26580,26580,0
26581,26581,0
26582,26582,5
26583,26583,0
26584,26584,5
26585,26585,0
26586,26586,6
26587,26587,6
26588,26588,6
26589,26589,6
26590,26590,6
26591,26591,6
26592,26592,6
26593,26593,8
26594,26594,8
26595,26595,8
26596,26596,8
26597,26597,6
26598,26598,8
26599,26599,8
26600,26600,8
26601,26601,8
26602,26602,8
26603,26603,8
26604,26604,8
26605,26605,8
26606,26606,8
26607,26607,8
26608,26608,8
26609,26609,0
26610,26610,6
26611,26611,6
26612,26612,6
26613,26613,6
26614,26614,0
26615,26615,6
26616,26616,0
26617,26617,0
26618,26618,8
26619,26619,0
26620,26620,6
26621,26621,6
26622,26622,6
26623,26623,8
26624,26624,8
26625,26625,8
26626,26626,8
26627,26627,8
26628,26628,8
26629,26629,0
26630,26630,0
26631,26631,0
26632,26632,0
26633,26633,0
26634,26634,0
26635,26635,0
26636,26636,0
26637,26637,0
26638,26638,0
26639,26639,8
26640,26640,8
26641,26641,8
26642,26642,8
26643,26643,8
26644,26644,0
26645,26645,0
26646,26646,8
26647,26647,8
26648,26648,8
26649,26649,8
26650,26650,0
26651,26651,0
26652,26652,0
26653,26653,0
26654,26654,0
26655,26655,0
26656,26656,7
26657,26657,7
26658,26658,7
26659,26659,7
26660,26660,7
26661,26661,7
26662,26662,7
26663,26663,7
26664,26664,7
26665,26665,7
26666,26666,7
26667,26667,7
26668,26668,7
26669,26669,7
26670,26670,7
26671,26671,7
26672,26672,7
26673,26673,7
26674,26674,7
26675,26675,7
26676,26676,7
26677,26677,7
26678,26678,7
26679,26679,7
26680,26680,7
26681,26681,7
26682,26682,7
26683,26683,7
26684,26684,7
26685,26685,7
26686,26686,7
26687,26687,7
26688,26688,7
26689,26689,7
26690,26690,7
26691,26691,7
26692,26692,7
26693,26693,7
26694,26694,7
26695,26695,7
26696,26696,7
26697,26697,7
26698,26698,7
26699,26699,0
26700,26700,0
26701,26701,0
26702,26702,5
26703,26703,7
26704,26704,7
26705,26705,7
26706,26706,7
26707,26707,7
26708,26708,7
26709,26709,7
26710,26710,8
26711,26711,7
26712,26712,7
26713,26713,7
26714,26714,8
26715,26715,8
26716,26716,6
26717,26717,8
26718,26718,8
26719,26719,8
26720,26720,8
26721,26721,8
26722,26722,6
26723,26723,0
26724,26724,6
26725,26725,6
26726,26726,6
26727,26727,6
26728,26728,6
26729,26729,6
26730,26730,6
26731,26731,8
26732,26732,8
26733,26733,7
26734,26734,7
26735,26735,8
26736,26736,8
26737,26737,7
26738,26738,7
26739,26739,8
26740,26740,8
26741,26741,8
26742,26742,8
26743,26743,8
26744,26744,8
26745,26745,8
26746,26746,8
26747,26747,8
26748,26748,8
26749,26749,6
26750,26750,8
26751,26751,8
26752,26752,8
26753,26753,8
26754,26754,8
26755,26755,8
26756,26756,8
26757,26757,8
26758,26758,0
26759,26759,0
26760,26760,0
26761,26761,0
26762,26762,0
26763,26763,0
26764,26764,0
26765,26765,0
26766,26766,0
26767,26767,0
26768,26768,0
26769,26769,0
26770,26770,0
26771,26771,0
26772,26772,8
26773,26773,8
26774,26774,8
26775,26775,8
26776,26776,8
26777,26777,8
26778,26778,8
26779,26779,8
26780,26780,8
26781,26781,8
26782,26782,8
26783,26783,8
26784,26784,8
26785,26785,8
26786,26786,8
26787,26787,8
26788,26788,8
26789,26789,8
26790,26790,8
26791,26791,8
26792,26792,7
26793,26793,8
26794,26794,8
26795,26795,8
26796,26796,8
26797,26797,8
26798,26798,8
26799,26799,8
26800,26800,8
26801,26801,0
26802,26802,8
26803,26803,8
26804,26804,8
26805,26805,8
26806,26806,8
26807,26807,8
26808,26808,8
26809,26809,8
26810,26810,8
26811,26811,8
26812,26812,8
26813,26813,8
26814,26814,8
26815,26815,8
26816,26816,8
26817,26817,8
26818,26818,8
26819,26819,8
26820,26820,8
26821,26821,8
26822,26822,8
26823,26823,8
26824,26824,8
26825,26825,8
26826,26826,8
26827,26827,8
26828,26828,8
26829,26829,8
26830,26830,8
26831,26831,8
26832,26832,8
26833,26833,8
26834,26834,8
26835,26835,8
26836,26836,7
26837,26837,7
26838,26838,7
26839,26839,7
26840,26840,7
26841,26841,7
26842,26842,7
26843,26843,7
26844,26844,7
26845,26845,7
26846,26846,7
26847,26847,0
26848,26848,0
26849,26849,0
26850,26850,0
26851,26851,0
26852,26852,0
26853,26853,0
26854,26854,0
26855,26855,8
26856,26856,0
26857,26857,0
26858,26858,0
26859,26859,0
26860,26860,11
26861,26861,11
26862,26862,11
26863,26863,11
26864,26864,11
26865,26865,11
26866,26866,11
26867,26867,11
26868,26868,11
26869,26869,11
26870,26870,4
26871,26871,4
26872,26872,4
26873,26873,11
26874,26874,4
26875,26875,4
26876,26876,4
26877,26877,4
26878,26878,4
26879,26879,11
26880,26880,11
26881,26881,11
26882,26882,11
26883,26883,11
26884,26884,11
26885,26885,11
26886,26886,11
26887,26887,11
26888,26888,11
26889,26889,11
26890,26890,11
26891,26891,11
26892,26892,11
26893,26893,11
26894,26894,11
26895,26895,11
26896,26896,11
26897,26897,11
26898,26898,11
26899,26899,11
26900,26900,11
26901,26901,11
26902,26902,11
26903,26903,11
26904,26904,11
26905,26905,11
26906,26906,11
26907,26907,11
26908,26908,11
26909,26909,11
26910,26910,11
26911,26911,11
26912,26912,11
26913,26913,11
26914,26914,11
26915,26915,11
26916,26916,11
26917,26917,11
26918,26918,11
26919,26919,11
26920,26920,11
26921,26921,11
26922,26922,11
26923,26923,11
26924,26924,11
26925,26925,11
26926,26926,11
26927,26927,4
26928,26928,11
26929,26929,11
26930,26930,4
26931,26931,11
26932,26932,11
26933,26933,11
26934,26934,11
26935,26935,11
26936,26936,11
26937,26937,11
26938,26938,11
26939,26939,11
26940,26940,6
26941,26941,0
26942,26942,0
26943,26943,0
26944,26944,6
26945,26945,6
26946,26946,6
26947,26947,6
26948,26948,6
26949,26949,6
26950,26950,6
26951,26951,6
26952,26952,6
26953,26953,6
26954,26954,6
26955,26955,6
26956,26956,6
26957,26957,6
26958,26958,6
26959,26959,6
26960,26960,6
26961,26961,6
26962,26962,6
26963,26963,6
26964,26964,6
26965,26965,6
26966,26966,6
26967,26967,6
26968,26968,6
26969,26969,6
26970,26970,0
26971,26971,6
26972,26972,6
26973,26973,6
26974,26974,6
26975,26975,6
26976,26976,6
26977,26977,6
26978,26978,6
26979,26979,6
26980,26980,6
26981,26981,6
26982,26982,6
26983,26983,0
26984,26984,6
26985,26985,6
26986,26986,0
26987,26987,6
26988,26988,6
26989,26989,6
26990,26990,6
26991,26991,6
26992,26992,6
26993,26993,6
26994,26994,6
26995,26995,6
26996,26996,6
26997,26997,6
26998,26998,4
26999,26999,6
27000,27000,6
27001,27001,6
27002,27002,6
27003,27003,6
27004,27004,6
27005,27005,6
27006,27006,6
27007,27007,6
27008,27008,6
27009,27009,4
27010,27010,6
27011,27011,6
27012,27012,6
27013,27013,6
27014,27014,6
27015,27015,6
27016,27016,6
27017,27017,6
27018,27018,6
27019,27019,6
27020,27020,6
27021,27021,4
27022,27022,6
27023,27023,6
27024,27024,6
27025,27025,6
27026,27026,4
27027,27027,6
27028,27028,4
27029,27029,6
27030,27030,6
27031,27031,6
27032,27032,4
27033,27033,4
27034,27034,6
27035,27035,6
27036,27036,6
27037,27037,6
27038,27038,6
27039,27039,6
27040,27040,6
27041,27041,6
27042,27042,6
27043,27043,6
27044,27044,6
27045,27045,6
27046,27046,6
27047,27047,6
27048,27048,6
27049,27049,6
27050,27050,4
27051,27051,6
27052,27052,6
27053,27053,6
27054,27054,4
27055,27055,6
27056,27056,6
27057,27057,4
27058,27058,6
27059,27059,4
27060,27060,0
27061,27061,0
27062,27062,0
27063,27063,0
27064,27064,0
27065,27065,0
27066,27066,0
27067,27067,0
27068,27068,0
27069,27069,0
27070,27070,0
27071,27071,0
27072,27072,0
27073,27073,0
27074,27074,8
27075,27075,7
27076,27076,7
27077,27077,7
27078,27078,7
27079,27079,7
27080,27080,8
27081,27081,7
27082,27082,7
27083,27083,7
27084,27084,7
27085,27085,7
27086,27086,6
27087,27087,6
27088,27088,6
27089,27089,6
27090,27090,6
27091,27091,6
27092,27092,6
27093,27093,6
27094,27094,6
27095,27095,6
27096,27096,8
27097,27097,6
27098,27098,6
27099,27099,6
27100,27100,6
27101,27101,6
27102,27102,6
27103,27103,6
27104,27104,8
27105,27105,6
27106,27106,6
27107,27107,6
27108,27108,6
27109,27109,6
27110,27110,6
27111,27111,6
27112,27112,6
27113,27113,6
27114,27114,6
27115,27115,6
27116,27116,6
27117,27117,6
27118,27118,6
27119,27119,6
27120,27120,8
27121,27121,8
27122,27122,8
27123,27123,8
27124,27124,8
27125,27125,10
27126,27126,8
27127,27127,8
27128,27128,8
27129,27129,8
27130,27130,8
27131,27131,8
27132,27132,8
27133,27133,8
27134,27134,6
27135,27135,6
27136,27136,6
27137,27137,6
27138,27138,6
27139,27139,8
27140,27140,6
27141,27141,8
27142,27142,8
27143,27143,8
27144,27144,8
27145,27145,7
27146,27146,7
27147,27147,7
27148,27148,7
27149,27149,6
27150,27150,6
27151,27151,8
27152,27152,8
27153,27153,6
27154,27154,6
27155,27155,10
27156,27156,6
27157,27157,10
27158,27158,8
27159,27159,0
27160,27160,0
27161,27161,8
27162,27162,8
27163,27163,8
27164,27164,8
27165,27165,8
27166,27166,8
27167,27167,10
27168,27168,10
27169,27169,6
27170,27170,0
27171,27171,6
27172,27172,8
27173,27173,8
27174,27174,8
27175,27175,8
27176,27176,8
27177,27177,10
27178,27178,8
27179,27179,10
27180,27180,8
27181,27181,8
27182,27182,8
27183,27183,8
27184,27184,10
27185,27185,10
27186,27186,8
27187,27187,8
27188,27188,8
27189,27189,10
27190,27190,8
27191,27191,8
27192,27192,8
27193,27193,7
27194,27194,7
27195,27195,7
27196,27196,7
27197,27197,0
27198,27198,0
27199,27199,7
27200,27200,7
27201,27201,7
27202,27202,7
27203,27203,7
27204,27204,7
27205,27205,7
27206,27206,7
27207,27207,7
27208,27208,7
27209,27209,7
27210,27210,7
27211,27211,0
27212,27212,0
27213,27213,0
27214,27214,2
27215,27215,0
27216,27216,0
27217,27217,0
27218,27218,0
27219,27219,0
27220,27220,2
27221,27221,7
27222,27222,7
27223,27223,7
27224,27224,7
27225,27225,7
27226,27226,7
27227,27227,7
27228,27228,7
27229,27229,7
27230,27230,7
27231,27231,7
27232,27232,7
27233,27233,6
27234,27234,3
27235,27235,6
27236,27236,6
27237,27237,6
27238,27238,3
27239,27239,6
27240,27240,3
27241,27241,6
27242,27242,3
27243,27243,6
27244,27244,6
27245,27245,6
27246,27246,6
27247,27247,6
27248,27248,6
27249,27249,6
27250,27250,6
27251,27251,6
27252,27252,6
27253,27253,6
27254,27254,6
27255,27255,6
27256,27256,6
27257,27257,6
27258,27258,6
27259,27259,6
27260,27260,6
27261,27261,6
27262,27262,6
27263,27263,6
27264,27264,6
27265,27265,6
27266,27266,6
27267,27267,4
27268,27268,4
27269,27269,4
27270,27270,3
27271,27271,3
27272,27272,3
27273,27273,4
27274,27274,3
27275,27275,3
27276,27276,6
27277,27277,6
27278,27278,6
27279,27279,6
27280,27280,6
27281,27281,6
27282,27282,6
27283,27283,6
27284,27284,6
27285,27285,6
27286,27286,6
27287,27287,6
27288,27288,6
27289,27289,6
27290,27290,6
27291,27291,6
27292,27292,6
27293,27293,6
27294,27294,6
27295,27295,6
27296,27296,6
27297,27297,6
27298,27298,6
27299,27299,6
27300,27300,6
27301,27301,4
27302,27302,11
27303,27303,11
27304,27304,11
27305,27305,11
27306,27306,11
27307,27307,11
27308,27308,11
27309,27309,11
27310,27310,11
27311,27311,11
27312,27312,11
27313,27313,11
27314,27314,11
27315,27315,11
27316,27316,11
27317,27317,11
27318,27318,11
27319,27319,11
27320,27320,11
27321,27321,11
27322,27322,11
27323,27323,11
27324,27324,11
27325,27325,11
27326,27326,11
27327,27327,11
27328,27328,11
27329,27329,11
27330,27330,11
27331,27331,11
27332,27332,11
27333,27333,11
27334,27334,11
27335,27335,11
27336,27336,11
27337,27337,11
27338,27338,11
27339,27339,11
27340,27340,11
27341,27341,11
27342,27342,11
27343,27343,11
27344,27344,11
27345,27345,11
27346,27346,11
27347,27347,11
27348,27348,11
27349,27349,11
27350,27350,11
27351,27351,11
27352,27352,11
27353,27353,11
27354,27354,11
27355,27355,11
27356,27356,11
27357,27357,11
27358,27358,11
27359,27359,11
27360,27360,11
27361,27361,11
27362,27362,11
27363,27363,11
27364,27364,11
27365,27365,11
27366,27366,11
27367,27367,11
27368,27368,11
27369,27369,11
27370,27370,11
27371,27371,11
27372,27372,11
27373,27373,11
27374,27374,11
27375,27375,11
27376,27376,11
27377,27377,11
27378,27378,11
27379,27379,11
27380,27380,11
27381,27381,11
27382,27382,11
27383,27383,11
27384,27384,11
27385,27385,11
27386,27386,11
27387,27387,11
27388,27388,11
27389,27389,11
27390,27390,11
27391,27391,11
27392,27392,11
27393,27393,11
27394,27394,11
27395,27395,11
27396,27396,11
27397,27397,11
27398,27398,11
27399,27399,11
27400,27400,11
27401,27401,0
27402,27402,6
27403,27403,0
27404,27404,4
27405,27405,4
27406,27406,6
27407,27407,0
27408,27408,4
27409,27409,4
27410,27410,4
27411,27411,11
27412,27412,11
27413,27413,11
27414,27414,11
27415,27415,11
27416,27416,11
27417,27417,11
27418,27418,11
27419,27419,11
27420,27420,11
27421,27421,11
27422,27422,11
27423,27423,11
27424,27424,11
27425,27425,11
27426,27426,11
27427,27427,11
27428,27428,11
27429,27429,11
27430,27430,11
27431,27431,11
27432,27432,11
27433,27433,11
27434,27434,11
27435,27435,11
27436,27436,11
27437,27437,11
27438,27438,11
27439,27439,11
27440,27440,11
27441,27441,11
27442,27442,11
27443,27443,11
27444,27444,11
27445,27445,11
27446,27446,11
27447,27447,11
27448,27448,11
27449,27449,11
27450,27450,11
27451,27451,4
27452,27452,11
27453,27453,11
27454,27454,11
27455,27455,11
27456,27456,4
27457,27457,11
27458,27458,11
27459,27459,11
27460,27460,11
27461,27461,11
27462,27462,11
27463,27463,11
27464,27464,11
27465,27465,11
27466,27466,11
27467,27467,11
27468,27468,11
27469,27469,11
27470,27470,11
27471,27471,11
27472,27472,11
27473,27473,11
27474,27474,11
27475,27475,11
27476,27476,11
27477,27477,11
27478,27478,11
27479,27479,11
27480,27480,11
27481,27481,11
27482,27482,11
27483,27483,11
27484,27484,11
27485,27485,11
27486,27486,11
27487,27487,11
27488,27488,11
27489,27489,11
27490,27490,11
27491,27491,11
27492,27492,11
27493,27493,11
27494,27494,11
27495,27495,11
27496,27496,0
27497,27497,11
27498,27498,11
27499,27499,11
27500,27500,4
27501,27501,11
27502,27502,11
27503,27503,11
27504,27504,11
27505,27505,11
27506,27506,11
27507,27507,11
27508,27508,11
27509,27509,11
27510,27510,11
27511,27511,11
27512,27512,11
27513,27513,11
27514,27514,11
27515,27515,11
27516,27516,11
27517,27517,11
27518,27518,11
27519,27519,11
27520,27520,11
27521,27521,11
27522,27522,11
27523,27523,11
27524,27524,11
27525,27525,11
27526,27526,11
27527,27527,11
27528,27528,11
27529,27529,11
27530,27530,11
27531,27531,11
27532,27532,11
27533,27533,11
27534,27534,11
27535,27535,11
27536,27536,11
27537,27537,11
27538,27538,11
27539,27539,11
27540,27540,11
27541,27541,11
27542,27542,11
27543,27543,11
27544,27544,11
27545,27545,11
27546,27546,11
27547,27547,11
27548,27548,11
27549,27549,11
27550,27550,11
27551,27551,11
27552,27552,11
27553,27553,11
27554,27554,11
27555,27555,11
27556,27556,11
27557,27557,11
27558,27558,11
27559,27559,11
27560,27560,11
27561,27561,11
27562,27562,11
27563,27563,11
27564,27564,11
27565,27565,11
27566,27566,11
27567,27567,11
27568,27568,11
27569,27569,11
27570,27570,11
27571,27571,11
27572,27572,11
27573,27573,11
27574,27574,11
27575,27575,11
27576,27576,11
27577,27577,11
27578,27578,11
27579,27579,11
27580,27580,6
27581,27581,11
27582,27582,11
27583,27583,6
27584,27584,4
27585,27585,4
27586,27586,11
27587,27587,11
27588,27588,11
27589,27589,11
27590,27590,11
27591,27591,11
27592,27592,4
27593,27593,4
27594,27594,0
27595,27595,0
27596,27596,1
27597,27597,1
27598,27598,1
27599,27599,1
27600,27600,1
27601,27601,1
27602,27602,1
27603,27603,1
27604,27604,1
27605,27605,1
27606,27606,1
27607,27607,1
27608,27608,1
27609,27609,1
27610,27610,1
27611,27611,1
27612,27612,6
27613,27613,1
27614,27614,1
27615,27615,1
27616,27616,1
27617,27617,1
27618,27618,1
27619,27619,1
27620,27620,1
27621,27621,1
27622,27622,1
27623,27623,1
27624,27624,1
27625,27625,1
27626,27626,1
27627,27627,1
27628,27628,1
27629,27629,1
27630,27630,1
27631,27631,1
27632,27632,1
27633,27633,1
27634,27634,1
27635,27635,6
27636,27636,1
27637,27637,1
27638,27638,1
27639,27639,1
27640,27640,6
27641,27641,6
27642,27642,1
27643,27643,1
27644,27644,6
27645,27645,1
27646,27646,6
27647,27647,6
27648,27648,1
27649,27649,1
27650,27650,6
27651,27651,6
27652,27652,6
27653,27653,6
27654,27654,6
27655,27655,6
27656,27656,6
27657,27657,6
27658,27658,6
27659,27659,6
27660,27660,6
27661,27661,6
27662,27662,6
27663,27663,6
27664,27664,6
27665,27665,6
27666,27666,6
27667,27667,6
27668,27668,6
27669,27669,6
27670,27670,6
27671,27671,6
27672,27672,6
27673,27673,6
27674,27674,6
27675,27675,6
27676,27676,6
27677,27677,6
27678,27678,6
27679,27679,6
27680,27680,6
27681,27681,6
27682,27682,6
27683,27683,6
27684,27684,6
27685,27685,6
27686,27686,6
27687,27687,6
27688,27688,6
27689,27689,6
27690,27690,6
27691,27691,1
27692,27692,1
27693,27693,6
27694,27694,6
27695,27695,6
27696,27696,1
27697,27697,6
27698,27698,1
27699,27699,6
27700,27700,1
27701,27701,1
27702,27702,1
27703,27703,1
27704,27704,1
27705,27705,1
27706,27706,1
27707,27707,1
27708,27708,1
27709,27709,1
27710,27710,1
27711,27711,1
27712,27712,1
27713,27713,1
27714,27714,1
27715,27715,1
27716,27716,6
27717,27717,6
27718,27718,6
27719,27719,6
27720,27720,6
27721,27721,1
27722,27722,6
27723,27723,6
27724,27724,6
27725,27725,6
27726,27726,6
27727,27727,1
27728,27728,1
27729,27729,6
27730,27730,6
27731,27731,1
27732,27732,6
27733,27733,6
27734,27734,6
27735,27735,6
27736,27736,6
27737,27737,1
27738,27738,1
27739,27739,1
27740,27740,1
27741,27741,1
27742,27742,6
27743,27743,6
27744,27744,6
27745,27745,6
27746,27746,6
27747,27747,1
27748,27748,1
27749,27749,6
27750,27750,6
27751,27751,6
27752,27752,6
27753,27753,6
27754,27754,6
27755,27755,6
27756,27756,6
27757,27757,6
27758,27758,6
27759,27759,6
27760,27760,1
27761,27761,1
27762,27762,1
27763,27763,1
27764,27764,1
27765,27765,1
27766,27766,1
27767,27767,1
27768,27768,1
27769,27769,1
27770,27770,1
27771,27771,1
27772,27772,1
27773,27773,1
27774,27774,1
27775,27775,1
27776,27776,1
27777,27777,1
27778,27778,1
27779,27779,1
27780,27780,1
27781,27781,1
27782,27782,1
27783,27783,1
27784,27784,3
27785,27785,3
27786,27786,3
27787,27787,3
27788,27788,3
27789,27789,3
27790,27790,3
27791,27791,3
27792,27792,3
27793,27793,3
27794,27794,3
27795,27795,3
27796,27796,3
27797,27797,3
27798,27798,3
27799,27799,3
27800,27800,3
27801,27801,3
27802,27802,3
27803,27803,3
27804,27804,3
27805,27805,3
27806,27806,3
27807,27807,3
27808,27808,3
27809,27809,3
27810,27810,3
27811,27811,3
27812,27812,3
27813,27813,1
27814,27814,3
27815,27815,1
27816,27816,3
27817,27817,3
27818,27818,3
27819,27819,3
27820,27820,3
27821,27821,1
27822,27822,3
27823,27823,3
27824,27824,3
27825,27825,3
27826,27826,3
27827,27827,6
27828,27828,1
27829,27829,3
27830,27830,3
27831,27831,3
27832,27832,3
27833,27833,3
27834,27834,3
27835,27835,1
27836,27836,3
27837,27837,1
27838,27838,1
27839,27839,3
27840,27840,3
27841,27841,3
27842,27842,3
27843,27843,3
27844,27844,3
27845,27845,3
27846,27846,3
27847,27847,3
27848,27848,3
27849,27849,3
27850,27850,3
27851,27851,6
27852,27852,3
27853,27853,6
27854,27854,6
27855,27855,3
27856,27856,1
27857,27857,1
27858,27858,6
27859,27859,1
27860,27860,3
27861,27861,3
27862,27862,4
27863,27863,4
27864,27864,3
27865,27865,3
27866,27866,3
27867,27867,3
27868,27868,3
27869,27869,3
27870,27870,3
27871,27871,1
27872,27872,1
27873,27873,1
27874,27874,3
27875,27875,3
27876,27876,3
27877,27877,3
27878,27878,3
27879,27879,3
27880,27880,3
27881,27881,3
27882,27882,3
27883,27883,3
27884,27884,3
27885,27885,3
27886,27886,3
27887,27887,3
27888,27888,3
27889,27889,1
27890,27890,3
27891,27891,1
27892,27892,1
27893,27893,3
27894,27894,1
27895,27895,1
27896,27896,1
27897,27897,1
27898,27898,1
27899,27899,1
27900,27900,1
27901,27901,1
27902,27902,1
27903,27903,1
27904,27904,1
27905,27905,1
27906,27906,1
27907,27907,1
27908,27908,1
27909,27909,1
27910,27910,1
27911,27911,1
27912,27912,1
27913,27913,1
27914,27914,1
27915,27915,1
27916,27916,1
27917,27917,1
27918,27918,1
27919,27919,1
27920,27920,1
27921,27921,1
27922,27922,1
27923,27923,1
27924,27924,1
27925,27925,1
27926,27926,1
27927,27927,1
27928,27928,1
27929,27929,1
27930,27930,1
27931,27931,1
27932,27932,1
27933,27933,1
27934,27934,3
27935,27935,1
27936,27936,3
27937,27937,1
27938,27938,1
27939,27939,3
27940,27940,1
27941,27941,3
27942,27942,3
27943,27943,3
27944,27944,1
27945,27945,1
27946,27946,3
27947,27947,3
27948,27948,3
27949,27949,3
27950,27950,1
27951,27951,3
27952,27952,1
27953,27953,1
27954,27954,9
27955,27955,3
27956,27956,9
27957,27957,9
27958,27958,9
27959,27959,3
27960,27960,3
27961,27961,9
27962,27962,9
27963,27963,3
27964,27964,3
27965,27965,1
27966,27966,1
27967,27967,1
27968,27968,1
27969,27969,1
27970,27970,1
27971,27971,1
27972,27972,1
27973,27973,1
27974,27974,3
27975,27975,3
27976,27976,3
27977,27977,1
27978,27978,1
27979,27979,1
27980,27980,1
27981,27981,1
27982,27982,1
27983,27983,1
27984,27984,3
27985,27985,3
27986,27986,3
27987,27987,3
27988,27988,1
27989,27989,3
27990,27990,1
27991,27991,1
27992,27992,1
27993,27993,1
27994,27994,1
27995,27995,1
27996,27996,1
27997,27997,1
27998,27998,1
27999,27999,1
28000,28000,1
28001,28001,1
28002,28002,1
28003,28003,1
28004,28004,1
28005,28005,1
28006,28006,1
28007,28007,1
28008,28008,1
28009,28009,1
28010,28010,1
28011,28011,1
28012,28012,1
28013,28013,1
28014,28014,1
28015,28015,1
28016,28016,1
28017,28017,1
28018,28018,1
28019,28019,1
28020,28020,1
28021,28021,1
28022,28022,1
28023,28023,1
28024,28024,1
28025,28025,1
28026,28026,1
28027,28027,1
28028,28028,1
28029,28029,1
28030,28030,1
28031,28031,1
28032,28032,1
28033,28033,1
28034,28034,1
28035,28035,1
28036,28036,1
28037,28037,1
28038,28038,1
28039,28039,1
28040,28040,1
28041,28041,1
28042,28042,1
28043,28043,1
28044,28044,1
28045,28045,1
28046,28046,1
28047,28047,1
28048,28048,1
28049,28049,1
28050,28050,1
28051,28051,1
28052,28052,1
28053,28053,1
28054,28054,1
28055,28055,1
28056,28056,1
28057,28057,1
28058,28058,1
28059,28059,1
28060,28060,1
28061,28061,1
28062,28062,1
28063,28063,1
28064,28064,3
28065,28065,3
28066,28066,3
28067,28067,3
28068,28068,3
28069,28069,3
28070,28070,3
28071,28071,3
28072,28072,3
28073,28073,3
28074,28074,3
28075,28075,3
28076,28076,3
28077,28077,3
28078,28078,3
28079,28079,3
28080,28080,3
28081,28081,3
28082,28082,3
28083,28083,3
28084,28084,3
28085,28085,3
28086,28086,3
28087,28087,3
28088,28088,3
28089,28089,3
28090,28090,3
28091,28091,3
28092,28092,3
28093,28093,3
28094,28094,3
28095,28095,3
28096,28096,3
28097,28097,3
28098,28098,3
28099,28099,3
28100,28100,3
28101,28101,3
28102,28102,3
28103,28103,3
28104,28104,3
28105,28105,3
28106,28106,3
28107,28107,3
28108,28108,3
28109,28109,3
28110,28110,3
28111,28111,3
28112,28112,3
28113,28113,9
28114,28114,3
28115,28115,3
28116,28116,3
28117,28117,3
28118,28118,3
28119,28119,9
28120,28120,3
28121,28121,9
28122,28122,3
28123,28123,3
28124,28124,3
28125,28125,3
28126,28126,3
28127,28127,3
28128,28128,3
28129,28129,3
28130,28130,3
28131,28131,3
28132,28132,3
28133,28133,3
28134,28134,3
28135,28135,3
28136,28136,3
28137,28137,3
28138,28138,3
28139,28139,3
28140,28140,9
28141,28141,3
28142,28142,3
28143,28143,9
28144,28144,9
28145,28145,3
28146,28146,3
28147,28147,3
28148,28148,3
28149,28149,3
28150,28150,3
28151,28151,3
28152,28152,3
28153,28153,3
28154,28154,3
28155,28155,3
28156,28156,3
28157,28157,3
28158,28158,3
28159,28159,3
28160,28160,3
28161,28161,3
28162,28162,3
28163,28163,3
28164,28164,1
28165,28165,1
28166,28166,1
28167,28167,1
28168,28168,1
28169,28169,1
28170,28170,1
28171,28171,1
28172,28172,1
28173,28173,1
28174,28174,1
28175,28175,1
28176,28176,1
28177,28177,1
28178,28178,1
28179,28179,1
28180,28180,1
28181,28181,1
28182,28182,1
28183,28183,1
28184,28184,1
28185,28185,1
28186,28186,1
28187,28187,1
28188,28188,1
28189,28189,1
28190,28190,1
28191,28191,1
28192,28192,1
28193,28193,1
28194,28194,1
28195,28195,1
28196,28196,1
28197,28197,1
28198,28198,1
28199,28199,1
28200,28200,1
28201,28201,1
28202,28202,1
28203,28203,1
28204,28204,1
28205,28205,1
28206,28206,1
28207,28207,1
28208,28208,1
28209,28209,1
28210,28210,1
28211,28211,1
28212,28212,1
28213,28213,1
28214,28214,1
28215,28215,1
28216,28216,1
28217,28217,1
28218,28218,1
28219,28219,1
28220,28220,1
28221,28221,1
28222,28222,1
28223,28223,1
28224,28224,1
28225,28225,3
28226,28226,3
28227,28227,3
28228,28228,1
28229,28229,1
28230,28230,1
28231,28231,1
28232,28232,1
28233,28233,1
28234,28234,1
28235,28235,1
28236,28236,1
28237,28237,1
28238,28238,1
28239,28239,1
28240,28240,1
28241,28241,1
28242,28242,1
28243,28243,1
28244,28244,1
28245,28245,1
28246,28246,1
28247,28247,1
28248,28248,1
28249,28249,1
28250,28250,1
28251,28251,1
28252,28252,1
28253,28253,1
28254,28254,1
28255,28255,1
28256,28256,1
28257,28257,1
28258,28258,1
28259,28259,1
28260,28260,1
28261,28261,1
28262,28262,1
28263,28263,1
28264,28264,3
28265,28265,3
28266,28266,3
28267,28267,3
28268,28268,3
28269,28269,3
28270,28270,3
28271,28271,3
28272,28272,3
28273,28273,3
28274,28274,3
28275,28275,3
28276,28276,3
28277,28277,3
28278,28278,3
28279,28279,3
28280,28280,3
28281,28281,3
28282,28282,3
28283,28283,3
28284,28284,3
28285,28285,3
28286,28286,3
28287,28287,3
28288,28288,3
28289,28289,3
28290,28290,3
28291,28291,3
28292,28292,3
28293,28293,3
28294,28294,3
28295,28295,3
28296,28296,3
28297,28297,3
28298,28298,3
28299,28299,3
28300,28300,3
28301,28301,3
28302,28302,3
28303,28303,3
28304,28304,1
28305,28305,3
28306,28306,1
28307,28307,1
28308,28308,1
28309,28309,1
28310,28310,1
28311,28311,1
28312,28312,1
28313,28313,3
28314,28314,3
28315,28315,3
28316,28316,3
28317,28317,3
28318,28318,3
28319,28319,3
28320,28320,3
28321,28321,3
28322,28322,3
28323,28323,1
28324,28324,3
28325,28325,3
28326,28326,3
28327,28327,3
28328,28328,3
28329,28329,3
28330,28330,3
28331,28331,1
28332,28332,3
28333,28333,3
28334,28334,1
28335,28335,1
28336,28336,1
28337,28337,1
28338,28338,1
28339,28339,1
28340,28340,1
28341,28341,1
28342,28342,1
28343,28343,1
28344,28344,1
28345,28345,1
28346,28346,1
28347,28347,1
28348,28348,1
28349,28349,1
28350,28350,1
28351,28351,1
28352,28352,1
28353,28353,1
28354,28354,1
28355,28355,1
28356,28356,1
28357,28357,1
28358,28358,1
28359,28359,3
28360,28360,3
28361,28361,3
28362,28362,3
28363,28363,1
28364,28364,3
28365,28365,3
28366,28366,3
28367,28367,9
28368,28368,3
28369,28369,3
28370,28370,9
28371,28371,3
28372,28372,3
28373,28373,9
28374,28374,3
28375,28375,3
28376,28376,3
28377,28377,3
28378,28378,3
28379,28379,3
28380,28380,3
28381,28381,3
28382,28382,3
28383,28383,3
28384,28384,9
28385,28385,3
28386,28386,9
28387,28387,9
28388,28388,3
28389,28389,9
28390,28390,9
28391,28391,9
28392,28392,9
28393,28393,9
28394,28394,3
28395,28395,3
28396,28396,3
28397,28397,3
28398,28398,3
28399,28399,3
28400,28400,3
28401,28401,3
28402,28402,3
28403,28403,3
28404,28404,9
28405,28405,9
28406,28406,9
28407,28407,9
28408,28408,9
28409,28409,9
28410,28410,9
28411,28411,9
28412,28412,9
28413,28413,9
28414,28414,3
28415,28415,9
28416,28416,9
28417,28417,9
28418,28418,9
28419,28419,9
28420,28420,9
28421,28421,9
28422,28422,9
28423,28423,9
28424,28424,9
28425,28425,3
28426,28426,9
28427,28427,9
28428,28428,3
28429,28429,3
28430,28430,9
28431,28431,9
28432,28432,4
28433,28433,9
28434,28434,3
28435,28435,3
28436,28436,4
28437,28437,3
28438,28438,4
28439,28439,3
28440,28440,3
28441,28441,4
28442,28442,3
28443,28443,4
28444,28444,9
28445,28445,9
28446,28446,9
28447,28447,9
28448,28448,9
28449,28449,9
28450,28450,9
28451,28451,9
28452,28452,9
28453,28453,9
28454,28454,4
28455,28455,9
28456,28456,9
28457,28457,9
28458,28458,9
28459,28459,4
28460,28460,4
28461,28461,9
28462,28462,9
28463,28463,4
28464,28464,1
28465,28465,1
28466,28466,1
28467,28467,1
28468,28468,1
28469,28469,1
28470,28470,1
28471,28471,1
28472,28472,1
28473,28473,1
28474,28474,1
28475,28475,1
28476,28476,1
28477,28477,1
28478,28478,1
28479,28479,1
28480,28480,1
28481,28481,1
28482,28482,1
28483,28483,1
28484,28484,1
28485,28485,1
28486,28486,1
28487,28487,3
28488,28488,4
28489,28489,4
28490,28490,4
28491,28491,1
28492,28492,4
28493,28493,4
28494,28494,3
28495,28495,3
28496,28496,3
28497,28497,1
28498,28498,1
28499,28499,1
28500,28500,1
28501,28501,1
28502,28502,1
28503,28503,3
28504,28504,3
28505,28505,3
28506,28506,1
28507,28507,1
28508,28508,1
28509,28509,1
28510,28510,4
28511,28511,3
28512,28512,3
28513,28513,3
28514,28514,3
28515,28515,3
28516,28516,3
28517,28517,3
28518,28518,4
28519,28519,3
28520,28520,3
28521,28521,4
28522,28522,3
28523,28523,3
28524,28524,3
28525,28525,3
28526,28526,3
28527,28527,3
28528,28528,9
28529,28529,9
28530,28530,9
28531,28531,4
28532,28532,9
28533,28533,4
28534,28534,3
28535,28535,3
28536,28536,4
28537,28537,4
28538,28538,4
28539,28539,4
28540,28540,4
28541,28541,4
28542,28542,9
28543,28543,4
28544,28544,4
28545,28545,4
28546,28546,4
28547,28547,4
28548,28548,4
28549,28549,11
28550,28550,11
28551,28551,11
28552,28552,11
28553,28553,11
28554,28554,11
28555,28555,11
28556,28556,11
28557,28557,11
28558,28558,11
28559,28559,11
28560,28560,11
28561,28561,11
28562,28562,11
28563,28563,11
28564,28564,11
28565,28565,11
28566,28566,11
28567,28567,11
28568,28568,11
28569,28569,11
28570,28570,11
28571,28571,11
28572,28572,11
28573,28573,11
28574,28574,11
28575,28575,11
28576,28576,11
28577,28577,11
28578,28578,11
28579,28579,11
28580,28580,11
28581,28581,11
28582,28582,11
28583,28583,11
28584,28584,11
28585,28585,11
28586,28586,11
28587,28587,11
28588,28588,11
28589,28589,11
28590,28590,11
28591,28591,11
28592,28592,11
28593,28593,11
28594,28594,11
28595,28595,11
28596,28596,11
28597,28597,11
28598,28598,11
28599,28599,11
28600,28600,11
28601,28601,11
28602,28602,11
28603,28603,11
28604,28604,11
28605,28605,11
28606,28606,11
28607,28607,11
28608,28608,11
28609,28609,11
28610,28610,11
28611,28611,11
28612,28612,11
28613,28613,11
28614,28614,11
28615,28615,11
28616,28616,11
28617,28617,11
28618,28618,11
28619,28619,11
28620,28620,11
28621,28621,11
28622,28622,11
28623,28623,11
28624,28624,11
28625,28625,11
28626,28626,11
28627,28627,11
28628,28628,11
28629,28629,11
28630,28630,11
28631,28631,11
28632,28632,11
28633,28633,11
28634,28634,11
28635,28635,11
28636,28636,11
28637,28637,11
28638,28638,11
28639,28639,11
28640,28640,11
28641,28641,11
28642,28642,11
28643,28643,11
28644,28644,11
28645,28645,11
28646,28646,11
28647,28647,11
28648,28648,11
28649,28649,11
28650,28650,11
28651,28651,11
28652,28652,11
28653,28653,11
28654,28654,11
28655,28655,11
28656,28656,11
28657,28657,11
28658,28658,11
28659,28659,11
28660,28660,11
28661,28661,11
28662,28662,11
28663,28663,11
28664,28664,11
28665,28665,11
28666,28666,11
28667,28667,11
28668,28668,11
28669,28669,11
28670,28670,11
28671,28671,11
28672,28672,11
28673,28673,11
28674,28674,11
28675,28675,11
28676,28676,11
28677,28677,11
28678,28678,11
28679,28679,11
28680,28680,11
28681,28681,11
28682,28682,11
28683,28683,11
28684,28684,11
28685,28685,11
28686,28686,11
28687,28687,11
28688,28688,11
28689,28689,11
28690,28690,11
28691,28691,11
28692,28692,11
28693,28693,11
28694,28694,11
28695,28695,11
28696,28696,11
28697,28697,11
28698,28698,11
28699,28699,11
28700,28700,11
28701,28701,11
28702,28702,11
28703,28703,11
28704,28704,11
28705,28705,11
28706,28706,11
28707,28707,11
28708,28708,11
28709,28709,11
28710,28710,11
28711,28711,11
28712,28712,11
28713,28713,11
28714,28714,11
28715,28715,11
28716,28716,11
28717,28717,11
28718,28718,11
28719,28719,11
28720,28720,11
28721,28721,11
28722,28722,11
28723,28723,11
28724,28724,11
28725,28725,11
28726,28726,11
28727,28727,11
28728,28728,11
28729,28729,11
28730,28730,11
28731,28731,11
28732,28732,11
28733,28733,11
28734,28734,11
28735,28735,11
28736,28736,11
28737,28737,11
28738,28738,11
28739,28739,11
28740,28740,11
28741,28741,11
28742,28742,11
28743,28743,11
28744,28744,11
28745,28745,11
28746,28746,11
28747,28747,11
28748,28748,11
28749,28749,11
28750,28750,11
28751,28751,11
28752,28752,11
28753,28753,11
28754,28754,11
28755,28755,11
28756,28756,11
28757,28757,11
28758,28758,11
28759,28759,11
28760,28760,11
28761,28761,11
28762,28762,11
28763,28763,11
28764,28764,11
28765,28765,11
28766,28766,11
28767,28767,11
28768,28768,11
28769,28769,11
28770,28770,11
28771,28771,11
28772,28772,11
28773,28773,11
28774,28774,11
28775,28775,11
28776,28776,11
28777,28777,11
28778,28778,11
28779,28779,11
28780,28780,11
28781,28781,11
28782,28782,11
28783,28783,11
28784,28784,11
28785,28785,11
28786,28786,11
28787,28787,11
28788,28788,11
28789,28789,11
28790,28790,11
28791,28791,11
28792,28792,11
28793,28793,11
28794,28794,11
28795,28795,11
28796,28796,11
28797,28797,11
28798,28798,11
28799,28799,11
28800,28800,11
28801,28801,11
28802,28802,11
28803,28803,11
28804,28804,11
28805,28805,11
28806,28806,11
28807,28807,11
28808,28808,11
28809,28809,11
28810,28810,11
28811,28811,11
28812,28812,11
28813,28813,11
28814,28814,11
28815,28815,11
28816,28816,11
28817,28817,11
28818,28818,11
28819,28819,11
28820,28820,11
28821,28821,11
28822,28822,11
28823,28823,11
28824,28824,11
28825,28825,11
28826,28826,11
28827,28827,11
28828,28828,11
28829,28829,11
28830,28830,11
28831,28831,11
28832,28832,11
28833,28833,11
28834,28834,11
28835,28835,11
28836,28836,11
28837,28837,11
28838,28838,11
28839,28839,11
28840,28840,11
28841,28841,11
28842,28842,11
28843,28843,11
28844,28844,11
28845,28845,11
28846,28846,11
28847,28847,11
28848,28848,11
28849,28849,11
28850,28850,11
28851,28851,11
28852,28852,11
28853,28853,11
28854,28854,11
28855,28855,11
28856,28856,11
28857,28857,11
28858,28858,11
28859,28859,11
28860,28860,11
28861,28861,11
28862,28862,11
28863,28863,11
28864,28864,11
28865,28865,11
28866,28866,11
28867,28867,11
28868,28868,11
28869,28869,11
28870,28870,11
28871,28871,11
28872,28872,11
28873,28873,11
28874,28874,11
28875,28875,11
28876,28876,11
28877,28877,11
28878,28878,11
28879,28879,11
28880,28880,11
28881,28881,11
28882,28882,11
28883,28883,11
28884,28884,11
28885,28885,11
28886,28886,11
28887,28887,11
28888,28888,11
28889,28889,11
28890,28890,11
28891,28891,11
28892,28892,11
28893,28893,11
28894,28894,11
28895,28895,11
28896,28896,11
28897,28897,11
28898,28898,11
28899,28899,11
28900,28900,11
28901,28901,11
28902,28902,11
28903,28903,11
28904,28904,11
28905,28905,11
28906,28906,11
28907,28907,11
28908,28908,11
28909,28909,11
28910,28910,11
28911,28911,11
28912,28912,11
28913,28913,11
28914,28914,11
28915,28915,11
28916,28916,11
28917,28917,11
28918,28918,11
28919,28919,11
28920,28920,11
28921,28921,11
28922,28922,11
28923,28923,11
28924,28924,11
28925,28925,11
28926,28926,11
28927,28927,11
28928,28928,11
28929,28929,11
28930,28930,11
28931,28931,11
28932,28932,11
28933,28933,11
28934,28934,11
28935,28935,11
28936,28936,11
28937,28937,11
28938,28938,11
28939,28939,11
28940,28940,11
28941,28941,11
28942,28942,11
28943,28943,11
28944,28944,11
28945,28945,11
28946,28946,11
28947,28947,11
28948,28948,11
28949,28949,11
28950,28950,11
28951,28951,11
28952,28952,11
28953,28953,11
28954,28954,11
28955,28955,11
28956,28956,11
28957,28957,11
28958,28958,11
28959,28959,11
28960,28960,11
28961,28961,11
28962,28962,11
28963,28963,11
28964,28964,11
28965,28965,11
28966,28966,11
28967,28967,11
28968,28968,11
28969,28969,11
28970,28970,11
28971,28971,11
28972,28972,11
28973,28973,11
28974,28974,11
28975,28975,11
28976,28976,11
28977,28977,11
28978,28978,11
28979,28979,11
28980,28980,11
28981,28981,11
28982,28982,11
28983,28983,11
28984,28984,11
28985,28985,11
28986,28986,11
28987,28987,11
28988,28988,4
28989,28989,11
28990,28990,11
28991,28991,11
28992,28992,11
28993,28993,11
28994,28994,11
28995,28995,11
28996,28996,11
28997,28997,11
28998,28998,11
28999,28999,11
29000,29000,11
29001,29001,11
29002,29002,11
29003,29003,11
29004,29004,11
29005,29005,11
29006,29006,11
29007,29007,11
29008,29008,11
29009,29009,11
29010,29010,11
29011,29011,11
29012,29012,11
29013,29013,11
29014,29014,11
29015,29015,11
29016,29016,11
29017,29017,11
29018,29018,11
29019,29019,11
29020,29020,11
29021,29021,4
29022,29022,11
29023,29023,11
29024,29024,4
29025,29025,6
29026,29026,6
29027,29027,4
29028,29028,4
29029,29029,4
29030,29030,3
29031,29031,4
29032,29032,11
29033,29033,6
29034,29034,4
29035,29035,11
29036,29036,11
29037,29037,11
29038,29038,11
29039,29039,11
29040,29040,11
29041,29041,11
29042,29042,11
29043,29043,11
29044,29044,6
29045,29045,6
29046,29046,6
29047,29047,3
29048,29048,6
29049,29049,4
29050,29050,6
29051,29051,6
29052,29052,6
29053,29053,4
29054,29054,6
29055,29055,6
29056,29056,6
29057,29057,6
29058,29058,3
29059,29059,4
29060,29060,3
29061,29061,3
29062,29062,4
29063,29063,3
29064,29064,4
29065,29065,4
29066,29066,6
29067,29067,4
29068,29068,3
29069,29069,4
29070,29070,4
29071,29071,4
29072,29072,3
29073,29073,4
29074,29074,11
29075,29075,11
29076,29076,11
29077,29077,11
29078,29078,11
29079,29079,11
29080,29080,11
29081,29081,11
29082,29082,11
29083,29083,11
29084,29084,3
29085,29085,4
29086,29086,4
29087,29087,4
29088,29088,3
29089,29089,3
29090,29090,4
29091,29091,4
29092,29092,4
29093,29093,4
29094,29094,4
29095,29095,4
29096,29096,11
29097,29097,4
29098,29098,4
29099,29099,4
29100,29100,4
29101,29101,4
29102,29102,4
29103,29103,4
29104,29104,11
29105,29105,11
29106,29106,11
29107,29107,11
29108,29108,11
29109,29109,11
29110,29110,11
29111,29111,11
29112,29112,11
29113,29113,11
29114,29114,11
29115,29115,11
29116,29116,11
29117,29117,11
29118,29118,11
29119,29119,4
29120,29120,11
29121,29121,11
29122,29122,11
29123,29123,11
29124,29124,11
29125,29125,11
29126,29126,11
29127,29127,11
29128,29128,11
29129,29129,11
29130,29130,11
29131,29131,11
29132,29132,11
29133,29133,11
29134,29134,11
29135,29135,11
29136,29136,11
29137,29137,11
29138,29138,11
29139,29139,11
29140,29140,11
29141,29141,11
29142,29142,11
29143,29143,11
29144,29144,11
29145,29145,11
29146,29146,11
29147,29147,11
29148,29148,11
29149,29149,11
29150,29150,11
29151,29151,11
29152,29152,11
29153,29153,11
29154,29154,11
29155,29155,11
29156,29156,11
29157,29157,11
29158,29158,11
29159,29159,11
29160,29160,11
29161,29161,11
29162,29162,11
29163,29163,11
29164,29164,11
29165,29165,11
29166,29166,11
29167,29167,11
29168,29168,11
29169,29169,11
29170,29170,11
29171,29171,11
29172,29172,11
29173,29173,11
29174,29174,11
29175,29175,11
29176,29176,11
29177,29177,11
29178,29178,11
29179,29179,11
29180,29180,11
29181,29181,11
29182,29182,11
29183,29183,11
29184,29184,11
29185,29185,11
29186,29186,11
29187,29187,11
29188,29188,11
29189,29189,11
29190,29190,11
29191,29191,11
29192,29192,11
29193,29193,11
29194,29194,11
29195,29195,11
29196,29196,11
29197,29197,11
29198,29198,11
29199,29199,11
29200,29200,11
29201,29201,11
29202,29202,11
29203,29203,11
29204,29204,11
29205,29205,11
29206,29206,11
29207,29207,11
29208,29208,11
29209,29209,11
29210,29210,11
29211,29211,11
29212,29212,11
29213,29213,11
29214,29214,11
29215,29215,11
29216,29216,11
29217,29217,11
29218,29218,11
29219,29219,11
29220,29220,11
29221,29221,11
29222,29222,11
29223,29223,11
29224,29224,4
29225,29225,4
29226,29226,4
29227,29227,4
29228,29228,4
29229,29229,4
29230,29230,4
29231,29231,4
29232,29232,4
29233,29233,4
29234,29234,11
29235,29235,11
29236,29236,11
29237,29237,11
29238,29238,11
29239,29239,11
29240,29240,11
29241,29241,11
29242,29242,11
29243,29243,11
29244,29244,11
29245,29245,11
29246,29246,11
29247,29247,4
29248,29248,11
29249,29249,4
29250,29250,11
29251,29251,11
29252,29252,4
29253,29253,11
29254,29254,11
29255,29255,4
29256,29256,11
29257,29257,11
29258,29258,11
29259,29259,4
29260,29260,11
29261,29261,11
29262,29262,4
29263,29263,4
29264,29264,11
29265,29265,11
29266,29266,4
29267,29267,11
29268,29268,11
29269,29269,11
29270,29270,11
29271,29271,11
29272,29272,4
29273,29273,11
29274,29274,11
29275,29275,11
29276,29276,11
29277,29277,11
29278,29278,11
29279,29279,11
29280,29280,11
29281,29281,11
29282,29282,11
29283,29283,11
29284,29284,11
29285,29285,11
29286,29286,11
29287,29287,11
29288,29288,11
29289,29289,4
29290,29290,11
29291,29291,11
29292,29292,11
29293,29293,11
29294,29294,11
29295,29295,11
29296,29296,11
29297,29297,11
29298,29298,11
29299,29299,11
29300,29300,11
29301,29301,11
29302,29302,11
29303,29303,11
29304,29304,4
29305,29305,4
29306,29306,4
29307,29307,4
29308,29308,4
29309,29309,4
29310,29310,4
29311,29311,4
29312,29312,4
29313,29313,4
29314,29314,11
29315,29315,11
29316,29316,11
29317,29317,11
29318,29318,11
29319,29319,11
29320,29320,4
29321,29321,11
29322,29322,11
29323,29323,11
29324,29324,11
29325,29325,11
29326,29326,11
29327,29327,11
29328,29328,11
29329,29329,11
29330,29330,11
29331,29331,11
29332,29332,11
29333,29333,11
29334,29334,11
29335,29335,11
29336,29336,11
29337,29337,11
29338,29338,11
29339,29339,11
29340,29340,11
29341,29341,11
29342,29342,11
29343,29343,11
29344,29344,11
29345,29345,11
29346,29346,11
29347,29347,11
29348,29348,11
29349,29349,11
29350,29350,11
29351,29351,11
29352,29352,11
29353,29353,11
29354,29354,11
29355,29355,11
29356,29356,11
29357,29357,11
29358,29358,11
29359,29359,11
29360,29360,11
29361,29361,11
29362,29362,11
29363,29363,11
29364,29364,11
29365,29365,11
29366,29366,11
29367,29367,11
29368,29368,11
29369,29369,11
29370,29370,11
29371,29371,11
29372,29372,11
29373,29373,11
29374,29374,11
29375,29375,11
29376,29376,11
29377,29377,11
29378,29378,11
29379,29379,11
29380,29380,11
29381,29381,11
29382,29382,11
29383,29383,11
29384,29384,11
29385,29385,11
29386,29386,11
29387,29387,11
29388,29388,11
29389,29389,11
29390,29390,11
29391,29391,11
29392,29392,11
29393,29393,11
29394,29394,11
29395,29395,11
29396,29396,11
29397,29397,11
29398,29398,11
29399,29399,11
29400,29400,11
29401,29401,11
29402,29402,11
29403,29403,11
29404,29404,11
29405,29405,11
29406,29406,11
29407,29407,11
29408,29408,11
29409,29409,11
29410,29410,11
29411,29411,11
29412,29412,11
29413,29413,11
29414,29414,11
29415,29415,11
29416,29416,11
29417,29417,11
29418,29418,11
29419,29419,11
29420,29420,11
29421,29421,11
29422,29422,11
29423,29423,11
29424,29424,11
29425,29425,11
29426,29426,11
29427,29427,11
29428,29428,11
29429,29429,11
29430,29430,11
29431,29431,11
29432,29432,11
29433,29433,11
29434,29434,11
29435,29435,11
29436,29436,11
29437,29437,11
29438,29438,11
29439,29439,11
29440,29440,11
29441,29441,11
29442,29442,11
29443,29443,11
29444,29444,11
29445,29445,11
29446,29446,11
29447,29447,11
29448,29448,11
29449,29449,11
29450,29450,11
29451,29451,11
29452,29452,11
29453,29453,11
29454,29454,11
29455,29455,11
29456,29456,11
29457,29457,11
29458,29458,11
29459,29459,11
29460,29460,11
29461,29461,11
29462,29462,11
29463,29463,11
29464,29464,11
29465,29465,11
29466,29466,11
29467,29467,11
29468,29468,11
29469,29469,11
29470,29470,11
29471,29471,11
29472,29472,11
29473,29473,11
29474,29474,11
29475,29475,11
29476,29476,11
29477,29477,11
29478,29478,11
29479,29479,4
29480,29480,4
29481,29481,4
29482,29482,4
29483,29483,4
29484,29484,4
29485,29485,4
29486,29486,3
29487,29487,4
29488,29488,4
29489,29489,4
29490,29490,11
29491,29491,11
29492,29492,11
29493,29493,11
29494,29494,4
29495,29495,4
29496,29496,3
29497,29497,4
29498,29498,4
29499,29499,4
29500,29500,4
29501,29501,4
29502,29502,4
29503,29503,4
29504,29504,4
29505,29505,4
29506,29506,4
29507,29507,4
29508,29508,4
29509,29509,4
29510,29510,4
29511,29511,3
29512,29512,3
29513,29513,3
29514,29514,3
29515,29515,4
29516,29516,4
29517,29517,4
29518,29518,4
29519,29519,4
29520,29520,3
29521,29521,3
29522,29522,3
29523,29523,3
29524,29524,3
29525,29525,4
29526,29526,4
29527,29527,4
29528,29528,4
29529,29529,4
29530,29530,4
29531,29531,4
29532,29532,4
29533,29533,4
29534,29534,4
29535,29535,4
29536,29536,4
29537,29537,4
29538,29538,4
29539,29539,4
29540,29540,4
29541,29541,4
29542,29542,4
29543,29543,4
29544,29544,4
29545,29545,4
29546,29546,3
29547,29547,3
29548,29548,3
29549,29549,3
29550,29550,3
29551,29551,3
29552,29552,3
29553,29553,3
29554,29554,3
29555,29555,3
29556,29556,3
29557,29557,3
29558,29558,3
29559,29559,3
29560,29560,3
29561,29561,3
29562,29562,3
29563,29563,3
29564,29564,3
29565,29565,3
29566,29566,3
29567,29567,3
29568,29568,3
29569,29569,3
29570,29570,3
29571,29571,3
29572,29572,3
29573,29573,3
29574,29574,3
29575,29575,3
29576,29576,3
29577,29577,3
29578,29578,3
29579,29579,3
29580,29580,3
29581,29581,3
29582,29582,3
29583,29583,3
29584,29584,3
29585,29585,3
29586,29586,3
29587,29587,3
29588,29588,3
29589,29589,3
29590,29590,3
29591,29591,3
29592,29592,3
29593,29593,3
29594,29594,3
29595,29595,4
29596,29596,3
29597,29597,3
29598,29598,3
29599,29599,3
29600,29600,3
29601,29601,3
29602,29602,3
29603,29603,3
29604,29604,3
29605,29605,6
29606,29606,3
29607,29607,3
29608,29608,3
29609,29609,3
29610,29610,3
29611,29611,3
29612,29612,3
29613,29613,3
29614,29614,3
29615,29615,3
29616,29616,3
29617,29617,3
29618,29618,3
29619,29619,3
29620,29620,3
29621,29621,3
29622,29622,3
29623,29623,3
29624,29624,3
29625,29625,3
29626,29626,3
29627,29627,3
29628,29628,3
29629,29629,3
29630,29630,3
29631,29631,3
29632,29632,3
29633,29633,3
29634,29634,3
29635,29635,3
29636,29636,3
29637,29637,3
29638,29638,3
29639,29639,3
29640,29640,3
29641,29641,3
29642,29642,3
29643,29643,3
29644,29644,3
29645,29645,3
29646,29646,3
29647,29647,3
29648,29648,3
29649,29649,3
29650,29650,3
29651,29651,3
29652,29652,3
29653,29653,3
29654,29654,3
29655,29655,3
29656,29656,3
29657,29657,3
29658,29658,3
29659,29659,3
29660,29660,3
29661,29661,3
29662,29662,3
29663,29663,3
29664,29664,3
29665,29665,3
29666,29666,3
29667,29667,3
29668,29668,3
29669,29669,3
29670,29670,3
29671,29671,3
29672,29672,3
29673,29673,3
29674,29674,3
29675,29675,3
29676,29676,3
29677,29677,3
29678,29678,3
29679,29679,3
29680,29680,3
29681,29681,3
29682,29682,3
29683,29683,3
29684,29684,3
29685,29685,3
29686,29686,3
29687,29687,3
29688,29688,3
29689,29689,3
29690,29690,3
29691,29691,3
29692,29692,3
29693,29693,3
29694,29694,3
29695,29695,3
29696,29696,3
29697,29697,4
29698,29698,3
29699,29699,3
29700,29700,4
29701,29701,3
29702,29702,3
29703,29703,3
29704,29704,4
29705,29705,4
29706,29706,4
29707,29707,4
29708,29708,4
29709,29709,4
29710,29710,4
29711,29711,4
29712,29712,4
29713,29713,3
29714,29714,4
29715,29715,3
29716,29716,3
29717,29717,3
29718,29718,3
29719,29719,4
29720,29720,3
29721,29721,4
29722,29722,4
29723,29723,4
29724,29724,4
29725,29725,4
29726,29726,4
29727,29727,4
29728,29728,4
29729,29729,4
29730,29730,4
29731,29731,4
29732,29732,4
29733,29733,4
29734,29734,4
29735,29735,4
29736,29736,4
29737,29737,4
29738,29738,4
29739,29739,4
29740,29740,4
29741,29741,4
29742,29742,4
29743,29743,4
29744,29744,4
29745,29745,4
29746,29746,4
29747,29747,4
29748,29748,4
29749,29749,4
29750,29750,4
29751,29751,4
29752,29752,4
29753,29753,4
29754,29754,4
29755,29755,4
29756,29756,4
29757,29757,4
29758,29758,4
29759,29759,4
29760,29760,4
29761,29761,3
29762,29762,4
29763,29763,4
29764,29764,4
29765,29765,6
29766,29766,3
29767,29767,3
29768,29768,4
29769,29769,4
29770,29770,4
29771,29771,3
29772,29772,3
29773,29773,3
29774,29774,3
29775,29775,4
29776,29776,4
29777,29777,4
29778,29778,3
29779,29779,4
29780,29780,3
29781,29781,4
29782,29782,4
29783,29783,3
29784,29784,3
29785,29785,4
29786,29786,3
29787,29787,3
29788,29788,3
29789,29789,3
29790,29790,3
29791,29791,3
29792,29792,3
29793,29793,3
29794,29794,3
29795,29795,3
29796,29796,3
29797,29797,3
29798,29798,3
29799,29799,3
29800,29800,3
29801,29801,3
29802,29802,3
29803,29803,3
29804,29804,3
29805,29805,3
29806,29806,3
29807,29807,3
29808,29808,3
29809,29809,3
29810,29810,3
29811,29811,3
29812,29812,3
29813,29813,3
29814,29814,3
29815,29815,3
29816,29816,3
29817,29817,3
29818,29818,3
29819,29819,3
29820,29820,3
29821,29821,3
29822,29822,3
29823,29823,3
29824,29824,3
29825,29825,3
29826,29826,3
29827,29827,3
29828,29828,3
29829,29829,3
29830,29830,4
29831,29831,4
29832,29832,4
29833,29833,4
29834,29834,3
29835,29835,3
29836,29836,3
29837,29837,3
29838,29838,3
29839,29839,3
29840,29840,3
29841,29841,3
29842,29842,3
29843,29843,3
29844,29844,3
29845,29845,3
29846,29846,3
29847,29847,3
29848,29848,3
29849,29849,3
29850,29850,3
29851,29851,3
29852,29852,3
29853,29853,3
29854,29854,3
29855,29855,3
29856,29856,3
29857,29857,3
29858,29858,3
29859,29859,3
29860,29860,3
29861,29861,3
29862,29862,3
29863,29863,3
29864,29864,3
29865,29865,3
29866,29866,3
29867,29867,3
29868,29868,3
29869,29869,3
29870,29870,3
29871,29871,3
29872,29872,3
29873,29873,3
29874,29874,3
29875,29875,3
29876,29876,3
29877,29877,3
29878,29878,3
29879,29879,3
29880,29880,3
29881,29881,3
29882,29882,3
29883,29883,3
29884,29884,3
29885,29885,3
29886,29886,3
29887,29887,3
29888,29888,3
29889,29889,3
29890,29890,3
29891,29891,3
29892,29892,3
29893,29893,3
29894,29894,3
29895,29895,3
29896,29896,3
29897,29897,3
29898,29898,3
29899,29899,3
29900,29900,3
29901,29901,3
29902,29902,3
29903,29903,3
29904,29904,3
29905,29905,3
29906,29906,3
29907,29907,3
29908,29908,3
29909,29909,3
29910,29910,3
29911,29911,3
29912,29912,3
29913,29913,3
29914,29914,3
29915,29915,3
29916,29916,3
29917,29917,3
29918,29918,3
29919,29919,3
29920,29920,3
29921,29921,3
29922,29922,3
29923,29923,3
29924,29924,3
29925,29925,3
29926,29926,3
29927,29927,3
29928,29928,3
29929,29929,3
29930,29930,3
29931,29931,3
29932,29932,3
29933,29933,3
29934,29934,3
29935,29935,3
29936,29936,3
29937,29937,3
29938,29938,3
29939,29939,3
29940,29940,3
29941,29941,3
29942,29942,3
29943,29943,3
29944,29944,3
29945,29945,3
29946,29946,3
29947,29947,3
29948,29948,3
29949,29949,3
29950,29950,3
29951,29951,3
29952,29952,3
29953,29953,3
29954,29954,3
29955,29955,3
29956,29956,3
29957,29957,3
29958,29958,3
29959,29959,3
29960,29960,3
29961,29961,3
29962,29962,3
29963,29963,3
29964,29964,3
29965,29965,3
29966,29966,3
29967,29967,3
29968,29968,3
29969,29969,3
29970,29970,3
29971,29971,3
29972,29972,3
29973,29973,3
29974,29974,3
29975,29975,3
29976,29976,3
29977,29977,3
29978,29978,3
29979,29979,3
29980,29980,3
29981,29981,3
29982,29982,3
29983,29983,3
29984,29984,3
29985,29985,3
29986,29986,3
29987,29987,3
29988,29988,3
29989,29989,3
29990,29990,3
29991,29991,3
29992,29992,3
29993,29993,3
29994,29994,3
29995,29995,3
29996,29996,3
29997,29997,3
29998,29998,3
29999,29999,3
30000,30000,3
30001,30001,3
30002,30002,3
30003,30003,3
30004,30004,3
30005,30005,3
30006,30006,3
30007,30007,3
30008,30008,3
30009,30009,3
30010,30010,3
30011,30011,3
30012,30012,3
30013,30013,3
30014,30014,3
30015,30015,3
30016,30016,3
30017,30017,3
30018,30018,3
30019,30019,3
30020,30020,3
30021,30021,3
30022,30022,3
30023,30023,3
30024,30024,3
30025,30025,3
30026,30026,3
30027,30027,3
30028,30028,3
30029,30029,3
30030,30030,3
30031,30031,3
30032,30032,3
30033,30033,3
30034,30034,3
30035,30035,3
30036,30036,3
30037,30037,3
30038,30038,3
30039,30039,3
30040,30040,3
30041,30041,3
30042,30042,3
30043,30043,3
30044,30044,3
30045,30045,3
30046,30046,3
30047,30047,3
30048,30048,3
30049,30049,3
30050,30050,3
30051,30051,3
30052,30052,3
30053,30053,3
30054,30054,3
30055,30055,3
30056,30056,3
30057,30057,3
30058,30058,3
30059,30059,3
30060,30060,3
30061,30061,3
30062,30062,3
30063,30063,3
30064,30064,3
30065,30065,3
30066,30066,3
30067,30067,3
30068,30068,3
30069,30069,3
30070,30070,3
30071,30071,3
30072,30072,3
30073,30073,3
30074,30074,3
30075,30075,3
30076,30076,3
30077,30077,3
30078,30078,3
30079,30079,3
30080,30080,3
30081,30081,3
30082,30082,3
30083,30083,3
30084,30084,3
30085,30085,3
30086,30086,3
30087,30087,3
30088,30088,3
30089,30089,3
30090,30090,3
30091,30091,3
30092,30092,3
30093,30093,3
30094,30094,3
30095,30095,3
30096,30096,3
30097,30097,3
30098,30098,3
30099,30099,3
30100,30100,3
30101,30101,3
30102,30102,3
30103,30103,3
30104,30104,3
30105,30105,3
30106,30106,3
30107,30107,3
30108,30108,3
30109,30109,3
30110,30110,3
30111,30111,3
30112,30112,3
30113,30113,3
30114,30114,3
30115,30115,3
30116,30116,3
30117,30117,3
30118,30118,3
30119,30119,3
30120,30120,3
30121,30121,3
30122,30122,9
30123,30123,9
30124,30124,9
30125,30125,3
30126,30126,3
30127,30127,3
30128,30128,3
30129,30129,3
30130,30130,3
30131,30131,3
30132,30132,3
30133,30133,3
30134,30134,3
30135,30135,3
30136,30136,3
30137,30137,9
30138,30138,9
30139,30139,9
30140,30140,9
30141,30141,9
30142,30142,3
30143,30143,3
30144,30144,3
30145,30145,9
30146,30146,9
30147,30147,9
30148,30148,9
30149,30149,3
30150,30150,9
30151,30151,3
30152,30152,9
30153,30153,9
30154,30154,3
30155,30155,3
30156,30156,3
30157,30157,3
30158,30158,3
30159,30159,3
30160,30160,3
30161,30161,3
30162,30162,3
30163,30163,3
30164,30164,3
30165,30165,3
30166,30166,3
30167,30167,3
30168,30168,3
30169,30169,3
30170,30170,3
30171,30171,3
30172,30172,3
30173,30173,3
30174,30174,3
30175,30175,3
30176,30176,3
30177,30177,3
30178,30178,3
30179,30179,3
30180,30180,3
30181,30181,3
30182,30182,3
30183,30183,3
30184,30184,3
30185,30185,3
30186,30186,3
30187,30187,3
30188,30188,3
30189,30189,3
30190,30190,3
30191,30191,3
30192,30192,3
30193,30193,3
30194,30194,3
30195,30195,3
30196,30196,3
30197,30197,3
30198,30198,3
30199,30199,3
30200,30200,3
30201,30201,3
30202,30202,3
30203,30203,3
30204,30204,3
30205,30205,3
30206,30206,3
30207,30207,3
30208,30208,3
30209,30209,3
30210,30210,3
30211,30211,3
30212,30212,3
30213,30213,3
30214,30214,3
30215,30215,3
30216,30216,3
30217,30217,3
30218,30218,3
30219,30219,3
30220,30220,3
30221,30221,3
30222,30222,3
30223,30223,3
30224,30224,3
30225,30225,3
30226,30226,3
30227,30227,3
30228,30228,3
30229,30229,3
30230,30230,3
30231,30231,3
30232,30232,3
30233,30233,3
30234,30234,3
30235,30235,3
30236,30236,3
30237,30237,3
30238,30238,3
30239,30239,3
30240,30240,3
30241,30241,3
30242,30242,3
30243,30243,3
30244,30244,3
30245,30245,3
30246,30246,3
30247,30247,3
30248,30248,3
30249,30249,3
30250,30250,3
30251,30251,3
30252,30252,3
30253,30253,3
30254,30254,3
30255,30255,3
30256,30256,3
30257,30257,3
30258,30258,3
30259,30259,3
30260,30260,3
30261,30261,3
30262,30262,3
30263,30263,3
30264,30264,3
30265,30265,3
30266,30266,3
30267,30267,3
30268,30268,3
30269,30269,3
30270,30270,3
30271,30271,3
30272,30272,3
30273,30273,3
30274,30274,3
30275,30275,3
30276,30276,3
30277,30277,3
30278,30278,3
30279,30279,3
30280,30280,3
30281,30281,3
30282,30282,3
30283,30283,3
30284,30284,3
30285,30285,3
30286,30286,3
30287,30287,3
30288,30288,3
30289,30289,3
30290,30290,3
30291,30291,3
30292,30292,3
30293,30293,3
30294,30294,3
30295,30295,3
30296,30296,3
30297,30297,3
30298,30298,3
30299,30299,3
30300,30300,3
30301,30301,3
30302,30302,3
30303,30303,3
30304,30304,3
30305,30305,3
30306,30306,3
30307,30307,3
30308,30308,3
30309,30309,3
30310,30310,3
30311,30311,3
30312,30312,3
30313,30313,3
30314,30314,3
30315,30315,3
30316,30316,3
30317,30317,3
30318,30318,3
30319,30319,3
30320,30320,3
30321,30321,3
30322,30322,3
30323,30323,3
30324,30324,3
30325,30325,4
30326,30326,4
30327,30327,4
30328,30328,4
30329,30329,4
30330,30330,4
30331,30331,4
30332,30332,4
30333,30333,4
30334,30334,4
30335,30335,4
30336,30336,4
30337,30337,4
30338,30338,4
30339,30339,4
30340,30340,4
30341,30341,4
30342,30342,4
30343,30343,4
30344,30344,4
30345,30345,4
30346,30346,4
30347,30347,4
30348,30348,4
30349,30349,4
30350,30350,1
30351,30351,1
30352,30352,1
30353,30353,1
30354,30354,1
30355,30355,1
30356,30356,1
30357,30357,1
30358,30358,1
30359,30359,1
30360,30360,1
30361,30361,1
30362,30362,1
30363,30363,1
30364,30364,1
30365,30365,1
30366,30366,1
30367,30367,1
30368,30368,1
30369,30369,1
30370,30370,1
30371,30371,1
30372,30372,1
30373,30373,1
30374,30374,1
30375,30375,1
30376,30376,1
30377,30377,1
30378,30378,1
30379,30379,1
30380,30380,1
30381,30381,1
30382,30382,1
30383,30383,1
30384,30384,1
30385,30385,1
30386,30386,1
30387,30387,1
30388,30388,1
30389,30389,1
30390,30390,1
30391,30391,1
30392,30392,1
30393,30393,1
30394,30394,1
30395,30395,1
30396,30396,1
30397,30397,1
30398,30398,3
30399,30399,3
30400,30400,1
30401,30401,1
30402,30402,1
30403,30403,1
30404,30404,1
30405,30405,1
30406,30406,1
30407,30407,1
30408,30408,1
30409,30409,1
30410,30410,1
30411,30411,1
30412,30412,1
30413,30413,1
30414,30414,1
30415,30415,1
30416,30416,3
30417,30417,3
30418,30418,1
30419,30419,1
30420,30420,1
30421,30421,1
30422,30422,3
30423,30423,3
30424,30424,3
30425,30425,3
30426,30426,3
30427,30427,3
30428,30428,3
30429,30429,1
30430,30430,1
30431,30431,1
30432,30432,1
30433,30433,1
30434,30434,1
30435,30435,1
30436,30436,1
30437,30437,1
30438,30438,1
30439,30439,1
30440,30440,1
30441,30441,1
30442,30442,1
30443,30443,1
30444,30444,1
30445,30445,1
30446,30446,1
30447,30447,1
30448,30448,1
30449,30449,1
30450,30450,1
30451,30451,1
30452,30452,1
30453,30453,1
30454,30454,1
30455,30455,1
30456,30456,1
30457,30457,1
30458,30458,1
30459,30459,1
30460,30460,1
30461,30461,1
30462,30462,1
30463,30463,1
30464,30464,1
30465,30465,1
30466,30466,1
30467,30467,1
30468,30468,1
30469,30469,1
30470,30470,1
30471,30471,1
30472,30472,1
30473,30473,1
30474,30474,1
30475,30475,1
30476,30476,1
30477,30477,1
30478,30478,1
30479,30479,1
30480,30480,1
30481,30481,1
30482,30482,1
30483,30483,1
30484,30484,1
30485,30485,1
30486,30486,1
30487,30487,1
30488,30488,1
30489,30489,1
30490,30490,1
30491,30491,1
30492,30492,3
30493,30493,3
30494,30494,3
30495,30495,3
30496,30496,3
30497,30497,3
30498,30498,3
30499,30499,3
30500,30500,1
30501,30501,3
30502,30502,3
30503,30503,3
30504,30504,3
30505,30505,3
30506,30506,3
30507,30507,3
30508,30508,3
30509,30509,3
30510,30510,3
30511,30511,3
30512,30512,3
30513,30513,3
30514,30514,3
30515,30515,3
30516,30516,1
30517,30517,3
30518,30518,3
30519,30519,1
30520,30520,1
30521,30521,1
30522,30522,1
30523,30523,1
30524,30524,1
30525,30525,1
30526,30526,1
30527,30527,1
30528,30528,1
30529,30529,1
30530,30530,1
30531,30531,1
30532,30532,1
30533,30533,1
30534,30534,1
30535,30535,1
30536,30536,1
30537,30537,1
30538,30538,1
30539,30539,1
30540,30540,1
30541,30541,1
30542,30542,1
30543,30543,1
30544,30544,3
30545,30545,3
30546,30546,3
30547,30547,3
30548,30548,3
30549,30549,3
30550,30550,3
30551,30551,3
30552,30552,3
30553,30553,3
30554,30554,3
30555,30555,3
30556,30556,3
30557,30557,3
30558,30558,1
30559,30559,1
30560,30560,1
30561,30561,1
30562,30562,1
30563,30563,1
30564,30564,3
30565,30565,3
30566,30566,3
30567,30567,3
30568,30568,1
30569,30569,3
30570,30570,3
30571,30571,1
30572,30572,3
30573,30573,1
30574,30574,1
30575,30575,1
30576,30576,1
30577,30577,1
30578,30578,1
30579,30579,1
30580,30580,1
30581,30581,1
30582,30582,1
30583,30583,1
30584,30584,1
30585,30585,1
30586,30586,3
30587,30587,1
30588,30588,1
30589,30589,3
30590,30590,1
30591,30591,1
30592,30592,1
30593,30593,1
30594,30594,1
30595,30595,1
30596,30596,1
30597,30597,1
30598,30598,1
30599,30599,1
30600,30600,1
30601,30601,1
30602,30602,1
30603,30603,1
30604,30604,1
30605,30605,1
30606,30606,1
30607,30607,1
30608,30608,1
30609,30609,1
30610,30610,1
30611,30611,1
30612,30612,1
30613,30613,1
30614,30614,1
30615,30615,1
30616,30616,1
30617,30617,1
30618,30618,1
30619,30619,1
30620,30620,1
30621,30621,1
30622,30622,1
30623,30623,1
30624,30624,1
30625,30625,1
30626,30626,1
30627,30627,1
30628,30628,1
30629,30629,1
30630,30630,1
30631,30631,1
30632,30632,1
30633,30633,1
30634,30634,1
30635,30635,1
30636,30636,1
30637,30637,1
30638,30638,1
30639,30639,1
30640,30640,1
30641,30641,1
30642,30642,1
30643,30643,1
30644,30644,1
30645,30645,1
30646,30646,1
30647,30647,1
30648,30648,1
30649,30649,1
30650,30650,1
30651,30651,1
30652,30652,1
30653,30653,1
30654,30654,1
30655,30655,1
30656,30656,1
30657,30657,1
30658,30658,1
30659,30659,1
30660,30660,1
30661,30661,1
30662,30662,1
30663,30663,1
30664,30664,1
30665,30665,1
30666,30666,1
30667,30667,1
30668,30668,1
30669,30669,1
30670,30670,1
30671,30671,1
30672,30672,1
30673,30673,1
30674,30674,1
30675,30675,1
30676,30676,1
30677,30677,1
30678,30678,1
30679,30679,1
30680,30680,1
30681,30681,1
30682,30682,1
30683,30683,1
30684,30684,1
30685,30685,1
30686,30686,1
30687,30687,1
30688,30688,1
30689,30689,1
30690,30690,1
30691,30691,1
30692,30692,1
30693,30693,1
30694,30694,1
30695,30695,1
30696,30696,1
30697,30697,1
30698,30698,1
30699,30699,1
30700,30700,1
30701,30701,1
30702,30702,1
30703,30703,1
30704,30704,1
30705,30705,1
30706,30706,1
30707,30707,1
30708,30708,1
30709,30709,1
30710,30710,1
30711,30711,1
30712,30712,1
30713,30713,1
30714,30714,1
30715,30715,1
30716,30716,1
30717,30717,1
30718,30718,1
30719,30719,1
30720,30720,1
30721,30721,1
30722,30722,1
30723,30723,1
30724,30724,1
30725,30725,1
30726,30726,1
30727,30727,1
30728,30728,1
30729,30729,1
30730,30730,1
30731,30731,1
30732,30732,1
30733,30733,1
30734,30734,1
30735,30735,1
30736,30736,1
30737,30737,1
30738,30738,1
30739,30739,1
30740,30740,1
30741,30741,1
30742,30742,1
30743,30743,1
30744,30744,1
30745,30745,1
30746,30746,1
30747,30747,1
30748,30748,1
30749,30749,1
30750,30750,1
30751,30751,1
30752,30752,1
30753,30753,1
30754,30754,1
30755,30755,1
30756,30756,1
30757,30757,1
30758,30758,1
30759,30759,1
30760,30760,1
30761,30761,1
30762,30762,1
30763,30763,1
30764,30764,1
30765,30765,1
30766,30766,1
30767,30767,1
30768,30768,1
30769,30769,1
30770,30770,1
30771,30771,1
30772,30772,1
30773,30773,1
30774,30774,1
30775,30775,1
30776,30776,1
30777,30777,1
30778,30778,1
30779,30779,1
30780,30780,1
30781,30781,1
30782,30782,1
30783,30783,1
30784,30784,1
30785,30785,1
30786,30786,1
30787,30787,1
30788,30788,1
30789,30789,1
30790,30790,1
30791,30791,1
30792,30792,1
30793,30793,1
30794,30794,1
30795,30795,1
30796,30796,1
30797,30797,1
30798,30798,1
30799,30799,1
30800,30800,1
30801,30801,1
30802,30802,1
30803,30803,1
30804,30804,1
30805,30805,1
30806,30806,1
30807,30807,1
30808,30808,1
30809,30809,1
30810,30810,1
30811,30811,1
30812,30812,1
30813,30813,1
30814,30814,1
30815,30815,1
30816,30816,1
30817,30817,1
30818,30818,1
30819,30819,1
30820,30820,1
30821,30821,1
30822,30822,1
30823,30823,1
30824,30824,1
30825,30825,1
30826,30826,1
30827,30827,1
30828,30828,1
30829,30829,1
30830,30830,1
30831,30831,1
30832,30832,1
30833,30833,1
30834,30834,1
30835,30835,1
30836,30836,1
30837,30837,1
30838,30838,1
30839,30839,1
30840,30840,1
30841,30841,1
30842,30842,1
30843,30843,1
30844,30844,1
30845,30845,1
30846,30846,1
30847,30847,1
30848,30848,1
30849,30849,1
30850,30850,1
30851,30851,1
30852,30852,1
30853,30853,1
30854,30854,1
30855,30855,1
30856,30856,1
30857,30857,1
30858,30858,1
30859,30859,1
30860,30860,1
30861,30861,1
30862,30862,1
30863,30863,1
30864,30864,1
30865,30865,3
30866,30866,1
30867,30867,3
30868,30868,1
30869,30869,3
30870,30870,1
30871,30871,3
30872,30872,3
30873,30873,1
30874,30874,3
30875,30875,1
30876,30876,3
30877,30877,1
30878,30878,1
30879,30879,1
30880,30880,3
30881,30881,1
30882,30882,3
30883,30883,1
30884,30884,3
30885,30885,3
30886,30886,3
30887,30887,3
30888,30888,3
30889,30889,3
30890,30890,3
30891,30891,3
30892,30892,3
30893,30893,3
30894,30894,3
30895,30895,3
30896,30896,3
30897,30897,3
30898,30898,3
30899,30899,3
30900,30900,3
30901,30901,3
30902,30902,3
30903,30903,1
30904,30904,1
30905,30905,1
30906,30906,3
30907,30907,3
30908,30908,3
30909,30909,1
30910,30910,1
30911,30911,3
30912,30912,1
30913,30913,1
30914,30914,1
30915,30915,1
30916,30916,1
30917,30917,1
30918,30918,1
30919,30919,1
30920,30920,1
30921,30921,1
30922,30922,1
30923,30923,1
30924,30924,1
30925,30925,1
30926,30926,1
30927,30927,1
30928,30928,1
30929,30929,1
30930,30930,1
30931,30931,1
30932,30932,1
30933,30933,1
30934,30934,1
30935,30935,1
30936,30936,1
30937,30937,1
30938,30938,1
30939,30939,1
30940,30940,1
30941,30941,1
30942,30942,1
30943,30943,1
30944,30944,1
30945,30945,1
30946,30946,1
30947,30947,1
30948,30948,1
30949,30949,1
30950,30950,1
30951,30951,1
30952,30952,1
30953,30953,1
30954,30954,1
30955,30955,1
30956,30956,1
30957,30957,1
30958,30958,1
30959,30959,1
30960,30960,1
30961,30961,1
30962,30962,1
30963,30963,1
30964,30964,1
30965,30965,1
30966,30966,1
30967,30967,1
30968,30968,1
30969,30969,1
30970,30970,8
30971,30971,8
30972,30972,8
30973,30973,8
30974,30974,8
30975,30975,8
30976,30976,8
30977,30977,7
30978,30978,8
30979,30979,8
30980,30980,8
30981,30981,8
30982,30982,8
30983,30983,8
30984,30984,8
30985,30985,8
30986,30986,6
30987,30987,6
30988,30988,6
30989,30989,8
30990,30990,7
30991,30991,2
30992,30992,7
30993,30993,2
30994,30994,2
30995,30995,2
30996,30996,7
30997,30997,7
30998,30998,7
30999,30999,7
31000,31000,7
31001,31001,7
31002,31002,7
31003,31003,7
31004,31004,7
31005,31005,7
31006,31006,7
31007,31007,2
31008,31008,7
31009,31009,2
31010,31010,2
31011,31011,7
31012,31012,7
31013,31013,7
31014,31014,7
31015,31015,0
31016,31016,7
31017,31017,7
31018,31018,7
31019,31019,7
31020,31020,7
31021,31021,7
31022,31022,2
31023,31023,2
31024,31024,2
31025,31025,7
31026,31026,7
31027,31027,7
31028,31028,2
31029,31029,7
31030,31030,7
31031,31031,2
31032,31032,2
31033,31033,2
31034,31034,7
31035,31035,7
31036,31036,7
31037,31037,7
31038,31038,7
31039,31039,7
31040,31040,0
31041,31041,0
31042,31042,7
31043,31043,8
31044,31044,7
31045,31045,7
31046,31046,8
31047,31047,8
31048,31048,8
31049,31049,8
31050,31050,8
31051,31051,8
31052,31052,8
31053,31053,7
31054,31054,8
31055,31055,8
31056,31056,8
31057,31057,8
31058,31058,8
31059,31059,8
31060,31060,8
31061,31061,8
31062,31062,8
31063,31063,8
31064,31064,7
31065,31065,7
31066,31066,7
31067,31067,7
31068,31068,7
31069,31069,7
31070,31070,8
31071,31071,8
31072,31072,8
31073,31073,8
31074,31074,8
31075,31075,8
31076,31076,8
31077,31077,0
31078,31078,0
31079,31079,0
31080,31080,0
31081,31081,8
31082,31082,8
31083,31083,0
31084,31084,8
31085,31085,8
31086,31086,8
31087,31087,8
31088,31088,8
31089,31089,8
31090,31090,8
31091,31091,8
31092,31092,8
31093,31093,8
31094,31094,8
31095,31095,8
31096,31096,8
31097,31097,8
31098,31098,8
31099,31099,8
31100,31100,8
31101,31101,8
31102,31102,8
31103,31103,8
31104,31104,8
31105,31105,8
31106,31106,8
31107,31107,8
31108,31108,8
31109,31109,8
31110,31110,8
31111,31111,8
31112,31112,8
31113,31113,8
31114,31114,8
31115,31115,8
31116,31116,8
31117,31117,8
31118,31118,8
31119,31119,8
31120,31120,8
31121,31121,8
31122,31122,8
31123,31123,8
31124,31124,8
31125,31125,8
31126,31126,8
31127,31127,8
31128,31128,8
31129,31129,8
31130,31130,8
31131,31131,8
31132,31132,8
31133,31133,8
31134,31134,8
31135,31135,8
31136,31136,8
31137,31137,8
31138,31138,8
31139,31139,8
31140,31140,8
31141,31141,8
31142,31142,8
31143,31143,8
31144,31144,8
31145,31145,8
31146,31146,8
31147,31147,8
31148,31148,8
31149,31149,8
31150,31150,8
31151,31151,8
31152,31152,8
31153,31153,8
31154,31154,8
31155,31155,8
31156,31156,8
31157,31157,8
31158,31158,8
31159,31159,8
31160,31160,7
31161,31161,7
31162,31162,7
31163,31163,7
31164,31164,7
31165,31165,7
31166,31166,7
31167,31167,8
31168,31168,8
31169,31169,8
31170,31170,8
31171,31171,8
31172,31172,8
31173,31173,8
31174,31174,8
31175,31175,8
31176,31176,8
31177,31177,8
31178,31178,8
31179,31179,8
31180,31180,8
31181,31181,8
31182,31182,8
31183,31183,8
31184,31184,8
31185,31185,8
31186,31186,8
31187,31187,8
31188,31188,8
31189,31189,8
31190,31190,8
31191,31191,8
31192,31192,8
31193,31193,8
31194,31194,8
31195,31195,8
31196,31196,8
31197,31197,8
31198,31198,8
31199,31199,8
31200,31200,8
31201,31201,8
31202,31202,8
31203,31203,8
31204,31204,8
31205,31205,8
31206,31206,8
31207,31207,8
31208,31208,8
31209,31209,8
31210,31210,8
31211,31211,8
31212,31212,8
31213,31213,8
31214,31214,8
31215,31215,8
31216,31216,8
31217,31217,8
31218,31218,0
31219,31219,0
31220,31220,0
31221,31221,8
31222,31222,0
31223,31223,0
31224,31224,8
31225,31225,8
31226,31226,8
31227,31227,0
31228,31228,8
31229,31229,0
31230,31230,0
31231,31231,0
31232,31232,0
31233,31233,0
31234,31234,0
31235,31235,0
31236,31236,0
31237,31237,0
31238,31238,7
31239,31239,8
31240,31240,8
31241,31241,8
31242,31242,8
31243,31243,8
31244,31244,8
31245,31245,8
31246,31246,8
31247,31247,8
31248,31248,8
31249,31249,8
31250,31250,8
31251,31251,7
31252,31252,8
31253,31253,8
31254,31254,8
31255,31255,8
31256,31256,8
31257,31257,8
31258,31258,8
31259,31259,8
31260,31260,8
31261,31261,8
31262,31262,8
31263,31263,8
31264,31264,8
31265,31265,8
31266,31266,7
31267,31267,7
31268,31268,7
31269,31269,7
31270,31270,7
31271,31271,7
31272,31272,7
31273,31273,7
31274,31274,7
31275,31275,7
31276,31276,7
31277,31277,7
31278,31278,7
31279,31279,7
31280,31280,7
31281,31281,7
31282,31282,7
31283,31283,7
31284,31284,7
31285,31285,7
31286,31286,7
31287,31287,7
31288,31288,7
31289,31289,7
31290,31290,7
31291,31291,7
31292,31292,7
31293,31293,7
31294,31294,7
31295,31295,7
31296,31296,7
31297,31297,7
31298,31298,7
31299,31299,7
31300,31300,7
31301,31301,7
31302,31302,7
31303,31303,7
31304,31304,7
31305,31305,7
31306,31306,7
31307,31307,7
31308,31308,7
31309,31309,7
31310,31310,7
31311,31311,7
31312,31312,7
31313,31313,7
31314,31314,7
31315,31315,7
31316,31316,7
31317,31317,7
31318,31318,7
31319,31319,7
31320,31320,7
31321,31321,7
31322,31322,7
31323,31323,7
31324,31324,7
31325,31325,7
31326,31326,7
31327,31327,7
31328,31328,7
31329,31329,7
31330,31330,7
31331,31331,7
31332,31332,7
31333,31333,7
31334,31334,7
31335,31335,7
31336,31336,7
31337,31337,7
31338,31338,7
31339,31339,7
31340,31340,7
31341,31341,7
31342,31342,7
31343,31343,7
31344,31344,7
31345,31345,7
31346,31346,7
31347,31347,7
31348,31348,7
31349,31349,7
31350,31350,7
31351,31351,7
31352,31352,7
31353,31353,7
31354,31354,7
31355,31355,7
31356,31356,7
31357,31357,7
31358,31358,7
31359,31359,7
31360,31360,7
31361,31361,7
31362,31362,7
31363,31363,7
31364,31364,7
31365,31365,7
31366,31366,7
31367,31367,7
31368,31368,7
31369,31369,7
31370,31370,7
31371,31371,7
31372,31372,7
31373,31373,7
31374,31374,7
31375,31375,7
31376,31376,7
31377,31377,7
31378,31378,7
31379,31379,7
31380,31380,7
31381,31381,7
31382,31382,7
31383,31383,7
31384,31384,7
31385,31385,7
31386,31386,7
31387,31387,7
31388,31388,7
31389,31389,7
31390,31390,7
31391,31391,7
31392,31392,7
31393,31393,7
31394,31394,7
31395,31395,7
31396,31396,7
31397,31397,7
31398,31398,7
31399,31399,7
31400,31400,7
31401,31401,7
31402,31402,7
31403,31403,7
31404,31404,7
31405,31405,7
31406,31406,7
31407,31407,7
31408,31408,7
31409,31409,7
31410,31410,7
31411,31411,7
31412,31412,7
31413,31413,7
31414,31414,7
31415,31415,7
31416,31416,7
31417,31417,7
31418,31418,7
31419,31419,7
31420,31420,2
31421,31421,2
31422,31422,2
31423,31423,2
31424,31424,2
31425,31425,2
31426,31426,2
31427,31427,2
31428,31428,2
31429,31429,2
31430,31430,2
31431,31431,2
31432,31432,2
31433,31433,2
31434,31434,2
31435,31435,2
31436,31436,2
31437,31437,2
31438,31438,2
31439,31439,2
31440,31440,2
31441,31441,2
31442,31442,2
31443,31443,2
31444,31444,2
31445,31445,2
31446,31446,0
31447,31447,0
31448,31448,0
31449,31449,0
31450,31450,7
31451,31451,7
31452,31452,7
31453,31453,7
31454,31454,7
31455,31455,7
31456,31456,7
31457,31457,7
31458,31458,7
31459,31459,7
31460,31460,7
31461,31461,7
31462,31462,7
31463,31463,7
31464,31464,7
31465,31465,7
31466,31466,7
31467,31467,7
31468,31468,7
31469,31469,7
31470,31470,7
31471,31471,7
31472,31472,7
31473,31473,0
31474,31474,7
31475,31475,0
31476,31476,7
31477,31477,0
31478,31478,0
31479,31479,7
31480,31480,7
31481,31481,0
31482,31482,7
31483,31483,7
31484,31484,7
31485,31485,0
31486,31486,0
31487,31487,0
31488,31488,0
31489,31489,2
31490,31490,7
31491,31491,7
31492,31492,7
31493,31493,7
31494,31494,7
31495,31495,7
31496,31496,0
31497,31497,0
31498,31498,0
31499,31499,0
31500,31500,0
31501,31501,0
31502,31502,0
31503,31503,0
31504,31504,0
31505,31505,0
31506,31506,0
31507,31507,0
31508,31508,0
31509,31509,0
31510,31510,0
31511,31511,0
31512,31512,0
31513,31513,0
31514,31514,0
31515,31515,0
31516,31516,0
31517,31517,0
31518,31518,7
31519,31519,7
31520,31520,7
31521,31521,7
31522,31522,7
31523,31523,7
31524,31524,7
31525,31525,7
31526,31526,7
31527,31527,7
31528,31528,7
31529,31529,7
31530,31530,7
31531,31531,7
31532,31532,7
31533,31533,7
31534,31534,7
31535,31535,7
31536,31536,7
31537,31537,7
31538,31538,7
31539,31539,7
31540,31540,7
31541,31541,7
31542,31542,7
31543,31543,7
31544,31544,7
31545,31545,7
31546,31546,7
31547,31547,7
31548,31548,7
31549,31549,7
31550,31550,7
31551,31551,7
31552,31552,7
31553,31553,7
31554,31554,7
31555,31555,7
31556,31556,7
31557,31557,7
31558,31558,7
31559,31559,7
31560,31560,7
31561,31561,7
31562,31562,7
31563,31563,7
31564,31564,7
31565,31565,7
31566,31566,7
31567,31567,7
31568,31568,7
31569,31569,7
31570,31570,8
31571,31571,7
31572,31572,7
31573,31573,7
31574,31574,7
31575,31575,7
31576,31576,7
31577,31577,7
31578,31578,7
31579,31579,7
31580,31580,7
31581,31581,7
31582,31582,7
31583,31583,7
31584,31584,7
31585,31585,7
31586,31586,7
31587,31587,7
31588,31588,7
31589,31589,7
31590,31590,7
31591,31591,7
31592,31592,7
31593,31593,7
31594,31594,7
31595,31595,7
31596,31596,7
31597,31597,7
31598,31598,7
31599,31599,7
31600,31600,7
31601,31601,0
31602,31602,0
31603,31603,7
31604,31604,7
31605,31605,7
31606,31606,7
31607,31607,7
31608,31608,8
31609,31609,7
31610,31610,7
31611,31611,7
31612,31612,7
31613,31613,7
31614,31614,7
31615,31615,7
31616,31616,7
31617,31617,7
31618,31618,7
31619,31619,7
31620,31620,7
31621,31621,7
31622,31622,7
31623,31623,7
31624,31624,7
31625,31625,7
31626,31626,7
31627,31627,7
31628,31628,7
31629,31629,8
31630,31630,7
31631,31631,7
31632,31632,7
31633,31633,7
31634,31634,7
31635,31635,7
31636,31636,7
31637,31637,7
31638,31638,7
31639,31639,7
31640,31640,7
31641,31641,7
31642,31642,7
31643,31643,7
31644,31644,7
31645,31645,7
31646,31646,7
31647,31647,7
31648,31648,7
31649,31649,7
31650,31650,8
31651,31651,7
31652,31652,7
31653,31653,7
31654,31654,7
31655,31655,7
31656,31656,7
31657,31657,7
31658,31658,7
31659,31659,8
31660,31660,2
31661,31661,2
31662,31662,2
31663,31663,2
31664,31664,2
31665,31665,2
31666,31666,2
31667,31667,2
31668,31668,2
31669,31669,2
31670,31670,2
31671,31671,2
31672,31672,2
31673,31673,2
31674,31674,2
31675,31675,2
31676,31676,2
31677,31677,2
31678,31678,2
31679,31679,2
31680,31680,2
31681,31681,2
31682,31682,2
31683,31683,2
31684,31684,2
31685,31685,2
31686,31686,2
31687,31687,2
31688,31688,2
31689,31689,2
31690,31690,2
31691,31691,2
31692,31692,2
31693,31693,2
31694,31694,2
31695,31695,2
31696,31696,2
31697,31697,2
31698,31698,2
31699,31699,2
31700,31700,2
31701,31701,2
31702,31702,2
31703,31703,2
31704,31704,2
31705,31705,2
31706,31706,2
31707,31707,2
31708,31708,2
31709,31709,2
31710,31710,2
31711,31711,2
31712,31712,2
31713,31713,2
31714,31714,2
31715,31715,2
31716,31716,2
31717,31717,2
31718,31718,2
31719,31719,2
31720,31720,2
31721,31721,2
31722,31722,2
31723,31723,2
31724,31724,2
31725,31725,2
31726,31726,2
31727,31727,2
31728,31728,2
31729,31729,2
31730,31730,2
31731,31731,2
31732,31732,2
31733,31733,2
31734,31734,2
31735,31735,2
31736,31736,2
31737,31737,2
31738,31738,2
31739,31739,2
31740,31740,2
31741,31741,2
31742,31742,2
31743,31743,2
31744,31744,2
31745,31745,2
31746,31746,2
31747,31747,2
31748,31748,2
31749,31749,2
31750,31750,2
31751,31751,2
31752,31752,2
31753,31753,2
31754,31754,2
31755,31755,2
31756,31756,2
31757,31757,2
31758,31758,2
31759,31759,2
31760,31760,2
31761,31761,2
31762,31762,2
31763,31763,2
31764,31764,2
31765,31765,2
31766,31766,2
31767,31767,2
31768,31768,2
31769,31769,2
31770,31770,2
31771,31771,2
31772,31772,2
31773,31773,2
31774,31774,2
31775,31775,2
31776,31776,2
31777,31777,2
31778,31778,2
31779,31779,2
31780,31780,2
31781,31781,2
31782,31782,2
31783,31783,2
31784,31784,2
31785,31785,2
31786,31786,2
31787,31787,2
31788,31788,2
31789,31789,2
31790,31790,2
31791,31791,2
31792,31792,2
31793,31793,2
31794,31794,2
31795,31795,2
31796,31796,2
31797,31797,2
31798,31798,2
31799,31799,2
31800,31800,2
31801,31801,2
31802,31802,2
31803,31803,2
31804,31804,2
31805,31805,2
31806,31806,2
31807,31807,2
31808,31808,2
31809,31809,2
31810,31810,2
31811,31811,2
31812,31812,2
31813,31813,2
31814,31814,2
31815,31815,2
31816,31816,2
31817,31817,2
31818,31818,2
31819,31819,2
31820,31820,2
31821,31821,2
31822,31822,2
31823,31823,2
31824,31824,2
31825,31825,2
31826,31826,2
31827,31827,2
31828,31828,2
31829,31829,2
31830,31830,2
31831,31831,2
31832,31832,2
31833,31833,2
31834,31834,2
31835,31835,2
31836,31836,2
31837,31837,2
31838,31838,2
31839,31839,2
31840,31840,2
31841,31841,2
31842,31842,2
31843,31843,2
31844,31844,2
31845,31845,2
31846,31846,2
31847,31847,2
31848,31848,2
31849,31849,2
31850,31850,2
31851,31851,2
31852,31852,2
31853,31853,2
31854,31854,2
31855,31855,2
31856,31856,2
31857,31857,2
31858,31858,2
31859,31859,2
31860,31860,2
31861,31861,2
31862,31862,2
31863,31863,2
31864,31864,2
31865,31865,2
31866,31866,2
31867,31867,2
31868,31868,2
31869,31869,2
31870,31870,2
31871,31871,2
31872,31872,2
31873,31873,2
31874,31874,2
31875,31875,2
31876,31876,2
31877,31877,2
31878,31878,2
31879,31879,2
31880,31880,2
31881,31881,2
31882,31882,2
31883,31883,2
31884,31884,2
31885,31885,2
31886,31886,2
31887,31887,2
31888,31888,2
31889,31889,2
31890,31890,2
31891,31891,2
31892,31892,2
31893,31893,2
31894,31894,2
31895,31895,2
31896,31896,2
31897,31897,2
31898,31898,2
31899,31899,2
31900,31900,2
31901,31901,2
31902,31902,2
31903,31903,2
31904,31904,2
31905,31905,2
31906,31906,2
31907,31907,2
31908,31908,2
31909,31909,2
31910,31910,2
31911,31911,2
31912,31912,2
31913,31913,2
31914,31914,8
31915,31915,8
31916,31916,8
31917,31917,8
31918,31918,8
31919,31919,8
31920,31920,8
31921,31921,8
31922,31922,8
31923,31923,8
31924,31924,8
31925,31925,8
31926,31926,8
31927,31927,8
31928,31928,8
31929,31929,8
31930,31930,8
31931,31931,8
31932,31932,8
31933,31933,8
31934,31934,8
31935,31935,8
31936,31936,8
31937,31937,8
31938,31938,8
31939,31939,8
31940,31940,8
31941,31941,8
31942,31942,8
31943,31943,8
31944,31944,8
31945,31945,8
31946,31946,8
31947,31947,8
31948,31948,8
31949,31949,8
31950,31950,8
31951,31951,8
31952,31952,8
31953,31953,8
31954,31954,8
31955,31955,8
31956,31956,8
31957,31957,8
31958,31958,8
31959,31959,8
31960,31960,8
31961,31961,8
31962,31962,8
31963,31963,8
31964,31964,8
31965,31965,8
31966,31966,8
31967,31967,8
31968,31968,8
31969,31969,8
31970,31970,8
31971,31971,8
31972,31972,8
31973,31973,8
31974,31974,8
31975,31975,8
31976,31976,8
31977,31977,8
31978,31978,8
31979,31979,8
31980,31980,8
31981,31981,8
31982,31982,8
31983,31983,8
31984,31984,8
31985,31985,8
31986,31986,8
31987,31987,8
31988,31988,8
31989,31989,8
31990,31990,8
31991,31991,8
31992,31992,8
31993,31993,8
31994,31994,8
31995,31995,8
31996,31996,8
31997,31997,8
31998,31998,8
31999,31999,8
32000,32000,8
32001,32001,8
32002,32002,8
32003,32003,8
32004,32004,8
32005,32005,8
32006,32006,8
32007,32007,8
32008,32008,8
32009,32009,8
32010,32010,8
32011,32011,8
32012,32012,8
32013,32013,8
32014,32014,8
32015,32015,8
32016,32016,8
32017,32017,8
32018,32018,8
32019,32019,8
32020,32020,8
32021,32021,8
32022,32022,8
32023,32023,8
32024,32024,8
32025,32025,8
32026,32026,8
32027,32027,8
32028,32028,8
32029,32029,8
32030,32030,8
32031,32031,8
32032,32032,8
32033,32033,8
32034,32034,8
32035,32035,8
32036,32036,8
32037,32037,8
32038,32038,8
32039,32039,8
32040,32040,10
32041,32041,10
32042,32042,10
32043,32043,10
32044,32044,10
32045,32045,10
32046,32046,10
32047,32047,10
32048,32048,10
32049,32049,10
32050,32050,10
32051,32051,10
32052,32052,8
32053,32053,8
32054,32054,8
32055,32055,10
32056,32056,10
32057,32057,8
32058,32058,10
32059,32059,10
32060,32060,10
32061,32061,10
32062,32062,10
32063,32063,10
32064,32064,10
32065,32065,10
32066,32066,8
32067,32067,10
32068,32068,8
32069,32069,10
32070,32070,10
32071,32071,10
32072,32072,8
32073,32073,10
32074,32074,10
32075,32075,10
32076,32076,10
32077,32077,10
32078,32078,10
32079,32079,10
32080,32080,10
32081,32081,10
32082,32082,10
32083,32083,10
32084,32084,10
32085,32085,10
32086,32086,10
32087,32087,10
32088,32088,10
32089,32089,10
32090,32090,10
32091,32091,10
32092,32092,10
32093,32093,10
32094,32094,10
32095,32095,10
32096,32096,10
32097,32097,10
32098,32098,10
32099,32099,10
32100,32100,10
32101,32101,10
32102,32102,10
32103,32103,10
32104,32104,10
32105,32105,10
32106,32106,10
32107,32107,10
32108,32108,10
32109,32109,10
32110,32110,10
32111,32111,10
32112,32112,10
32113,32113,10
32114,32114,10
32115,32115,10
32116,32116,10
32117,32117,10
32118,32118,10
32119,32119,10
32120,32120,10
32121,32121,10
32122,32122,10
32123,32123,10
32124,32124,10
32125,32125,10
32126,32126,10
32127,32127,10
32128,32128,10
32129,32129,10
32130,32130,10
32131,32131,10
32132,32132,10
32133,32133,10
32134,32134,10
32135,32135,10
32136,32136,10
32137,32137,10
32138,32138,10
32139,32139,10
32140,32140,10
32141,32141,10
32142,32142,10
32143,32143,10
32144,32144,10
32145,32145,10
32146,32146,10
32147,32147,10
32148,32148,10
32149,32149,10
32150,32150,10
32151,32151,1
32152,32152,1
32153,32153,1
32154,32154,1
32155,32155,1
32156,32156,1
32157,32157,1
32158,32158,1
32159,32159,1
32160,32160,1
32161,32161,1
32162,32162,1
32163,32163,1
32164,32164,1
32165,32165,3
32166,32166,1
32167,32167,1
32168,32168,1
32169,32169,1
32170,32170,3
32171,32171,3
32172,32172,3
32173,32173,3
32174,32174,3
32175,32175,3
32176,32176,3
32177,32177,1
32178,32178,1
32179,32179,1
32180,32180,1
32181,32181,1
32182,32182,1
32183,32183,1
32184,32184,1
32185,32185,1
32186,32186,1
32187,32187,3
32188,32188,3
32189,32189,3
32190,32190,3
32191,32191,3
32192,32192,3
32193,32193,3
32194,32194,3
32195,32195,3
32196,32196,3
32197,32197,3
32198,32198,3
32199,32199,3
32200,32200,4
32201,32201,3
32202,32202,11
32203,32203,11
32204,32204,11
32205,32205,4
32206,32206,11
32207,32207,3
32208,32208,4
32209,32209,3
32210,32210,11
32211,32211,11
32212,32212,11
32213,32213,11
32214,32214,11
32215,32215,11
32216,32216,11
32217,32217,11
32218,32218,3
32219,32219,11
32220,32220,4
32221,32221,11
32222,32222,11
32223,32223,11
32224,32224,9
32225,32225,11
32226,32226,11
32227,32227,9
32228,32228,11
32229,32229,9
32230,32230,3
32231,32231,3
32232,32232,3
32233,32233,3
32234,32234,3
32235,32235,3
32236,32236,3
32237,32237,3
32238,32238,3
32239,32239,3
32240,32240,3
32241,32241,3
32242,32242,3
32243,32243,3
32244,32244,3
32245,32245,3
32246,32246,3
32247,32247,11
32248,32248,9
32249,32249,4
32250,32250,11
32251,32251,3
32252,32252,11
32253,32253,3
32254,32254,3
32255,32255,1
32256,32256,1
32257,32257,1
32258,32258,1
32259,32259,1
32260,32260,1
32261,32261,1
32262,32262,1
32263,32263,1
32264,32264,1
32265,32265,6
32266,32266,1
32267,32267,1
32268,32268,1
32269,32269,1
32270,32270,1
32271,32271,1
32272,32272,1
32273,32273,1
32274,32274,1
32275,32275,1
32276,32276,1
32277,32277,1
32278,32278,1
32279,32279,1
32280,32280,1
32281,32281,1
32282,32282,1
32283,32283,1
32284,32284,1
32285,32285,1
32286,32286,1
32287,32287,1
32288,32288,1
32289,32289,1
32290,32290,1
32291,32291,1
32292,32292,1
32293,32293,1
32294,32294,1
32295,32295,1
32296,32296,1
32297,32297,1
32298,32298,1
32299,32299,1
32300,32300,1
32301,32301,1
32302,32302,1
32303,32303,1
32304,32304,1
32305,32305,1
32306,32306,1
32307,32307,1
32308,32308,1
32309,32309,1
32310,32310,1
32311,32311,1
32312,32312,1
32313,32313,1
32314,32314,1
32315,32315,1
32316,32316,1
32317,32317,1
32318,32318,1
32319,32319,1
32320,32320,1
32321,32321,1
32322,32322,1
32323,32323,1
32324,32324,1
32325,32325,1
32326,32326,1
32327,32327,1
32328,32328,1
32329,32329,1
32330,32330,1
32331,32331,1
32332,32332,1
32333,32333,1
32334,32334,1
32335,32335,1
32336,32336,1
32337,32337,1
32338,32338,1
32339,32339,1
32340,32340,1
32341,32341,1
32342,32342,3
32343,32343,1
32344,32344,3
32345,32345,1
32346,32346,1
32347,32347,1
32348,32348,1
32349,32349,1
32350,32350,1
32351,32351,1
32352,32352,3
32353,32353,3
32354,32354,3
32355,32355,6
32356,32356,6
32357,32357,1
32358,32358,1
32359,32359,1
32360,32360,1
32361,32361,1
32362,32362,1
32363,32363,6
32364,32364,1
32365,32365,1
32366,32366,1
32367,32367,1
32368,32368,1
32369,32369,1
32370,32370,1
32371,32371,1
32372,32372,1
32373,32373,1
32374,32374,3
32375,32375,4
32376,32376,4
32377,32377,4
32378,32378,4
32379,32379,4
32380,32380,4
32381,32381,4
32382,32382,4
32383,32383,4
32384,32384,4
32385,32385,4
32386,32386,4
32387,32387,4
32388,32388,4
32389,32389,4
32390,32390,4
32391,32391,4
32392,32392,4
32393,32393,4
32394,32394,4
32395,32395,4
32396,32396,3
32397,32397,3
32398,32398,3
32399,32399,3
32400,32400,3
32401,32401,3
32402,32402,3
32403,32403,3
32404,32404,4
32405,32405,4
32406,32406,4
32407,32407,4
32408,32408,4
32409,32409,4
32410,32410,4
32411,32411,4
32412,32412,4
32413,32413,4
32414,32414,4
32415,32415,4
32416,32416,4
32417,32417,4
32418,32418,4
32419,32419,4
32420,32420,4
32421,32421,4
32422,32422,4
32423,32423,4
32424,32424,4
32425,32425,4
32426,32426,4
32427,32427,4
32428,32428,4
32429,32429,4
32430,32430,4
32431,32431,3
32432,32432,3
32433,32433,3
32434,32434,4
32435,32435,4
32436,32436,4
32437,32437,4
32438,32438,4
32439,32439,4
32440,32440,4
32441,32441,4
32442,32442,4
32443,32443,4
32444,32444,4
32445,32445,4
32446,32446,3
32447,32447,3
32448,32448,3
32449,32449,3
32450,32450,3
32451,32451,3
32452,32452,3
32453,32453,3
32454,32454,3
32455,32455,3
32456,32456,3
32457,32457,3
32458,32458,3
32459,32459,3
32460,32460,3
32461,32461,3
32462,32462,3
32463,32463,3
32464,32464,3
32465,32465,3
32466,32466,3
32467,32467,3
32468,32468,3
32469,32469,3
32470,32470,3
32471,32471,3
32472,32472,3
32473,32473,3
32474,32474,4
32475,32475,4
32476,32476,4
32477,32477,3
32478,32478,3
32479,32479,3
32480,32480,3
32481,32481,3
32482,32482,3
32483,32483,3
32484,32484,4
32485,32485,3
32486,32486,3
32487,32487,6
32488,32488,6
32489,32489,3
32490,32490,6
32491,32491,6
32492,32492,6
32493,32493,6
32494,32494,3
32495,32495,3
32496,32496,3
32497,32497,3
32498,32498,3
32499,32499,3
32500,32500,3
32501,32501,3
32502,32502,3
32503,32503,3
32504,32504,3
32505,32505,3
32506,32506,3
32507,32507,3
32508,32508,3
32509,32509,3
32510,32510,3
32511,32511,3
32512,32512,3
32513,32513,3
32514,32514,3
32515,32515,3
32516,32516,3
32517,32517,3
32518,32518,3
32519,32519,3
32520,32520,3
32521,32521,3
32522,32522,3
32523,32523,3
32524,32524,6
32525,32525,6
32526,32526,6
32527,32527,6
32528,32528,3
32529,32529,6
32530,32530,6
32531,32531,6
32532,32532,6
32533,32533,6
32534,32534,3
32535,32535,3
32536,32536,3
32537,32537,3
32538,32538,3
32539,32539,3
32540,32540,3
32541,32541,3
32542,32542,6
32543,32543,3
32544,32544,6
32545,32545,3
32546,32546,3
32547,32547,3
32548,32548,6
32549,32549,6
32550,32550,6
32551,32551,6
32552,32552,3
32553,32553,3
32554,32554,3
32555,32555,3
32556,32556,3
32557,32557,3
32558,32558,6
32559,32559,3
32560,32560,3
32561,32561,3
32562,32562,3
32563,32563,3
32564,32564,3
32565,32565,3
32566,32566,3
32567,32567,3
32568,32568,3
32569,32569,3
32570,32570,3
32571,32571,3
32572,32572,3
32573,32573,3
32574,32574,3
32575,32575,3
32576,32576,3
32577,32577,3
32578,32578,3
32579,32579,3
32580,32580,6
32581,32581,6
32582,32582,6
32583,32583,6
32584,32584,6
32585,32585,6
32586,32586,3
32587,32587,6
32588,32588,3
32589,32589,3
32590,32590,3
32591,32591,3
32592,32592,9
32593,32593,9
32594,32594,3
32595,32595,9
32596,32596,9
32597,32597,9
32598,32598,9
32599,32599,9
32600,32600,9
32601,32601,9
32602,32602,9
32603,32603,9
32604,32604,9
32605,32605,9
32606,32606,9
32607,32607,9
32608,32608,9
32609,32609,9
32610,32610,9
32611,32611,9
32612,32612,9
32613,32613,9
32614,32614,9
32615,32615,9
32616,32616,9
32617,32617,9
32618,32618,9
32619,32619,9
32620,32620,9
32621,32621,9
32622,32622,9
32623,32623,9
32624,32624,9
32625,32625,9
32626,32626,9
32627,32627,9
32628,32628,9
32629,32629,9
32630,32630,9
32631,32631,9
32632,32632,9
32633,32633,9
32634,32634,9
32635,32635,9
32636,32636,9
32637,32637,9
32638,32638,9
32639,32639,9
32640,32640,9
32641,32641,9
32642,32642,9
32643,32643,9
32644,32644,9
32645,32645,9
32646,32646,9
32647,32647,9
32648,32648,9
32649,32649,9
32650,32650,9
32651,32651,9
32652,32652,9
32653,32653,9
32654,32654,9
32655,32655,9
32656,32656,9
32657,32657,9
32658,32658,9
32659,32659,9
32660,32660,3
32661,32661,9
32662,32662,9
32663,32663,9
32664,32664,9
32665,32665,9
32666,32666,9
32667,32667,9
32668,32668,9
32669,32669,9
32670,32670,9
32671,32671,9
32672,32672,9
32673,32673,9
32674,32674,9
32675,32675,9
32676,32676,9
32677,32677,9
32678,32678,9
32679,32679,9
32680,32680,9
32681,32681,9
32682,32682,9
32683,32683,9
32684,32684,9
32685,32685,9
32686,32686,9
32687,32687,9
32688,32688,9
32689,32689,9
32690,32690,9
32691,32691,9
32692,32692,9
32693,32693,9
32694,32694,9
32695,32695,9
32696,32696,9
32697,32697,9
32698,32698,9
32699,32699,9
32700,32700,9
32701,32701,9
32702,32702,9
32703,32703,9
32704,32704,3
32705,32705,3
32706,32706,9
32707,32707,9
32708,32708,9
32709,32709,9
32710,32710,3
32711,32711,9
32712,32712,9
32713,32713,9
32714,32714,9
32715,32715,9
32716,32716,9
32717,32717,9
32718,32718,9
32719,32719,9
32720,32720,9
32721,32721,9
32722,32722,9
32723,32723,9
32724,32724,9
32725,32725,9
32726,32726,9
32727,32727,9
32728,32728,9
32729,32729,9
32730,32730,9
32731,32731,9
32732,32732,9
32733,32733,9
32734,32734,9
32735,32735,9
32736,32736,9
32737,32737,9
32738,32738,9
32739,32739,9
32740,32740,9
32741,32741,9
32742,32742,9
32743,32743,9
32744,32744,9
32745,32745,9
32746,32746,9
32747,32747,9
32748,32748,9
32749,32749,9
32750,32750,9
32751,32751,9
32752,32752,9
32753,32753,9
32754,32754,9
32755,32755,9
32756,32756,9
32757,32757,9
32758,32758,9
32759,32759,9
32760,32760,9
32761,32761,9
32762,32762,9
32763,32763,9
32764,32764,9
32765,32765,9
32766,32766,9
32767,32767,9
32768,32768,9
32769,32769,9
32770,32770,9
32771,32771,9
32772,32772,9
32773,32773,9
32774,32774,9
32775,32775,9
32776,32776,9
32777,32777,9
32778,32778,9
32779,32779,9
32780,32780,9
32781,32781,9
32782,32782,9
32783,32783,9
32784,32784,9
32785,32785,9
32786,32786,9
32787,32787,9
32788,32788,9
32789,32789,9
32790,32790,9
32791,32791,9
32792,32792,9
32793,32793,9
32794,32794,9
32795,32795,9
32796,32796,9
32797,32797,9
32798,32798,9
32799,32799,9
32800,32800,9
32801,32801,9
32802,32802,9
32803,32803,9
32804,32804,9
32805,32805,9
32806,32806,9
32807,32807,9
32808,32808,9
32809,32809,9
32810,32810,9
32811,32811,9
32812,32812,9
32813,32813,9
32814,32814,9
32815,32815,9
32816,32816,9
32817,32817,9
32818,32818,9
32819,32819,9
32820,32820,9
32821,32821,9
32822,32822,9
32823,32823,9
32824,32824,9
32825,32825,9
32826,32826,9
32827,32827,9
32828,32828,9
32829,32829,9
32830,32830,9
32831,32831,9
32832,32832,9
32833,32833,9
32834,32834,9
32835,32835,9
32836,32836,9
32837,32837,9
32838,32838,9
32839,32839,9
32840,32840,9
32841,32841,9
32842,32842,9
32843,32843,9
32844,32844,9
32845,32845,9
32846,32846,9
32847,32847,9
32848,32848,9
32849,32849,9
32850,32850,9
32851,32851,9
32852,32852,9
32853,32853,9
32854,32854,9
32855,32855,9
32856,32856,9
32857,32857,9
32858,32858,9
32859,32859,9
32860,32860,9
32861,32861,9
32862,32862,9
32863,32863,9
32864,32864,9
32865,32865,9
32866,32866,9
32867,32867,9
32868,32868,9
32869,32869,9
32870,32870,9
32871,32871,9
32872,32872,9
32873,32873,9
32874,32874,9
32875,32875,9
32876,32876,9
32877,32877,9
32878,32878,9
32879,32879,9
32880,32880,9
32881,32881,9
32882,32882,9
32883,32883,9
32884,32884,9
32885,32885,9
32886,32886,9
32887,32887,9
32888,32888,9
32889,32889,9
32890,32890,9
32891,32891,9
32892,32892,9
32893,32893,9
32894,32894,9
32895,32895,9
32896,32896,9
32897,32897,9
32898,32898,3
32899,32899,3
32900,32900,3
32901,32901,3
32902,32902,9
32903,32903,9
32904,32904,9
32905,32905,9
32906,32906,9
32907,32907,9
32908,32908,9
32909,32909,9
32910,32910,9
32911,32911,3
32912,32912,9
32913,32913,9
32914,32914,9
32915,32915,9
32916,32916,9
32917,32917,9
32918,32918,9
32919,32919,3
32920,32920,9
32921,32921,9
32922,32922,9
32923,32923,9
32924,32924,9
32925,32925,3
32926,32926,3
32927,32927,3
32928,32928,9
32929,32929,9
32930,32930,3
32931,32931,9
32932,32932,9
32933,32933,9
32934,32934,9
32935,32935,9
32936,32936,9
32937,32937,9
32938,32938,9
32939,32939,9
32940,32940,3
32941,32941,9
32942,32942,9
32943,32943,9
32944,32944,9
32945,32945,3
32946,32946,3
32947,32947,3
32948,32948,3
32949,32949,3
32950,32950,3
32951,32951,3
32952,32952,3
32953,32953,3
32954,32954,3
32955,32955,3
32956,32956,3
32957,32957,3
32958,32958,3
32959,32959,3
32960,32960,3
32961,32961,3
32962,32962,3
32963,32963,3
32964,32964,3
32965,32965,3
32966,32966,3
32967,32967,9
32968,32968,9
32969,32969,9
32970,32970,9
32971,32971,9
32972,32972,3
32973,32973,3
32974,32974,3
32975,32975,3
32976,32976,3
32977,32977,3
32978,32978,3
32979,32979,3
32980,32980,9
32981,32981,3
32982,32982,3
32983,32983,3
32984,32984,3
32985,32985,3
32986,32986,3
32987,32987,3
32988,32988,3
32989,32989,3
32990,32990,3
32991,32991,3
32992,32992,9
32993,32993,9
32994,32994,9
32995,32995,9
32996,32996,9
32997,32997,9
32998,32998,9
32999,32999,9
33000,33000,9
33001,33001,9
33002,33002,9
33003,33003,9
33004,33004,9
33005,33005,9
33006,33006,9
33007,33007,9
33008,33008,9
33009,33009,9
33010,33010,9
33011,33011,3
33012,33012,9
33013,33013,9
33014,33014,9
33015,33015,9
33016,33016,9
33017,33017,9
33018,33018,9
33019,33019,9
33020,33020,9
33021,33021,9
33022,33022,9
33023,33023,9
33024,33024,9
33025,33025,9
33026,33026,9
33027,33027,9
33028,33028,9
33029,33029,9
33030,33030,9
33031,33031,9
33032,33032,9
33033,33033,9
33034,33034,9
33035,33035,9
33036,33036,9
33037,33037,9
33038,33038,9
33039,33039,9
33040,33040,9
33041,33041,9
33042,33042,9
33043,33043,3
33044,33044,9
33045,33045,9
33046,33046,9
33047,33047,9
33048,33048,9
33049,33049,9
33050,33050,9
33051,33051,9
33052,33052,9
33053,33053,9
33054,33054,9
33055,33055,9
33056,33056,9
33057,33057,3
33058,33058,9
33059,33059,9
33060,33060,9
33061,33061,9
33062,33062,9
33063,33063,9
33064,33064,3
33065,33065,9
33066,33066,3
33067,33067,9
33068,33068,9
33069,33069,3
33070,33070,3
33071,33071,9
33072,33072,3
33073,33073,3
33074,33074,3
33075,33075,3
33076,33076,3
33077,33077,3
33078,33078,3
33079,33079,3
33080,33080,3
33081,33081,3
33082,33082,3
33083,33083,3
33084,33084,3
33085,33085,3
33086,33086,3
33087,33087,3
33088,33088,3
33089,33089,3
33090,33090,3
33091,33091,3
33092,33092,9
33093,33093,9
33094,33094,3
33095,33095,3
33096,33096,3
33097,33097,3
33098,33098,3
33099,33099,3
33100,33100,3
33101,33101,3
33102,33102,3
33103,33103,3
33104,33104,3
33105,33105,3
33106,33106,3
33107,33107,3
33108,33108,9
33109,33109,3
33110,33110,3
33111,33111,3
33112,33112,3
33113,33113,3
33114,33114,3
33115,33115,3
33116,33116,3
33117,33117,3
33118,33118,3
33119,33119,3
33120,33120,3
33121,33121,3
33122,33122,3
33123,33123,3
33124,33124,3
33125,33125,4
33126,33126,4
33127,33127,4
33128,33128,4
33129,33129,4
33130,33130,4
33131,33131,4
33132,33132,3
33133,33133,3
33134,33134,3
33135,33135,3
33136,33136,3
33137,33137,3
33138,33138,3
33139,33139,3
33140,33140,3
33141,33141,3
33142,33142,3
33143,33143,9
33144,33144,3
33145,33145,3
33146,33146,3
33147,33147,3
33148,33148,3
33149,33149,3
33150,33150,3
33151,33151,3
33152,33152,3
33153,33153,3
33154,33154,3
33155,33155,3
33156,33156,3
33157,33157,3
33158,33158,3
33159,33159,3
33160,33160,3
33161,33161,3
33162,33162,3
33163,33163,3
33164,33164,3
33165,33165,3
33166,33166,3
33167,33167,3
33168,33168,3
33169,33169,3
33170,33170,3
33171,33171,3
33172,33172,4
33173,33173,4
33174,33174,4
33175,33175,4
33176,33176,4
33177,33177,4
33178,33178,4
33179,33179,3
33180,33180,4
33181,33181,4
33182,33182,3
33183,33183,3
33184,33184,9
33185,33185,9
33186,33186,9
33187,33187,9
33188,33188,9
33189,33189,9
33190,33190,9
33191,33191,9
33192,33192,3
33193,33193,3
33194,33194,9
33195,33195,3
33196,33196,3
33197,33197,3
33198,33198,3
33199,33199,3
33200,33200,9
33201,33201,9
33202,33202,3
33203,33203,3
33204,33204,3
33205,33205,3
33206,33206,3
33207,33207,3
33208,33208,3
33209,33209,3
33210,33210,3
33211,33211,3
33212,33212,3
33213,33213,3
33214,33214,3
33215,33215,9
33216,33216,3
33217,33217,9
33218,33218,3
33219,33219,3
33220,33220,3
33221,33221,3
33222,33222,3
33223,33223,3
33224,33224,3
33225,33225,3
33226,33226,3
33227,33227,3
33228,33228,3
33229,33229,3
33230,33230,3
33231,33231,3
33232,33232,3
33233,33233,3
33234,33234,3
33235,33235,3
33236,33236,3
33237,33237,3
33238,33238,4
33239,33239,3
33240,33240,3
33241,33241,3
33242,33242,3
33243,33243,3
33244,33244,4
33245,33245,3
33246,33246,4
33247,33247,4
33248,33248,4
33249,33249,3
33250,33250,3
33251,33251,3
33252,33252,4
33253,33253,4
33254,33254,4
33255,33255,4
33256,33256,4
33257,33257,3
33258,33258,3
33259,33259,4
33260,33260,4
33261,33261,4
33262,33262,4
33263,33263,4
33264,33264,4
33265,33265,4
33266,33266,4
33267,33267,4
33268,33268,4
33269,33269,3
33270,33270,3
33271,33271,3
33272,33272,3
33273,33273,4
33274,33274,3
33275,33275,3
33276,33276,3
33277,33277,3
33278,33278,3
33279,33279,4
33280,33280,4
33281,33281,4
33282,33282,4
33283,33283,4
33284,33284,4
33285,33285,4
33286,33286,4
33287,33287,4
33288,33288,4
33289,33289,3
33290,33290,3
33291,33291,3
33292,33292,3
33293,33293,9
33294,33294,3
33295,33295,9
33296,33296,3
33297,33297,3
33298,33298,3
33299,33299,3
33300,33300,3
33301,33301,3
33302,33302,3
33303,33303,3
33304,33304,3
33305,33305,3
33306,33306,3
33307,33307,3
33308,33308,3
33309,33309,4
33310,33310,4
33311,33311,3
33312,33312,9
33313,33313,4
33314,33314,4
33315,33315,4
33316,33316,3
33317,33317,4
33318,33318,4
33319,33319,3
33320,33320,3
33321,33321,3
33322,33322,3
33323,33323,3
33324,33324,3
33325,33325,3
33326,33326,4
33327,33327,4
33328,33328,4
33329,33329,4
33330,33330,4
33331,33331,4
33332,33332,4
33333,33333,3
33334,33334,3
33335,33335,3
33336,33336,4
33337,33337,4
33338,33338,4
33339,33339,4
33340,33340,4
33341,33341,4
33342,33342,3
33343,33343,3
33344,33344,3
33345,33345,3
33346,33346,3
33347,33347,3
33348,33348,3
33349,33349,3
33350,33350,3
33351,33351,3
33352,33352,3
33353,33353,3
33354,33354,3
33355,33355,3
33356,33356,3
33357,33357,3
33358,33358,3
33359,33359,3
33360,33360,10
33361,33361,10
33362,33362,10
33363,33363,3
33364,33364,3
33365,33365,3
33366,33366,3
33367,33367,3
33368,33368,3
33369,33369,3
33370,33370,3
33371,33371,3
33372,33372,3
33373,33373,3
33374,33374,3
33375,33375,3
33376,33376,3
33377,33377,3
33378,33378,3
33379,33379,10
33380,33380,3
33381,33381,3
33382,33382,3
33383,33383,10
33384,33384,10
33385,33385,10
33386,33386,10
33387,33387,10
33388,33388,10
33389,33389,10
33390,33390,10
33391,33391,10
33392,33392,10
33393,33393,10
33394,33394,10
33395,33395,10
33396,33396,10
33397,33397,3
33398,33398,10
33399,33399,10
33400,33400,10
33401,33401,10
33402,33402,10
33403,33403,10
33404,33404,3
33405,33405,10
33406,33406,3
33407,33407,3
33408,33408,10
33409,33409,3
33410,33410,10
33411,33411,10
33412,33412,3
33413,33413,3
33414,33414,3
33415,33415,3
33416,33416,3
33417,33417,3
33418,33418,3
33419,33419,3
33420,33420,3
33421,33421,10
33422,33422,3
33423,33423,3
33424,33424,10
33425,33425,3
33426,33426,10
33427,33427,3
33428,33428,10
33429,33429,3
33430,33430,10
33431,33431,10
33432,33432,3
33433,33433,3
33434,33434,3
33435,33435,3
33436,33436,3
33437,33437,3
33438,33438,3
33439,33439,3
33440,33440,3
33441,33441,3
33442,33442,4
33443,33443,9
33444,33444,9
33445,33445,9
33446,33446,9
33447,33447,9
33448,33448,9
33449,33449,9
33450,33450,9
33451,33451,9
33452,33452,9
33453,33453,3
33454,33454,9
33455,33455,9
33456,33456,9
33457,33457,9
33458,33458,9
33459,33459,9
33460,33460,9
33461,33461,9
33462,33462,9
33463,33463,9
33464,33464,9
33465,33465,9
33466,33466,9
33467,33467,9
33468,33468,9
33469,33469,3
33470,33470,9
33471,33471,9
33472,33472,9
33473,33473,9
33474,33474,9
33475,33475,9
33476,33476,9
33477,33477,9
33478,33478,9
33479,33479,9
33480,33480,9
33481,33481,9
33482,33482,9
33483,33483,9
33484,33484,9
33485,33485,9
33486,33486,9
33487,33487,9
33488,33488,9
33489,33489,9
33490,33490,9
33491,33491,9
33492,33492,9
33493,33493,9
33494,33494,9
33495,33495,9
33496,33496,9
33497,33497,9
33498,33498,9
33499,33499,9
33500,33500,9
33501,33501,9
33502,33502,9
33503,33503,9
33504,33504,9
33505,33505,9
33506,33506,9
33507,33507,9
33508,33508,9
33509,33509,9
33510,33510,9
33511,33511,9
33512,33512,9
33513,33513,9
33514,33514,9
33515,33515,9
33516,33516,9
33517,33517,9
33518,33518,9
33519,33519,9
33520,33520,9
33521,33521,9
33522,33522,9
33523,33523,9
33524,33524,9
33525,33525,9
33526,33526,9
33527,33527,9
33528,33528,9
33529,33529,9
33530,33530,9
33531,33531,9
33532,33532,9
33533,33533,3
33534,33534,3
33535,33535,3
33536,33536,3
33537,33537,3
33538,33538,3
33539,33539,3
33540,33540,3
33541,33541,9
33542,33542,3
33543,33543,9
33544,33544,9
33545,33545,9
33546,33546,9
33547,33547,9
33548,33548,9
33549,33549,9
33550,33550,9
33551,33551,9
33552,33552,9
33553,33553,9
33554,33554,9
33555,33555,9
33556,33556,9
33557,33557,9
33558,33558,9
33559,33559,9
33560,33560,9
33561,33561,9
33562,33562,9
33563,33563,9
33564,33564,9
33565,33565,9
33566,33566,9
33567,33567,9
33568,33568,9
33569,33569,9
33570,33570,9
33571,33571,9
33572,33572,9
33573,33573,3
33574,33574,9
33575,33575,3
33576,33576,3
33577,33577,3
33578,33578,3
33579,33579,3
33580,33580,3
33581,33581,3
33582,33582,3
33583,33583,9
33584,33584,9
33585,33585,9
33586,33586,9
33587,33587,9
33588,33588,9
33589,33589,9
33590,33590,9
33591,33591,9
33592,33592,9
33593,33593,9
33594,33594,9
33595,33595,9
33596,33596,9
33597,33597,9
33598,33598,9
33599,33599,9
33600,33600,9
33601,33601,9
33602,33602,9
33603,33603,3
33604,33604,3
33605,33605,3
33606,33606,3
33607,33607,3
33608,33608,3
33609,33609,3
33610,33610,3
33611,33611,3
33612,33612,3
33613,33613,9
33614,33614,9
33615,33615,9
33616,33616,9
33617,33617,9
33618,33618,9
33619,33619,9
33620,33620,9
33621,33621,9
33622,33622,9
33623,33623,9
33624,33624,9
33625,33625,9
33626,33626,9
33627,33627,9
33628,33628,9
33629,33629,9
33630,33630,9
33631,33631,9
33632,33632,9
33633,33633,9
33634,33634,9
33635,33635,9
33636,33636,9
33637,33637,9
33638,33638,9
33639,33639,9
33640,33640,9
33641,33641,9
33642,33642,9
33643,33643,9
33644,33644,9
33645,33645,9
33646,33646,9
33647,33647,3
33648,33648,9
33649,33649,9
33650,33650,9
33651,33651,3
33652,33652,9
33653,33653,9
33654,33654,9
33655,33655,9
33656,33656,9
33657,33657,9
33658,33658,9
33659,33659,9
33660,33660,9
33661,33661,9
33662,33662,3
33663,33663,3
33664,33664,3
33665,33665,3
33666,33666,3
33667,33667,3
33668,33668,3
33669,33669,3
33670,33670,3
33671,33671,3
33672,33672,3
33673,33673,3
33674,33674,3
33675,33675,3
33676,33676,9
33677,33677,3
33678,33678,3
33679,33679,3
33680,33680,3
33681,33681,3
33682,33682,3
33683,33683,9
33684,33684,9
33685,33685,9
33686,33686,3
33687,33687,3
33688,33688,3
33689,33689,3
33690,33690,3
33691,33691,3
33692,33692,3
33693,33693,3
33694,33694,3
33695,33695,3
33696,33696,3
33697,33697,3
33698,33698,3
33699,33699,3
33700,33700,3
33701,33701,3
33702,33702,3
33703,33703,9
33704,33704,3
33705,33705,3
33706,33706,3
33707,33707,3
33708,33708,3
33709,33709,3
33710,33710,3
33711,33711,3
33712,33712,9
33713,33713,3
33714,33714,3
33715,33715,3
33716,33716,3
33717,33717,3
33718,33718,3
33719,33719,3
33720,33720,3
33721,33721,3
33722,33722,3
33723,33723,3
33724,33724,3
33725,33725,3
33726,33726,3
33727,33727,3
33728,33728,3
33729,33729,3
33730,33730,3
33731,33731,3
33732,33732,3
33733,33733,3
33734,33734,3
33735,33735,3
33736,33736,3
33737,33737,3
33738,33738,3
33739,33739,3
33740,33740,3
33741,33741,3
33742,33742,3
33743,33743,10
33744,33744,10
33745,33745,3
33746,33746,10
33747,33747,10
33748,33748,3
33749,33749,3
33750,33750,3
33751,33751,10
33752,33752,3
33753,33753,3
33754,33754,3
33755,33755,10
33756,33756,3
33757,33757,3
33758,33758,3
33759,33759,3
33760,33760,3
33761,33761,3
33762,33762,3
33763,33763,10
33764,33764,10
33765,33765,10
33766,33766,10
33767,33767,10
33768,33768,10
33769,33769,10
33770,33770,10
33771,33771,3
33772,33772,10
33773,33773,3
33774,33774,3
33775,33775,3
33776,33776,3
33777,33777,10
33778,33778,10
33779,33779,10
33780,33780,3
33781,33781,10
33782,33782,3
33783,33783,3
33784,33784,3
33785,33785,3
33786,33786,3
33787,33787,3
33788,33788,3
33789,33789,3
33790,33790,3
33791,33791,3
33792,33792,3
33793,33793,3
33794,33794,3
33795,33795,3
33796,33796,3
33797,33797,3
33798,33798,3
33799,33799,3
33800,33800,3
33801,33801,3
33802,33802,3
33803,33803,4
33804,33804,3
33805,33805,3
33806,33806,3
33807,33807,3
33808,33808,3
33809,33809,3
33810,33810,3
33811,33811,3
33812,33812,3
33813,33813,3
33814,33814,3
33815,33815,3
33816,33816,3
33817,33817,3
33818,33818,3
33819,33819,3
33820,33820,3
33821,33821,3
33822,33822,3
33823,33823,3
33824,33824,3
33825,33825,3
33826,33826,3
33827,33827,3
33828,33828,3
33829,33829,3
33830,33830,3
33831,33831,3
33832,33832,3
33833,33833,3
33834,33834,3
33835,33835,3
33836,33836,3
33837,33837,3
33838,33838,3
33839,33839,3
33840,33840,3
33841,33841,3
33842,33842,3
33843,33843,3
33844,33844,3
33845,33845,3
33846,33846,3
33847,33847,3
33848,33848,3
33849,33849,3
33850,33850,3
33851,33851,3
33852,33852,3
33853,33853,3
33854,33854,3
33855,33855,3
33856,33856,3
33857,33857,3
33858,33858,3
33859,33859,3
33860,33860,3
33861,33861,3
33862,33862,3
33863,33863,3
33864,33864,3
33865,33865,3
33866,33866,3
33867,33867,3
33868,33868,3
33869,33869,3
33870,33870,3
33871,33871,3
33872,33872,3
33873,33873,3
33874,33874,3
33875,33875,3
33876,33876,3
33877,33877,3
33878,33878,3
33879,33879,3
33880,33880,3
33881,33881,3
33882,33882,3
33883,33883,3
33884,33884,3
33885,33885,3
33886,33886,3
33887,33887,3
33888,33888,3
33889,33889,3
33890,33890,3
33891,33891,3
33892,33892,3
33893,33893,3
33894,33894,3
33895,33895,3
33896,33896,3
33897,33897,3
33898,33898,3
33899,33899,3
33900,33900,3
33901,33901,3
33902,33902,3
33903,33903,3
33904,33904,3
33905,33905,3
33906,33906,3
33907,33907,3
33908,33908,3
33909,33909,3
33910,33910,3
33911,33911,3
33912,33912,3
33913,33913,3
33914,33914,3
33915,33915,3
33916,33916,3
33917,33917,3
33918,33918,3
33919,33919,3
33920,33920,3
33921,33921,3
33922,33922,3
33923,33923,3
33924,33924,3
33925,33925,3
33926,33926,3
33927,33927,3
33928,33928,3
33929,33929,3
33930,33930,3
33931,33931,3
33932,33932,3
33933,33933,3
33934,33934,3
33935,33935,3
33936,33936,3
33937,33937,3
33938,33938,3
33939,33939,3
33940,33940,3
33941,33941,3
33942,33942,3
33943,33943,3
33944,33944,3
33945,33945,3
33946,33946,3
33947,33947,3
33948,33948,3
33949,33949,3
33950,33950,3
33951,33951,3
33952,33952,3
33953,33953,3
33954,33954,3
33955,33955,3
33956,33956,3
33957,33957,3
33958,33958,3
33959,33959,3
33960,33960,3
33961,33961,3
33962,33962,3
33963,33963,9
33964,33964,9
33965,33965,9
33966,33966,9
33967,33967,9
33968,33968,3
33969,33969,9
33970,33970,3
33971,33971,3
33972,33972,3
33973,33973,3
33974,33974,3
33975,33975,3
33976,33976,3
33977,33977,3
33978,33978,3
33979,33979,3
33980,33980,3
33981,33981,3
33982,33982,3
33983,33983,3
33984,33984,3
33985,33985,3
33986,33986,3
33987,33987,3
33988,33988,3
33989,33989,3
33990,33990,3
33991,33991,3
33992,33992,3
33993,33993,3
33994,33994,3
33995,33995,3
33996,33996,3
33997,33997,3
33998,33998,3
33999,33999,3
34000,34000,3
34001,34001,3
34002,34002,3
34003,34003,3
34004,34004,3
34005,34005,3
34006,34006,3
34007,34007,3
34008,34008,3
34009,34009,3
34010,34010,3
34011,34011,3
34012,34012,3
34013,34013,3
34014,34014,3
34015,34015,3
34016,34016,3
34017,34017,3
34018,34018,3
34019,34019,3
34020,34020,3
34021,34021,3
34022,34022,3
34023,34023,3
34024,34024,3
34025,34025,3
34026,34026,3
34027,34027,3
34028,34028,3
34029,34029,3
34030,34030,3
34031,34031,3
34032,34032,3
34033,34033,3
34034,34034,3
34035,34035,3
34036,34036,3
34037,34037,3
34038,34038,3
34039,34039,3
34040,34040,3
34041,34041,3
34042,34042,3
34043,34043,3
34044,34044,3
34045,34045,3
34046,34046,3
34047,34047,3
34048,34048,3
34049,34049,3
34050,34050,3
34051,34051,3
34052,34052,3
34053,34053,3
34054,34054,3
34055,34055,3
34056,34056,3
34057,34057,3
34058,34058,3
34059,34059,3
34060,34060,3
34061,34061,3
34062,34062,3
34063,34063,3
34064,34064,3
34065,34065,3
34066,34066,3
34067,34067,3
34068,34068,3
34069,34069,3
34070,34070,3
34071,34071,3
34072,34072,3
34073,34073,3
34074,34074,3
34075,34075,3
34076,34076,3
34077,34077,3
34078,34078,3
34079,34079,3
34080,34080,3
34081,34081,3
34082,34082,3
34083,34083,3
34084,34084,3
34085,34085,3
34086,34086,3
34087,34087,3
34088,34088,3
34089,34089,3
34090,34090,3
34091,34091,3
34092,34092,3
34093,34093,3
34094,34094,3
34095,34095,3
34096,34096,3
34097,34097,3
34098,34098,3
34099,34099,3
34100,34100,3
34101,34101,3
34102,34102,3
34103,34103,3
34104,34104,3
34105,34105,3
34106,34106,3
34107,34107,3
34108,34108,3
34109,34109,3
34110,34110,3
34111,34111,3
34112,34112,3
34113,34113,3
34114,34114,3
34115,34115,3
34116,34116,3
34117,34117,3
34118,34118,3
34119,34119,3
34120,34120,3
34121,34121,3
34122,34122,3
34123,34123,3
34124,34124,3
34125,34125,3
34126,34126,3
34127,34127,3
34128,34128,3
34129,34129,3
34130,34130,3
34131,34131,3
34132,34132,3
34133,34133,3
34134,34134,3
34135,34135,3
34136,34136,3
34137,34137,3
34138,34138,3
34139,34139,3
34140,34140,3
34141,34141,3
34142,34142,3
34143,34143,3
34144,34144,3
34145,34145,3
34146,34146,3
34147,34147,3
34148,34148,3
34149,34149,3
34150,34150,3
34151,34151,3
34152,34152,3
34153,34153,3
34154,34154,3
34155,34155,3
34156,34156,3
34157,34157,3
34158,34158,3
34159,34159,1
34160,34160,1
34161,34161,1
34162,34162,3
34163,34163,1
34164,34164,1
34165,34165,1
34166,34166,1
34167,34167,1
34168,34168,6
34169,34169,1
34170,34170,6
34171,34171,6
34172,34172,6
34173,34173,6
34174,34174,6
34175,34175,6
34176,34176,6
34177,34177,6
34178,34178,6
34179,34179,1
34180,34180,6
34181,34181,6
34182,34182,1
34183,34183,1
34184,34184,6
34185,34185,6
34186,34186,6
34187,34187,1
34188,34188,1
34189,34189,1
34190,34190,1
34191,34191,1
34192,34192,1
34193,34193,1
34194,34194,1
34195,34195,1
34196,34196,1
34197,34197,1
34198,34198,1
34199,34199,1
34200,34200,1
34201,34201,1
34202,34202,1
34203,34203,1
34204,34204,1
34205,34205,1
34206,34206,1
34207,34207,1
34208,34208,1
34209,34209,6
34210,34210,6
34211,34211,1
34212,34212,1
34213,34213,1
34214,34214,1
34215,34215,1
34216,34216,1
34217,34217,6
34218,34218,1
34219,34219,1
34220,34220,1
34221,34221,1
34222,34222,1
34223,34223,3
34224,34224,3
34225,34225,3
34226,34226,3
34227,34227,3
34228,34228,3
34229,34229,3
34230,34230,3
34231,34231,3
34232,34232,3
34233,34233,3
34234,34234,3
34235,34235,3
34236,34236,3
34237,34237,3
34238,34238,3
34239,34239,3
34240,34240,6
34241,34241,3
34242,34242,3
34243,34243,3
34244,34244,3
34245,34245,3
34246,34246,3
34247,34247,6
34248,34248,6
34249,34249,6
34250,34250,3
34251,34251,3
34252,34252,6
34253,34253,6
34254,34254,6
34255,34255,6
34256,34256,6
34257,34257,6
34258,34258,6
34259,34259,6
34260,34260,6
34261,34261,6
34262,34262,3
34263,34263,3
34264,34264,3
34265,34265,3
34266,34266,3
34267,34267,3
34268,34268,3
34269,34269,3
34270,34270,3
34271,34271,3
34272,34272,3
34273,34273,3
34274,34274,3
34275,34275,3
34276,34276,3
34277,34277,3
34278,34278,3
34279,34279,3
34280,34280,3
34281,34281,3
34282,34282,3
34283,34283,3
34284,34284,3
34285,34285,3
34286,34286,3
34287,34287,3
34288,34288,3
34289,34289,3
34290,34290,3
34291,34291,3
34292,34292,3
34293,34293,3
34294,34294,3
34295,34295,3
34296,34296,3
34297,34297,3
34298,34298,3
34299,34299,3
34300,34300,3
34301,34301,3
34302,34302,3
34303,34303,3
34304,34304,3
34305,34305,3
34306,34306,3
34307,34307,4
34308,34308,4
34309,34309,3
34310,34310,3
34311,34311,3
34312,34312,3
34313,34313,3
34314,34314,3
34315,34315,3
34316,34316,3
34317,34317,3
34318,34318,3
34319,34319,3
34320,34320,3
34321,34321,3
34322,34322,3
34323,34323,3
34324,34324,3
34325,34325,3
34326,34326,3
34327,34327,3
34328,34328,3
34329,34329,3
34330,34330,3
34331,34331,3
34332,34332,3
34333,34333,3
34334,34334,3
34335,34335,3
34336,34336,3
34337,34337,3
34338,34338,3
34339,34339,3
34340,34340,3
34341,34341,3
34342,34342,3
34343,34343,3
34344,34344,3
34345,34345,3
34346,34346,3
34347,34347,3
34348,34348,3
34349,34349,3
34350,34350,3
34351,34351,3
34352,34352,3
34353,34353,3
34354,34354,3
34355,34355,3
34356,34356,3
34357,34357,3
34358,34358,3
34359,34359,3
34360,34360,3
34361,34361,3
34362,34362,3
34363,34363,3
34364,34364,3
34365,34365,3
34366,34366,3
34367,34367,3
34368,34368,3
34369,34369,3
34370,34370,3
34371,34371,3
34372,34372,3
34373,34373,3
34374,34374,3
34375,34375,3
34376,34376,3
34377,34377,3
34378,34378,3
34379,34379,3
34380,34380,3
34381,34381,3
34382,34382,3
34383,34383,3
34384,34384,3
34385,34385,3
34386,34386,3
34387,34387,3
34388,34388,3
34389,34389,3
34390,34390,3
34391,34391,3
34392,34392,3
34393,34393,3
34394,34394,3
34395,34395,3
34396,34396,3
34397,34397,3
34398,34398,3
34399,34399,3
34400,34400,3
34401,34401,3
34402,34402,3
34403,34403,3
34404,34404,3
34405,34405,3
34406,34406,3
34407,34407,3
34408,34408,3
34409,34409,3
34410,34410,3
34411,34411,3
34412,34412,3
34413,34413,3
34414,34414,3
34415,34415,3
34416,34416,3
34417,34417,3
34418,34418,3
34419,34419,3
34420,34420,3
34421,34421,3
34422,34422,3
34423,34423,3
34424,34424,3
34425,34425,3
34426,34426,3
34427,34427,3
34428,34428,3
34429,34429,3
34430,34430,3
34431,34431,3
34432,34432,3
34433,34433,3
34434,34434,3
34435,34435,3
34436,34436,3
34437,34437,3
34438,34438,3
34439,34439,3
34440,34440,3
34441,34441,3
34442,34442,3
34443,34443,3
34444,34444,3
34445,34445,3
34446,34446,3
34447,34447,3
34448,34448,3
34449,34449,3
34450,34450,3
34451,34451,3
34452,34452,3
34453,34453,3
34454,34454,3
34455,34455,3
34456,34456,3
34457,34457,3
34458,34458,3
34459,34459,3
34460,34460,3
34461,34461,3
34462,34462,3
34463,34463,3
34464,34464,3
34465,34465,3
34466,34466,3
34467,34467,3
34468,34468,3
34469,34469,3
34470,34470,3
34471,34471,3
34472,34472,3
34473,34473,3
34474,34474,3
34475,34475,3
34476,34476,3
34477,34477,3
34478,34478,3
34479,34479,10
34480,34480,10
34481,34481,10
34482,34482,10
34483,34483,10
34484,34484,10
34485,34485,10
34486,34486,3
34487,34487,10
34488,34488,10
34489,34489,10
34490,34490,10
34491,34491,10
34492,34492,10
34493,34493,10
34494,34494,10
34495,34495,10
34496,34496,3
34497,34497,3
34498,34498,3
34499,34499,3
34500,34500,3
34501,34501,3
34502,34502,3
34503,34503,3
34504,34504,3
34505,34505,3
34506,34506,10
34507,34507,10
34508,34508,10
34509,34509,10
34510,34510,10
34511,34511,10
34512,34512,10
34513,34513,3
34514,34514,10
34515,34515,10
34516,34516,10
34517,34517,10
34518,34518,10
34519,34519,10
34520,34520,10
34521,34521,10
34522,34522,10
34523,34523,10
34524,34524,10
34525,34525,10
34526,34526,10
34527,34527,10
34528,34528,10
34529,34529,10
34530,34530,10
34531,34531,10
34532,34532,10
34533,34533,10
34534,34534,10
34535,34535,10
34536,34536,10
34537,34537,10
34538,34538,3
34539,34539,10
34540,34540,10
34541,34541,10
34542,34542,3
34543,34543,10
34544,34544,10
34545,34545,10
34546,34546,10
34547,34547,10
34548,34548,10
34549,34549,10
34550,34550,10
34551,34551,10
34552,34552,10
34553,34553,10
34554,34554,10
34555,34555,10
34556,34556,10
34557,34557,10
34558,34558,10
34559,34559,10
34560,34560,10
34561,34561,10
34562,34562,10
34563,34563,10
34564,34564,10
34565,34565,10
34566,34566,3
34567,34567,3
34568,34568,3
34569,34569,3
34570,34570,3
34571,34571,3
34572,34572,3
34573,34573,3
34574,34574,3
34575,34575,3
34576,34576,3
34577,34577,3
34578,34578,3
34579,34579,3
34580,34580,3
34581,34581,3
34582,34582,3
34583,34583,3
34584,34584,3
34585,34585,3
34586,34586,3
34587,34587,3
34588,34588,3
34589,34589,3
34590,34590,3
34591,34591,3
34592,34592,3
34593,34593,3
34594,34594,3
34595,34595,3
34596,34596,3
34597,34597,3
34598,34598,3
34599,34599,3
34600,34600,3
34601,34601,3
34602,34602,3
34603,34603,3
34604,34604,3
34605,34605,3
34606,34606,3
34607,34607,3
34608,34608,3
34609,34609,3
34610,34610,3
34611,34611,3
34612,34612,3
34613,34613,3
34614,34614,3
34615,34615,3
34616,34616,3
34617,34617,3
34618,34618,3
34619,34619,3
34620,34620,3
34621,34621,3
34622,34622,3
34623,34623,10
34624,34624,10
34625,34625,3
34626,34626,3
34627,34627,3
34628,34628,3
34629,34629,10
34630,34630,3
34631,34631,3
34632,34632,3
34633,34633,3
34634,34634,3
34635,34635,3
34636,34636,3
34637,34637,3
34638,34638,3
34639,34639,3
34640,34640,3
34641,34641,3
34642,34642,3
34643,34643,3
34644,34644,3
34645,34645,3
34646,34646,3
34647,34647,3
34648,34648,3
34649,34649,3
34650,34650,3
34651,34651,3
34652,34652,3
34653,34653,3
34654,34654,3
34655,34655,3
34656,34656,3
34657,34657,3
34658,34658,3
34659,34659,3
34660,34660,3
34661,34661,3
34662,34662,3
34663,34663,3
34664,34664,3
34665,34665,3
34666,34666,3
34667,34667,3
34668,34668,3
34669,34669,3
34670,34670,10
34671,34671,10
34672,34672,10
34673,34673,10
34674,34674,10
34675,34675,10
34676,34676,10
34677,34677,3
34678,34678,10
34679,34679,10
34680,34680,10
34681,34681,3
34682,34682,10
34683,34683,10
34684,34684,3
34685,34685,10
34686,34686,10
34687,34687,10
34688,34688,10
34689,34689,3
34690,34690,3
34691,34691,10
34692,34692,3
34693,34693,10
34694,34694,10
34695,34695,3
34696,34696,3
34697,34697,3
34698,34698,10
34699,34699,3
34700,34700,3
34701,34701,3
34702,34702,10
34703,34703,10
34704,34704,3
34705,34705,3
34706,34706,10
34707,34707,10
34708,34708,10
34709,34709,10
34710,34710,10
34711,34711,10
34712,34712,10
34713,34713,10
34714,34714,10
34715,34715,10
34716,34716,10
34717,34717,10
34718,34718,10
34719,34719,10
34720,34720,10
34721,34721,10
34722,34722,10
34723,34723,10
34724,34724,10
34725,34725,10
34726,34726,10
34727,34727,10
34728,34728,10
34729,34729,10
34730,34730,10
34731,34731,10
34732,34732,10
34733,34733,10
34734,34734,10
34735,34735,10
34736,34736,10
34737,34737,10
34738,34738,10
34739,34739,10
34740,34740,10
34741,34741,10
34742,34742,10
34743,34743,10
34744,34744,10
34745,34745,10
34746,34746,10
34747,34747,10
34748,34748,10
34749,34749,10
34750,34750,10
34751,34751,10
34752,34752,10
34753,34753,10
34754,34754,10
34755,34755,10
34756,34756,10
34757,34757,10
34758,34758,10
34759,34759,10
34760,34760,10
34761,34761,10
34762,34762,10
34763,34763,10
34764,34764,10
34765,34765,10
34766,34766,10
34767,34767,10
34768,34768,10
34769,34769,10
34770,34770,10
34771,34771,10
34772,34772,10
34773,34773,10
34774,34774,10
34775,34775,10
34776,34776,10
34777,34777,10
34778,34778,10
34779,34779,10
34780,34780,10
34781,34781,10
34782,34782,10
34783,34783,10
34784,34784,10
34785,34785,10
34786,34786,10
34787,34787,10
34788,34788,10
34789,34789,10
34790,34790,10
34791,34791,10
34792,34792,10
34793,34793,10
34794,34794,10
34795,34795,10
34796,34796,10
34797,34797,10
34798,34798,10
34799,34799,10
34800,34800,10
34801,34801,10
34802,34802,10
34803,34803,10
34804,34804,10
34805,34805,10
34806,34806,10
34807,34807,10
34808,34808,10
34809,34809,10
34810,34810,10
34811,34811,10
34812,34812,10
34813,34813,10
34814,34814,10
34815,34815,10
34816,34816,10
34817,34817,10
34818,34818,10
34819,34819,10
34820,34820,10
34821,34821,10
34822,34822,10
34823,34823,10
34824,34824,10
34825,34825,10
34826,34826,10
34827,34827,10
34828,34828,10
34829,34829,10
34830,34830,10
34831,34831,10
34832,34832,10
34833,34833,10
34834,34834,10
34835,34835,10
34836,34836,10
34837,34837,10
34838,34838,10
34839,34839,10
34840,34840,10
34841,34841,10
34842,34842,10
34843,34843,10
34844,34844,10
34845,34845,10
34846,34846,10
34847,34847,10
34848,34848,10
34849,34849,10
34850,34850,10
34851,34851,10
34852,34852,10
34853,34853,10
34854,34854,10
34855,34855,10
34856,34856,10
34857,34857,10
34858,34858,10
34859,34859,10
34860,34860,10
34861,34861,10
34862,34862,10
34863,34863,10
34864,34864,10
34865,34865,10
34866,34866,8
34867,34867,8
34868,34868,8
34869,34869,8
34870,34870,8
34871,34871,8
34872,34872,8
34873,34873,8
34874,34874,8
34875,34875,8
34876,34876,8
34877,34877,8
34878,34878,8
34879,34879,8
34880,34880,8
34881,34881,8
34882,34882,8
34883,34883,8
34884,34884,8
34885,34885,8
34886,34886,8
34887,34887,8
34888,34888,8
34889,34889,8
34890,34890,8
34891,34891,8
34892,34892,8
34893,34893,8
34894,34894,8
34895,34895,8
34896,34896,8
34897,34897,8
34898,34898,8
34899,34899,8
34900,34900,8
34901,34901,8
34902,34902,8
34903,34903,8
34904,34904,8
34905,34905,8
34906,34906,8
34907,34907,8
34908,34908,8
34909,34909,8
34910,34910,8
34911,34911,8
34912,34912,8
34913,34913,8
34914,34914,8
34915,34915,8
34916,34916,8
34917,34917,8
34918,34918,8
34919,34919,8
34920,34920,8
34921,34921,8
34922,34922,8
34923,34923,8
34924,34924,8
34925,34925,8
34926,34926,8
34927,34927,8
34928,34928,8
34929,34929,8
34930,34930,7
34931,34931,8
34932,34932,7
34933,34933,7
34934,34934,8
34935,34935,8
34936,34936,8
34937,34937,7
34938,34938,7
34939,34939,7
34940,34940,7
34941,34941,7
34942,34942,8
34943,34943,8
34944,34944,8
34945,34945,8
34946,34946,8
34947,34947,8
34948,34948,7
34949,34949,8
34950,34950,8
34951,34951,8
34952,34952,8
34953,34953,7
34954,34954,7
34955,34955,7
34956,34956,7
34957,34957,7
34958,34958,7
34959,34959,7
34960,34960,7
34961,34961,7
34962,34962,7
34963,34963,7
34964,34964,7
34965,34965,7
34966,34966,7
34967,34967,7
34968,34968,7
34969,34969,7
34970,34970,7
34971,34971,7
34972,34972,7
34973,34973,7
34974,34974,7
34975,34975,7
34976,34976,7
34977,34977,7
34978,34978,8
34979,34979,8
34980,34980,8
34981,34981,8
34982,34982,8
34983,34983,8
34984,34984,8
34985,34985,8
34986,34986,8
34987,34987,8
34988,34988,8
34989,34989,8
34990,34990,7
34991,34991,8
34992,34992,7
34993,34993,7
34994,34994,8
34995,34995,7
34996,34996,7
34997,34997,8
34998,34998,8
34999,34999,7
35000,35000,7
35001,35001,7
35002,35002,7
35003,35003,8
35004,35004,7
35005,35005,8
35006,35006,7
35007,35007,8
35008,35008,7
35009,35009,8
35010,35010,8
35011,35011,8
35012,35012,8
35013,35013,8
35014,35014,8
35015,35015,8
35016,35016,8
35017,35017,8
35018,35018,8
35019,35019,8
35020,35020,8
35021,35021,8
35022,35022,8
35023,35023,8
35024,35024,8
35025,35025,8
35026,35026,8
35027,35027,8
35028,35028,8
35029,35029,8
35030,35030,8
35031,35031,8
35032,35032,8
35033,35033,8
35034,35034,8
35035,35035,8
35036,35036,8
35037,35037,8
35038,35038,8
35039,35039,8
35040,35040,8
35041,35041,8
35042,35042,8
35043,35043,8
35044,35044,8
35045,35045,8
35046,35046,8
35047,35047,8
35048,35048,8
35049,35049,8
35050,35050,8
35051,35051,8
35052,35052,8
35053,35053,8
35054,35054,8
35055,35055,8
35056,35056,8
35057,35057,8
35058,35058,8
35059,35059,8
35060,35060,8
35061,35061,8
35062,35062,8
35063,35063,8
35064,35064,8
35065,35065,8
35066,35066,8
35067,35067,8
35068,35068,8
35069,35069,8
35070,35070,8
35071,35071,8
35072,35072,8
35073,35073,8
35074,35074,8
35075,35075,8
35076,35076,8
35077,35077,8
35078,35078,8
35079,35079,8
35080,35080,8
35081,35081,8
35082,35082,8
35083,35083,8
35084,35084,8
35085,35085,8
35086,35086,8
35087,35087,8
35088,35088,8
35089,35089,8
35090,35090,8
35091,35091,8
35092,35092,8
35093,35093,8
35094,35094,8
35095,35095,8
35096,35096,8
35097,35097,8
35098,35098,8
35099,35099,8
35100,35100,8
35101,35101,8
35102,35102,8
35103,35103,8
35104,35104,8
35105,35105,8
35106,35106,8
35107,35107,8
35108,35108,8
35109,35109,8
35110,35110,8
35111,35111,8
35112,35112,8
35113,35113,8
35114,35114,8
35115,35115,8
35116,35116,8
35117,35117,8
35118,35118,8
35119,35119,8
35120,35120,8
35121,35121,8
35122,35122,8
35123,35123,8
35124,35124,8
35125,35125,8
35126,35126,8
35127,35127,8
35128,35128,8
35129,35129,8
35130,35130,8
35131,35131,8
35132,35132,8
35133,35133,8
35134,35134,8
35135,35135,8
35136,35136,8
35137,35137,8
35138,35138,8
35139,35139,8
35140,35140,8
35141,35141,8
35142,35142,8
35143,35143,8
35144,35144,8
35145,35145,8
35146,35146,8
35147,35147,8
35148,35148,8
35149,35149,8
35150,35150,8
35151,35151,8
35152,35152,8
35153,35153,8
35154,35154,8
35155,35155,8
35156,35156,8
35157,35157,8
35158,35158,8
35159,35159,8
35160,35160,8
35161,35161,8
35162,35162,8
35163,35163,8
35164,35164,8
35165,35165,8
35166,35166,8
35167,35167,8
35168,35168,8
35169,35169,8
35170,35170,8
35171,35171,8
35172,35172,8
35173,35173,8
35174,35174,8
35175,35175,8
35176,35176,8
35177,35177,8
35178,35178,8
35179,35179,8
35180,35180,8
35181,35181,8
35182,35182,8
35183,35183,8
35184,35184,8
35185,35185,8
35186,35186,8
35187,35187,8
35188,35188,8
35189,35189,8
35190,35190,8
35191,35191,8
35192,35192,8
35193,35193,8
35194,35194,8
35195,35195,8
35196,35196,8
35197,35197,8
35198,35198,8
35199,35199,8
35200,35200,8
35201,35201,8
35202,35202,8
35203,35203,8
35204,35204,8
35205,35205,8
35206,35206,8
35207,35207,8
35208,35208,8
35209,35209,8
35210,35210,8
35211,35211,8
35212,35212,2
35213,35213,2
35214,35214,2
35215,35215,2
35216,35216,0
35217,35217,7
35218,35218,7
35219,35219,7
35220,35220,7
35221,35221,7
35222,35222,7
35223,35223,7
35224,35224,0
35225,35225,7
35226,35226,7
35227,35227,7
35228,35228,7
35229,35229,7
35230,35230,7
35231,35231,7
35232,35232,7
35233,35233,7
35234,35234,7
35235,35235,8
35236,35236,0
35237,35237,8
35238,35238,7
35239,35239,7
35240,35240,7
35241,35241,7
35242,35242,7
35243,35243,7
35244,35244,2
35245,35245,7
35246,35246,2
35247,35247,2
35248,35248,2
35249,35249,2
35250,35250,2
35251,35251,2
35252,35252,2
35253,35253,7
35254,35254,2
35255,35255,2
35256,35256,2
35257,35257,2
35258,35258,2
35259,35259,2
35260,35260,2
35261,35261,2
35262,35262,2
35263,35263,2
35264,35264,2
35265,35265,2
35266,35266,2
35267,35267,2
35268,35268,2
35269,35269,2
35270,35270,2
35271,35271,2
35272,35272,2
35273,35273,2
35274,35274,2
35275,35275,2
35276,35276,2
35277,35277,2
35278,35278,2
35279,35279,2
35280,35280,2
35281,35281,2
35282,35282,2
35283,35283,2
35284,35284,2
35285,35285,2
35286,35286,2
35287,35287,2
35288,35288,2
35289,35289,2
35290,35290,2
35291,35291,2
35292,35292,2
35293,35293,2
35294,35294,2
35295,35295,2
35296,35296,3
35297,35297,3
35298,35298,3
35299,35299,3
35300,35300,3
35301,35301,3
35302,35302,1
35303,35303,1
35304,35304,1
35305,35305,3
35306,35306,3
35307,35307,1
35308,35308,1
35309,35309,3
35310,35310,1
35311,35311,3
35312,35312,1
35313,35313,1
35314,35314,1
35315,35315,1
35316,35316,3
35317,35317,3
35318,35318,3
35319,35319,3
35320,35320,3
35321,35321,3
35322,35322,3
35323,35323,3
35324,35324,3
35325,35325,3
35326,35326,1
35327,35327,1
35328,35328,1
35329,35329,3
35330,35330,1
35331,35331,1
35332,35332,1
35333,35333,1
35334,35334,1
35335,35335,3
35336,35336,1
35337,35337,1
35338,35338,1
35339,35339,1
35340,35340,1
35341,35341,1
35342,35342,3
35343,35343,1
35344,35344,1
35345,35345,1
35346,35346,3
35347,35347,3
35348,35348,3
35349,35349,3
35350,35350,3
35351,35351,3
35352,35352,3
35353,35353,3
35354,35354,3
35355,35355,3
35356,35356,1
35357,35357,1
35358,35358,3
35359,35359,3
35360,35360,3
35361,35361,3
35362,35362,3
35363,35363,3
35364,35364,1
35365,35365,1
35366,35366,3
35367,35367,3
35368,35368,6
35369,35369,6
35370,35370,8
35371,35371,8
35372,35372,8
35373,35373,8
35374,35374,8
35375,35375,8
35376,35376,8
35377,35377,8
35378,35378,8
35379,35379,8
35380,35380,8
35381,35381,8
35382,35382,8
35383,35383,8
35384,35384,8
35385,35385,8
35386,35386,8
35387,35387,8
35388,35388,8
35389,35389,8
35390,35390,8
35391,35391,8
35392,35392,8
35393,35393,8
35394,35394,8
35395,35395,8
35396,35396,8
35397,35397,8
35398,35398,8
35399,35399,8
35400,35400,8
35401,35401,8
35402,35402,8
35403,35403,8
35404,35404,8
35405,35405,8
35406,35406,8
35407,35407,8
35408,35408,8
35409,35409,8
35410,35410,8
35411,35411,8
35412,35412,8
35413,35413,8
35414,35414,8
35415,35415,8
35416,35416,8
35417,35417,8
35418,35418,8
35419,35419,8
35420,35420,8
35421,35421,8
35422,35422,8
35423,35423,8
35424,35424,8
35425,35425,8
35426,35426,8
35427,35427,8
35428,35428,8
35429,35429,8
35430,35430,8
35431,35431,8
35432,35432,8
35433,35433,8
35434,35434,8
35435,35435,8
35436,35436,8
35437,35437,8
35438,35438,8
35439,35439,8
35440,35440,6
35441,35441,8
35442,35442,8
35443,35443,8
35444,35444,8
35445,35445,8
35446,35446,8
35447,35447,8
35448,35448,6
35449,35449,6
35450,35450,6
35451,35451,8
35452,35452,8
35453,35453,8
35454,35454,8
35455,35455,8
35456,35456,1
35457,35457,6
35458,35458,8
35459,35459,1
35460,35460,8
35461,35461,1
35462,35462,8
35463,35463,8
35464,35464,8
35465,35465,6
35466,35466,6
35467,35467,6
35468,35468,6
35469,35469,6
35470,35470,6
35471,35471,6
35472,35472,6
35473,35473,6
35474,35474,6
35475,35475,6
35476,35476,6
35477,35477,6
35478,35478,6
35479,35479,6
35480,35480,6
35481,35481,6
35482,35482,6
35483,35483,6
35484,35484,6
35485,35485,6
35486,35486,6
35487,35487,6
35488,35488,6
35489,35489,6
35490,35490,6
35491,35491,8
35492,35492,8
35493,35493,8
35494,35494,8
35495,35495,8
35496,35496,8
35497,35497,8
35498,35498,8
35499,35499,8
35500,35500,8
35501,35501,7
35502,35502,7
35503,35503,8
35504,35504,8
35505,35505,8
35506,35506,8
35507,35507,8
35508,35508,8
35509,35509,7
35510,35510,8
35511,35511,8
35512,35512,8
35513,35513,8
35514,35514,8
35515,35515,8
35516,35516,7
35517,35517,7
35518,35518,7
35519,35519,7
35520,35520,7
35521,35521,7
35522,35522,7
35523,35523,7
35524,35524,7
35525,35525,7
35526,35526,7
35527,35527,7
35528,35528,7
35529,35529,7
35530,35530,7
35531,35531,7
35532,35532,7
35533,35533,7
35534,35534,7
35535,35535,7
35536,35536,7
35537,35537,7
35538,35538,7
35539,35539,7
35540,35540,7
35541,35541,7
35542,35542,7
35543,35543,7
35544,35544,7
35545,35545,7
35546,35546,7
35547,35547,7
35548,35548,7
35549,35549,7
35550,35550,7
35551,35551,7
35552,35552,7
35553,35553,7
35554,35554,7
35555,35555,7
35556,35556,7
35557,35557,7
35558,35558,7
35559,35559,7
35560,35560,7
35561,35561,7
35562,35562,7
35563,35563,7
35564,35564,7
35565,35565,7
35566,35566,7
35567,35567,8
35568,35568,8
35569,35569,8
35570,35570,8
35571,35571,8
35572,35572,8
35573,35573,8
35574,35574,8
35575,35575,8
35576,35576,8
35577,35577,8
35578,35578,8
35579,35579,8
35580,35580,8
35581,35581,8
35582,35582,8
35583,35583,8
35584,35584,8
35585,35585,8
35586,35586,8
35587,35587,8
35588,35588,8
35589,35589,8
35590,35590,8
35591,35591,8
35592,35592,8
35593,35593,8
35594,35594,8
35595,35595,8
35596,35596,8
35597,35597,8
35598,35598,8
35599,35599,8
35600,35600,8
35601,35601,8
35602,35602,8
35603,35603,2
35604,35604,2
35605,35605,2
35606,35606,2
35607,35607,2
35608,35608,2
35609,35609,2
35610,35610,2
35611,35611,2
35612,35612,0
35613,35613,0
35614,35614,8
35615,35615,8
35616,35616,8
35617,35617,8
35618,35618,8
35619,35619,8
35620,35620,8
35621,35621,8
35622,35622,0
35623,35623,0
35624,35624,8
35625,35625,8
35626,35626,8
35627,35627,8
35628,35628,8
35629,35629,8
35630,35630,8
35631,35631,8
35632,35632,8
35633,35633,8
35634,35634,8
35635,35635,8
35636,35636,0
35637,35637,0
35638,35638,8
35639,35639,8
35640,35640,8
35641,35641,8
35642,35642,8
35643,35643,8
35644,35644,8
35645,35645,8
35646,35646,8
35647,35647,8
35648,35648,8
35649,35649,8
35650,35650,8
35651,35651,8
35652,35652,7
35653,35653,8
35654,35654,8
35655,35655,8
35656,35656,8
35657,35657,8
35658,35658,8
35659,35659,8
35660,35660,8
35661,35661,8
35662,35662,2
35663,35663,7
35664,35664,7
35665,35665,2
35666,35666,8
35667,35667,8
35668,35668,8
35669,35669,8
35670,35670,8
35671,35671,2
35672,35672,8
35673,35673,8
35674,35674,8
35675,35675,8
35676,35676,8
35677,35677,2
35678,35678,8
35679,35679,8
35680,35680,8
35681,35681,8
35682,35682,0
35683,35683,8
35684,35684,8
35685,35685,8
35686,35686,8
35687,35687,8
35688,35688,8
35689,35689,8
35690,35690,8
35691,35691,8
35692,35692,8
35693,35693,8
35694,35694,8
35695,35695,8
35696,35696,8
35697,35697,8
35698,35698,8
35699,35699,8
35700,35700,8
35701,35701,8
35702,35702,8
35703,35703,8
35704,35704,8
35705,35705,8
35706,35706,8
35707,35707,8
35708,35708,8
35709,35709,8
35710,35710,8
35711,35711,8
35712,35712,8
35713,35713,8
35714,35714,8
35715,35715,8
35716,35716,7
35717,35717,8
35718,35718,7
35719,35719,8
35720,35720,8
35721,35721,7
35722,35722,8
35723,35723,8
35724,35724,8
35725,35725,8
35726,35726,7
35727,35727,8
35728,35728,8
35729,35729,8
35730,35730,8
35731,35731,8
35732,35732,8
35733,35733,8
35734,35734,8
35735,35735,8
35736,35736,0
35737,35737,8
35738,35738,8
35739,35739,0
35740,35740,8
35741,35741,0
35742,35742,8
35743,35743,8
35744,35744,8
35745,35745,8
35746,35746,0
35747,35747,8
35748,35748,0
35749,35749,8
35750,35750,8
35751,35751,8
35752,35752,8
35753,35753,8
35754,35754,8
35755,35755,8
35756,35756,8
35757,35757,8
35758,35758,8
35759,35759,8
35760,35760,8
35761,35761,8
35762,35762,8
35763,35763,8
35764,35764,8
35765,35765,8
35766,35766,8
35767,35767,8
35768,35768,8
35769,35769,8
35770,35770,8
35771,35771,8
35772,35772,8
35773,35773,8
35774,35774,8
35775,35775,8
35776,35776,8
35777,35777,8
35778,35778,8
35779,35779,8
35780,35780,8
35781,35781,8
35782,35782,8
35783,35783,8
35784,35784,8
35785,35785,8
35786,35786,8
35787,35787,8
35788,35788,8
35789,35789,8
35790,35790,8
35791,35791,8
35792,35792,8
35793,35793,8
35794,35794,8
35795,35795,8
35796,35796,8
35797,35797,0
35798,35798,0
35799,35799,0
35800,35800,8
35801,35801,8
35802,35802,8
35803,35803,8
35804,35804,8
35805,35805,8
35806,35806,8
35807,35807,0
35808,35808,0
35809,35809,0
35810,35810,0
35811,35811,0
35812,35812,0
35813,35813,0
35814,35814,0
35815,35815,0
35816,35816,0
35817,35817,0
35818,35818,8
35819,35819,8
35820,35820,8
35821,35821,8
35822,35822,8
35823,35823,8
35824,35824,8
35825,35825,8
35826,35826,8
35827,35827,8
35828,35828,8
35829,35829,8
35830,35830,8
35831,35831,8
35832,35832,8
35833,35833,8
35834,35834,8
35835,35835,8
35836,35836,8
35837,35837,8
35838,35838,8
35839,35839,8
35840,35840,8
35841,35841,8
35842,35842,8
35843,35843,8
35844,35844,8
35845,35845,7
35846,35846,7
35847,35847,7
35848,35848,7
35849,35849,7
35850,35850,7
35851,35851,7
35852,35852,7
35853,35853,7
35854,35854,7
35855,35855,7
35856,35856,7
35857,35857,7
35858,35858,7
35859,35859,7
35860,35860,7
35861,35861,7
35862,35862,7
35863,35863,7
35864,35864,7
35865,35865,7
35866,35866,7
35867,35867,7
35868,35868,7
35869,35869,7
35870,35870,7
35871,35871,7
35872,35872,7
35873,35873,7
35874,35874,7
35875,35875,7
35876,35876,7
35877,35877,7
35878,35878,7
35879,35879,7
35880,35880,7
35881,35881,7
35882,35882,7
35883,35883,7
35884,35884,7
35885,35885,7
35886,35886,7
35887,35887,7
35888,35888,7
35889,35889,7
35890,35890,7
35891,35891,7
35892,35892,7
35893,35893,7
35894,35894,7
35895,35895,7
35896,35896,7
35897,35897,7
35898,35898,7
35899,35899,7
35900,35900,7
35901,35901,7
35902,35902,7
35903,35903,7
35904,35904,7
35905,35905,7
35906,35906,7
35907,35907,7
35908,35908,7
35909,35909,7
35910,35910,7
35911,35911,7
35912,35912,7
35913,35913,7
35914,35914,7
35915,35915,7
35916,35916,7
35917,35917,7
35918,35918,7
35919,35919,7
35920,35920,7
35921,35921,7
35922,35922,7
35923,35923,7
35924,35924,7
35925,35925,7
35926,35926,7
35927,35927,7
35928,35928,7
35929,35929,7
35930,35930,7
35931,35931,7
35932,35932,7
35933,35933,7
35934,35934,7
35935,35935,7
35936,35936,7
35937,35937,7
35938,35938,7
35939,35939,7
35940,35940,7
35941,35941,7
35942,35942,7
35943,35943,7
35944,35944,7
35945,35945,7
35946,35946,7
35947,35947,7
35948,35948,7
35949,35949,7
35950,35950,7
35951,35951,7
35952,35952,7
35953,35953,7
35954,35954,7
35955,35955,7
35956,35956,7
35957,35957,7
35958,35958,7
35959,35959,7
35960,35960,7
35961,35961,7
35962,35962,7
35963,35963,7
35964,35964,7
35965,35965,7
35966,35966,7
35967,35967,7
35968,35968,7
35969,35969,7
35970,35970,7
35971,35971,7
35972,35972,7
35973,35973,7
35974,35974,7
35975,35975,7
35976,35976,7
35977,35977,7
35978,35978,7
35979,35979,7
35980,35980,7
35981,35981,7
35982,35982,7
35983,35983,7
35984,35984,7
35985,35985,7
35986,35986,7
35987,35987,7
35988,35988,7
35989,35989,7
35990,35990,7
35991,35991,7
35992,35992,7
35993,35993,7
35994,35994,7
35995,35995,7
35996,35996,7
35997,35997,7
35998,35998,7
35999,35999,7
36000,36000,7
36001,36001,7
36002,36002,7
36003,36003,7
36004,36004,7
36005,36005,7
36006,36006,7
36007,36007,7
36008,36008,7
36009,36009,7
36010,36010,7
36011,36011,7
36012,36012,7
36013,36013,7
36014,36014,7
36015,36015,7
36016,36016,7
36017,36017,7
36018,36018,8
36019,36019,8
36020,36020,8
36021,36021,7
36022,36022,7
36023,36023,7
36024,36024,7
36025,36025,7
36026,36026,7
36027,36027,7
36028,36028,8
36029,36029,6
36030,36030,6
36031,36031,6
36032,36032,6
36033,36033,6
36034,36034,8
36035,36035,6
36036,36036,6
36037,36037,6
36038,36038,8
36039,36039,7
36040,36040,7
36041,36041,8
36042,36042,8
36043,36043,7
36044,36044,7
36045,36045,7
36046,36046,7
36047,36047,8
36048,36048,1
36049,36049,1
36050,36050,1
36051,36051,6
36052,36052,1
36053,36053,6
36054,36054,6
36055,36055,1
36056,36056,1
36057,36057,1
36058,36058,1
36059,36059,7
36060,36060,8
36061,36061,8
36062,36062,7
36063,36063,8
36064,36064,8
36065,36065,1
36066,36066,7
36067,36067,1
36068,36068,6
36069,36069,6
36070,36070,6
36071,36071,6
36072,36072,6
36073,36073,6
36074,36074,1
36075,36075,1
36076,36076,1
36077,36077,6
36078,36078,1
36079,36079,1
36080,36080,1
36081,36081,1
36082,36082,1
36083,36083,1
36084,36084,1
36085,36085,1
36086,36086,1
36087,36087,1
36088,36088,1
36089,36089,7
36090,36090,7
36091,36091,7
36092,36092,8
36093,36093,1
36094,36094,1
36095,36095,1
36096,36096,1
36097,36097,1
36098,36098,1
36099,36099,1
36100,36100,1
36101,36101,1
36102,36102,1
36103,36103,1
36104,36104,1
36105,36105,1
36106,36106,1
36107,36107,1
36108,36108,1
36109,36109,1
36110,36110,1
36111,36111,1
36112,36112,1
36113,36113,1
36114,36114,1
36115,36115,1
36116,36116,1
36117,36117,1
36118,36118,1
36119,36119,1
36120,36120,1
36121,36121,1
36122,36122,1
36123,36123,1
36124,36124,1
36125,36125,1
36126,36126,1
36127,36127,1
36128,36128,1
36129,36129,1
36130,36130,1
36131,36131,1
36132,36132,1
36133,36133,1
36134,36134,1
36135,36135,1
36136,36136,1
36137,36137,1
36138,36138,1
36139,36139,1
36140,36140,1
36141,36141,1
36142,36142,1
36143,36143,1
36144,36144,1
36145,36145,1
36146,36146,1
36147,36147,1
36148,36148,1
36149,36149,1
36150,36150,1
36151,36151,1
36152,36152,1
36153,36153,1
36154,36154,1
36155,36155,10
36156,36156,10
36157,36157,10
36158,36158,10
36159,36159,10
36160,36160,10
36161,36161,10
36162,36162,10
36163,36163,10
36164,36164,10
36165,36165,10
36166,36166,10
36167,36167,10
36168,36168,10
36169,36169,10
36170,36170,10
36171,36171,10
36172,36172,10
36173,36173,10
36174,36174,10
36175,36175,10
36176,36176,10
36177,36177,10
36178,36178,10
36179,36179,10
36180,36180,10
36181,36181,10
36182,36182,10
36183,36183,10
36184,36184,10
36185,36185,10
36186,36186,10
36187,36187,10
36188,36188,10
36189,36189,10
36190,36190,10
36191,36191,10
36192,36192,10
36193,36193,10
36194,36194,10
36195,36195,10
36196,36196,10
36197,36197,10
36198,36198,10
36199,36199,8
36200,36200,8
36201,36201,8
36202,36202,8
36203,36203,8
36204,36204,8
36205,36205,8
36206,36206,8
36207,36207,8
36208,36208,8
36209,36209,8
36210,36210,8
36211,36211,8
36212,36212,8
36213,36213,8
36214,36214,8
36215,36215,8
36216,36216,8
36217,36217,8
36218,36218,8
36219,36219,8
36220,36220,8
36221,36221,8
36222,36222,8
36223,36223,8
36224,36224,8
36225,36225,8
36226,36226,8
36227,36227,8
36228,36228,8
36229,36229,8
36230,36230,8
36231,36231,8
36232,36232,8
36233,36233,8
36234,36234,8
36235,36235,8
36236,36236,8
36237,36237,8
36238,36238,8
36239,36239,8
36240,36240,8
36241,36241,8
36242,36242,8
36243,36243,8
36244,36244,8
36245,36245,8
36246,36246,8
36247,36247,8
36248,36248,8
36249,36249,8
36250,36250,8
36251,36251,8
36252,36252,8
36253,36253,8
36254,36254,8
36255,36255,8
36256,36256,8
36257,36257,8
36258,36258,8
36259,36259,8
36260,36260,8
36261,36261,8
36262,36262,8
36263,36263,8
36264,36264,8
36265,36265,8
36266,36266,8
36267,36267,8
36268,36268,8
36269,36269,8
36270,36270,8
36271,36271,8
36272,36272,8
36273,36273,8
36274,36274,8
36275,36275,8
36276,36276,8
36277,36277,8
36278,36278,8
36279,36279,8
36280,36280,8
36281,36281,8
36282,36282,8
36283,36283,8
36284,36284,8
36285,36285,8
36286,36286,8
36287,36287,8
36288,36288,8
36289,36289,8
36290,36290,8
36291,36291,8
36292,36292,8
36293,36293,8
36294,36294,8
36295,36295,8
36296,36296,8
36297,36297,8
36298,36298,8
36299,36299,8
36300,36300,8
36301,36301,8
36302,36302,8
36303,36303,8
36304,36304,8
36305,36305,8
36306,36306,8
36307,36307,8
36308,36308,8
36309,36309,8
36310,36310,8
36311,36311,8
36312,36312,8
36313,36313,8
36314,36314,8
36315,36315,8
36316,36316,8
36317,36317,8
36318,36318,8
36319,36319,8
36320,36320,8
36321,36321,8
36322,36322,8
36323,36323,8
36324,36324,8
36325,36325,8
36326,36326,8
36327,36327,8
36328,36328,8
36329,36329,8
36330,36330,8
36331,36331,8
36332,36332,8
36333,36333,8
36334,36334,8
36335,36335,8
36336,36336,8
36337,36337,8
36338,36338,8
36339,36339,8
36340,36340,8
36341,36341,8
36342,36342,8
36343,36343,8
36344,36344,8
36345,36345,8
36346,36346,8
36347,36347,8
36348,36348,8
36349,36349,8
36350,36350,8
36351,36351,8
36352,36352,8
36353,36353,8
36354,36354,8
36355,36355,8
36356,36356,8
36357,36357,8
36358,36358,8
36359,36359,8
36360,36360,8
36361,36361,8
36362,36362,8
36363,36363,8
36364,36364,8
36365,36365,8
36366,36366,8
36367,36367,8
36368,36368,8
36369,36369,8
36370,36370,8
36371,36371,8
36372,36372,8
36373,36373,8
36374,36374,8
36375,36375,8
36376,36376,8
36377,36377,8
36378,36378,8
36379,36379,8
36380,36380,8
36381,36381,8
36382,36382,8
36383,36383,8
36384,36384,8
36385,36385,8
36386,36386,8
36387,36387,8
36388,36388,8
36389,36389,8
36390,36390,8
36391,36391,8
36392,36392,8
36393,36393,8
36394,36394,8
36395,36395,8
36396,36396,8
36397,36397,8
36398,36398,8
36399,36399,8
36400,36400,8
36401,36401,8
36402,36402,3
36403,36403,3
36404,36404,3
36405,36405,3
36406,36406,3
36407,36407,3
36408,36408,3
36409,36409,3
36410,36410,3
36411,36411,3
36412,36412,3
36413,36413,3
36414,36414,3
36415,36415,3
36416,36416,3
36417,36417,3
36418,36418,3
36419,36419,3
36420,36420,3
36421,36421,3
36422,36422,3
36423,36423,3
36424,36424,3
36425,36425,3
36426,36426,3
36427,36427,3
36428,36428,3
36429,36429,3
36430,36430,3
36431,36431,3
36432,36432,3
36433,36433,3
36434,36434,3
36435,36435,3
36436,36436,3
36437,36437,3
36438,36438,3
36439,36439,3
36440,36440,3
36441,36441,3
36442,36442,3
36443,36443,3
36444,36444,3
36445,36445,3
36446,36446,3
36447,36447,3
36448,36448,3
36449,36449,3
36450,36450,3
36451,36451,3
36452,36452,3
36453,36453,3
36454,36454,3
36455,36455,3
36456,36456,3
36457,36457,3
36458,36458,3
36459,36459,3
36460,36460,3
36461,36461,3
36462,36462,3
36463,36463,3
36464,36464,3
36465,36465,3
36466,36466,3
36467,36467,3
36468,36468,3
36469,36469,3
36470,36470,3
36471,36471,3
36472,36472,3
36473,36473,3
36474,36474,3
36475,36475,3
36476,36476,3
36477,36477,3
36478,36478,3
36479,36479,3
36480,36480,3
36481,36481,3
36482,36482,3
36483,36483,3
36484,36484,3
36485,36485,3
36486,36486,3
36487,36487,1
36488,36488,1
36489,36489,8
36490,36490,1
36491,36491,1
36492,36492,1
36493,36493,8
36494,36494,1
36495,36495,8
36496,36496,8
36497,36497,1
36498,36498,1
36499,36499,1
36500,36500,8
36501,36501,8
36502,36502,8
36503,36503,8
36504,36504,8
36505,36505,8
36506,36506,8
36507,36507,1
36508,36508,1
36509,36509,3
36510,36510,3
36511,36511,3
36512,36512,3
36513,36513,3
36514,36514,10
36515,36515,10
36516,36516,10
36517,36517,10
36518,36518,10
36519,36519,3
36520,36520,3
36521,36521,3
36522,36522,3
36523,36523,3
36524,36524,3
36525,36525,3
36526,36526,3
36527,36527,3
36528,36528,3
36529,36529,3
36530,36530,3
36531,36531,10
36532,36532,3
36533,36533,10
36534,36534,3
36535,36535,10
36536,36536,10
36537,36537,3
36538,36538,10
36539,36539,10
36540,36540,10
36541,36541,10
36542,36542,10
36543,36543,10
36544,36544,10
36545,36545,10
36546,36546,10
36547,36547,10
36548,36548,10
36549,36549,3
36550,36550,3
36551,36551,10
36552,36552,3
36553,36553,10
36554,36554,10
36555,36555,10
36556,36556,10
36557,36557,10
36558,36558,10
36559,36559,10
36560,36560,10
36561,36561,10
36562,36562,10
36563,36563,10
36564,36564,3
36565,36565,3
36566,36566,1
36567,36567,1
36568,36568,1
36569,36569,1
36570,36570,1
36571,36571,1
36572,36572,1
36573,36573,1
36574,36574,3
36575,36575,3
36576,36576,1
36577,36577,1
36578,36578,3
36579,36579,10
36580,36580,1
36581,36581,10
36582,36582,1
36583,36583,1
36584,36584,1
36585,36585,10
36586,36586,1
36587,36587,1
36588,36588,10
36589,36589,10
36590,36590,10
36591,36591,10
36592,36592,10
36593,36593,10
36594,36594,1
36595,36595,1
36596,36596,1
36597,36597,1
36598,36598,1
36599,36599,1
36600,36600,1
36601,36601,1
36602,36602,1
36603,36603,1
36604,36604,10
36605,36605,10
36606,36606,10
36607,36607,1
36608,36608,10
36609,36609,1
36610,36610,1
36611,36611,10
36612,36612,10
36613,36613,10
36614,36614,10
36615,36615,10
36616,36616,10
36617,36617,10
36618,36618,10
36619,36619,10
36620,36620,3
36621,36621,3
36622,36622,3
36623,36623,3
36624,36624,3
36625,36625,3
36626,36626,3
36627,36627,3
36628,36628,3
36629,36629,3
36630,36630,3
36631,36631,3
36632,36632,3
36633,36633,3
36634,36634,3
36635,36635,3
36636,36636,3
36637,36637,3
36638,36638,3
36639,36639,3
36640,36640,3
36641,36641,3
36642,36642,3
36643,36643,3
36644,36644,3
36645,36645,3
36646,36646,3
36647,36647,3
36648,36648,3
36649,36649,3
36650,36650,10
36651,36651,3
36652,36652,3
36653,36653,3
36654,36654,3
36655,36655,3
36656,36656,3
36657,36657,3
36658,36658,3
36659,36659,3
36660,36660,3
36661,36661,3
36662,36662,3
36663,36663,3
36664,36664,3
36665,36665,3
36666,36666,3
36667,36667,3
36668,36668,3
36669,36669,3
36670,36670,3
36671,36671,3
36672,36672,3
36673,36673,3
36674,36674,3
36675,36675,3
36676,36676,3
36677,36677,3
36678,36678,3
36679,36679,3
36680,36680,3
36681,36681,3
36682,36682,3
36683,36683,3
36684,36684,3
36685,36685,3
36686,36686,3
36687,36687,3
36688,36688,3
36689,36689,3
36690,36690,3
36691,36691,3
36692,36692,10
36693,36693,10
36694,36694,3
36695,36695,10
36696,36696,10
36697,36697,10
36698,36698,6
36699,36699,8
36700,36700,3
36701,36701,3
36702,36702,3
36703,36703,10
36704,36704,10
36705,36705,10
36706,36706,10
36707,36707,10
36708,36708,10
36709,36709,10
36710,36710,3
36711,36711,3
36712,36712,10
36713,36713,1
36714,36714,1
36715,36715,1
36716,36716,1
36717,36717,1
36718,36718,1
36719,36719,1
36720,36720,3
36721,36721,3
36722,36722,10
36723,36723,3
36724,36724,3
36725,36725,3
36726,36726,10
36727,36727,3
36728,36728,3
36729,36729,3
36730,36730,1
36731,36731,1
36732,36732,3
36733,36733,3
36734,36734,10
36735,36735,1
36736,36736,3
36737,36737,1
36738,36738,10
36739,36739,10
36740,36740,8
36741,36741,1
36742,36742,1
36743,36743,6
36744,36744,6
36745,36745,1
36746,36746,1
36747,36747,1
36748,36748,1
36749,36749,6
36750,36750,3
36751,36751,3
36752,36752,3
36753,36753,3
36754,36754,3
36755,36755,3
36756,36756,3
36757,36757,3
36758,36758,10
36759,36759,10
36760,36760,3
36761,36761,1
36762,36762,10
36763,36763,10
36764,36764,6
36765,36765,10
36766,36766,6
36767,36767,6
36768,36768,8
36769,36769,8
36770,36770,8
36771,36771,8
36772,36772,8
36773,36773,8
36774,36774,1
36775,36775,8
36776,36776,8
36777,36777,8
36778,36778,8
36779,36779,8
36780,36780,8
36781,36781,8
36782,36782,8
36783,36783,8
36784,36784,8
36785,36785,8
36786,36786,8
36787,36787,8
36788,36788,8
36789,36789,8
36790,36790,8
36791,36791,8
36792,36792,8
36793,36793,8
36794,36794,8
36795,36795,8
36796,36796,8
36797,36797,8
36798,36798,8
36799,36799,8
36800,36800,8
36801,36801,8
36802,36802,8
36803,36803,8
36804,36804,8
36805,36805,7
36806,36806,8
36807,36807,8
36808,36808,8
36809,36809,7
36810,36810,7
36811,36811,7
36812,36812,7
36813,36813,7
36814,36814,7
36815,36815,7
36816,36816,7
36817,36817,1
36818,36818,1
36819,36819,1
36820,36820,1
36821,36821,1
36822,36822,1
36823,36823,1
36824,36824,1
36825,36825,1
36826,36826,1
36827,36827,7
36828,36828,7
36829,36829,7
36830,36830,7
36831,36831,7
36832,36832,7
36833,36833,1
36834,36834,1
36835,36835,1
36836,36836,1
36837,36837,1
36838,36838,1
36839,36839,1
36840,36840,1
36841,36841,1
36842,36842,1
36843,36843,1
36844,36844,1
36845,36845,1
36846,36846,7
36847,36847,7
36848,36848,1
36849,36849,1
36850,36850,1
36851,36851,1
36852,36852,1
36853,36853,1
36854,36854,1
36855,36855,1
36856,36856,1
36857,36857,1
36858,36858,1
36859,36859,1
36860,36860,7
36861,36861,1
36862,36862,1
36863,36863,1
36864,36864,1
36865,36865,1
36866,36866,1
36867,36867,1
36868,36868,1
36869,36869,7
36870,36870,7
36871,36871,1
36872,36872,7
36873,36873,7
36874,36874,1
36875,36875,7
36876,36876,7
36877,36877,7
36878,36878,7
36879,36879,7
36880,36880,7
36881,36881,1
36882,36882,7
36883,36883,1
36884,36884,1
36885,36885,1
36886,36886,1
36887,36887,1
36888,36888,1
36889,36889,1
36890,36890,1
36891,36891,1
36892,36892,1
36893,36893,7
36894,36894,1
36895,36895,1
36896,36896,1
36897,36897,1
36898,36898,1
36899,36899,1
36900,36900,1
36901,36901,1
36902,36902,1
36903,36903,7
36904,36904,1
36905,36905,1
36906,36906,1
36907,36907,1
36908,36908,1
36909,36909,1
36910,36910,1
36911,36911,1
36912,36912,1
36913,36913,1
36914,36914,1
36915,36915,1
36916,36916,1
36917,36917,1
36918,36918,1
36919,36919,1
36920,36920,1
36921,36921,1
36922,36922,1
36923,36923,1
36924,36924,1
36925,36925,1
36926,36926,1
36927,36927,1
36928,36928,1
36929,36929,1
36930,36930,3
36931,36931,3
36932,36932,3
36933,36933,3
36934,36934,3
36935,36935,3
36936,36936,3
36937,36937,3
36938,36938,3
36939,36939,3
36940,36940,3
36941,36941,3
36942,36942,3
36943,36943,3
36944,36944,3
36945,36945,3
36946,36946,3
36947,36947,3
36948,36948,3
36949,36949,3
36950,36950,3
36951,36951,3
36952,36952,3
36953,36953,3
36954,36954,3
36955,36955,3
36956,36956,3
36957,36957,3
36958,36958,1
36959,36959,3
36960,36960,3
36961,36961,3
36962,36962,3
36963,36963,3
36964,36964,3
36965,36965,3
36966,36966,3
36967,36967,3
36968,36968,3
36969,36969,6
36970,36970,1
36971,36971,1
36972,36972,6
36973,36973,6
36974,36974,1
36975,36975,1
36976,36976,8
36977,36977,8
36978,36978,8
36979,36979,8
36980,36980,8
36981,36981,6
36982,36982,8
36983,36983,6
36984,36984,3
36985,36985,3
36986,36986,3
36987,36987,3
36988,36988,3
36989,36989,8
36990,36990,1
36991,36991,8
36992,36992,3
36993,36993,3
36994,36994,3
36995,36995,3
36996,36996,3
36997,36997,3
36998,36998,3
36999,36999,6
37000,37000,8
37001,37001,6
37002,37002,3
37003,37003,3
37004,37004,6
37005,37005,6
37006,37006,6
37007,37007,6
37008,37008,6
37009,37009,6
37010,37010,6
37011,37011,6
37012,37012,6
37013,37013,6
37014,37014,6
37015,37015,6
37016,37016,6
37017,37017,6
37018,37018,6
37019,37019,8
37020,37020,6
37021,37021,6
37022,37022,6
37023,37023,6
37024,37024,6
37025,37025,6
37026,37026,6
37027,37027,6
37028,37028,8
37029,37029,6
37030,37030,6
37031,37031,6
37032,37032,6
37033,37033,6
37034,37034,6
37035,37035,6
37036,37036,8
37037,37037,6
37038,37038,6
37039,37039,6
37040,37040,6
37041,37041,8
37042,37042,6
37043,37043,6
37044,37044,6
37045,37045,8
37046,37046,8
37047,37047,8
37048,37048,8
37049,37049,8
37050,37050,6
37051,37051,8
37052,37052,8
37053,37053,8
37054,37054,3
37055,37055,3
37056,37056,3
37057,37057,3
37058,37058,3
37059,37059,3
37060,37060,3
37061,37061,3
37062,37062,3
37063,37063,3
37064,37064,3
37065,37065,3
37066,37066,3
37067,37067,3
37068,37068,3
37069,37069,3
37070,37070,3
37071,37071,3
37072,37072,3
37073,37073,3
37074,37074,3
37075,37075,3
37076,37076,3
37077,37077,3
37078,37078,8
37079,37079,8
37080,37080,8
37081,37081,8
37082,37082,8
37083,37083,8
37084,37084,8
37085,37085,8
37086,37086,8
37087,37087,8
37088,37088,8
37089,37089,8
37090,37090,8
37091,37091,8
37092,37092,8
37093,37093,8
37094,37094,8
37095,37095,8
37096,37096,8
37097,37097,8
37098,37098,8
37099,37099,8
37100,37100,8
37101,37101,8
37102,37102,8
37103,37103,8
37104,37104,8
37105,37105,8
37106,37106,8
37107,37107,8
37108,37108,8
37109,37109,8
37110,37110,8
37111,37111,8
37112,37112,8
37113,37113,8
37114,37114,8
37115,37115,8
37116,37116,8
37117,37117,8
37118,37118,8
37119,37119,8
37120,37120,8
37121,37121,8
37122,37122,8
37123,37123,8
37124,37124,8
37125,37125,8
37126,37126,8
37127,37127,8
37128,37128,8
37129,37129,8
37130,37130,8
37131,37131,8
37132,37132,8
37133,37133,8
37134,37134,8
37135,37135,8
37136,37136,8
37137,37137,8
37138,37138,8
37139,37139,8
37140,37140,8
37141,37141,8
37142,37142,8
37143,37143,8
37144,37144,8
37145,37145,8
37146,37146,8
37147,37147,8
37148,37148,8
37149,37149,8
37150,37150,8
37151,37151,8
37152,37152,8
37153,37153,8
37154,37154,8
37155,37155,8
37156,37156,8
37157,37157,8
37158,37158,8
37159,37159,8
37160,37160,8
37161,37161,8
37162,37162,8
37163,37163,8
37164,37164,8
37165,37165,8
37166,37166,8
37167,37167,8
37168,37168,8
37169,37169,8
37170,37170,8
37171,37171,8
37172,37172,8
37173,37173,8
37174,37174,8
37175,37175,8
37176,37176,8
37177,37177,8
37178,37178,8
37179,37179,8
37180,37180,8
37181,37181,8
37182,37182,8
37183,37183,8
37184,37184,8
37185,37185,8
37186,37186,8
37187,37187,8
37188,37188,8
37189,37189,8
37190,37190,8
37191,37191,8
37192,37192,8
37193,37193,8
37194,37194,8
37195,37195,8
37196,37196,8
37197,37197,8
37198,37198,8
37199,37199,2
37200,37200,2
37201,37201,0
37202,37202,0
37203,37203,7
37204,37204,7
37205,37205,7
37206,37206,7
37207,37207,7
37208,37208,7
37209,37209,7
37210,37210,7
37211,37211,7
37212,37212,7
37213,37213,7
37214,37214,7
37215,37215,7
37216,37216,7
37217,37217,7
37218,37218,7
37219,37219,7
37220,37220,7
37221,37221,7
37222,37222,7
37223,37223,7
37224,37224,7
37225,37225,7
37226,37226,7
37227,37227,7
37228,37228,7
37229,37229,7
37230,37230,7
37231,37231,7
37232,37232,7
37233,37233,7
37234,37234,7
37235,37235,7
37236,37236,7
37237,37237,7
37238,37238,7
37239,37239,7
37240,37240,7
37241,37241,7
37242,37242,7
37243,37243,7
37244,37244,7
37245,37245,7
37246,37246,7
37247,37247,7
37248,37248,7
37249,37249,7
37250,37250,7
37251,37251,7
37252,37252,7
37253,37253,7
37254,37254,7
37255,37255,7
37256,37256,7
37257,37257,7
37258,37258,7
37259,37259,7
37260,37260,7
37261,37261,7
37262,37262,7
37263,37263,7
37264,37264,7
37265,37265,7
37266,37266,7
37267,37267,7
37268,37268,7
37269,37269,7
37270,37270,7
37271,37271,7
37272,37272,7
37273,37273,7
37274,37274,7
37275,37275,7
37276,37276,7
37277,37277,7
37278,37278,7
37279,37279,7
37280,37280,7
37281,37281,7
37282,37282,7
37283,37283,7
37284,37284,7
37285,37285,7
37286,37286,7
37287,37287,7
37288,37288,7
37289,37289,7
37290,37290,7
37291,37291,7
37292,37292,7
37293,37293,7
37294,37294,7
37295,37295,7
37296,37296,7
37297,37297,7
37298,37298,7
37299,37299,7
37300,37300,7
37301,37301,7
37302,37302,7
37303,37303,7
37304,37304,7
37305,37305,7
37306,37306,7
37307,37307,7
37308,37308,7
37309,37309,7
37310,37310,7
37311,37311,7
37312,37312,7
37313,37313,7
37314,37314,7
37315,37315,7
37316,37316,7
37317,37317,7
37318,37318,7
37319,37319,7
37320,37320,7
37321,37321,7
37322,37322,7
37323,37323,7
37324,37324,7
37325,37325,7
37326,37326,7
37327,37327,7
37328,37328,7
37329,37329,7
37330,37330,7
37331,37331,7
37332,37332,7
37333,37333,7
37334,37334,7
37335,37335,7
37336,37336,7
37337,37337,7
37338,37338,7
37339,37339,7
37340,37340,7
37341,37341,7
37342,37342,7
37343,37343,7
37344,37344,7
37345,37345,7
37346,37346,7
37347,37347,7
37348,37348,7
37349,37349,7
37350,37350,7
37351,37351,0
37352,37352,8
37353,37353,8
37354,37354,8
37355,37355,0
37356,37356,8
37357,37357,8
37358,37358,8
37359,37359,8
37360,37360,8
37361,37361,0
37362,37362,8
37363,37363,0
37364,37364,8
37365,37365,0
37366,37366,8
37367,37367,8
37368,37368,0
37369,37369,0
37370,37370,8
37371,37371,0
37372,37372,0
37373,37373,8
37374,37374,8
37375,37375,8
37376,37376,8
37377,37377,8
37378,37378,8
37379,37379,8
37380,37380,8
37381,37381,8
37382,37382,8
37383,37383,8
37384,37384,8
37385,37385,8
37386,37386,8
37387,37387,8
37388,37388,8
37389,37389,8
37390,37390,8
37391,37391,1
37392,37392,8
37393,37393,8
37394,37394,8
37395,37395,8
37396,37396,8
37397,37397,8
37398,37398,8
37399,37399,8
37400,37400,8
37401,37401,8
37402,37402,8
37403,37403,8
37404,37404,8
37405,37405,8
37406,37406,8
37407,37407,8
37408,37408,8
37409,37409,8
37410,37410,8
37411,37411,8
37412,37412,8
37413,37413,8
37414,37414,10
37415,37415,8
37416,37416,8
37417,37417,8
37418,37418,8
37419,37419,8
37420,37420,8
37421,37421,8
37422,37422,8
37423,37423,8
37424,37424,8
37425,37425,8
37426,37426,8
37427,37427,8
37428,37428,8
37429,37429,8
37430,37430,8
37431,37431,8
37432,37432,8
37433,37433,8
37434,37434,8
37435,37435,8
37436,37436,8
37437,37437,8
37438,37438,8
37439,37439,8
37440,37440,8
37441,37441,8
37442,37442,8
37443,37443,8
37444,37444,8
37445,37445,8
37446,37446,8
37447,37447,8
37448,37448,8
37449,37449,8
37450,37450,8
37451,37451,8
37452,37452,8
37453,37453,8
37454,37454,8
37455,37455,8
37456,37456,8
37457,37457,8
37458,37458,8
37459,37459,8
37460,37460,8
37461,37461,8
37462,37462,8
37463,37463,8
37464,37464,8
37465,37465,8
37466,37466,8
37467,37467,8
37468,37468,8
37469,37469,8
37470,37470,8
37471,37471,8
37472,37472,8
37473,37473,8
37474,37474,8
37475,37475,8
37476,37476,8
37477,37477,8
37478,37478,8
37479,37479,8
37480,37480,8
37481,37481,8
37482,37482,8
37483,37483,8
37484,37484,8
37485,37485,8
37486,37486,8
37487,37487,8
37488,37488,8
37489,37489,8
37490,37490,8
37491,37491,8
37492,37492,8
37493,37493,8
37494,37494,8
37495,37495,8
37496,37496,8
37497,37497,8
37498,37498,8
37499,37499,8
37500,37500,8
37501,37501,8
37502,37502,8
37503,37503,8
37504,37504,8
37505,37505,8
37506,37506,8
37507,37507,8
37508,37508,2
37509,37509,2
37510,37510,2
37511,37511,2
37512,37512,2
37513,37513,2
37514,37514,2
37515,37515,2
37516,37516,2
37517,37517,2
37518,37518,2
37519,37519,2
37520,37520,2
37521,37521,2
37522,37522,2
37523,37523,2
37524,37524,2
37525,37525,2
37526,37526,2
37527,37527,2
37528,37528,2
37529,37529,2
37530,37530,2
37531,37531,2
37532,37532,2
37533,37533,2
37534,37534,2
37535,37535,2
37536,37536,2
37537,37537,2
37538,37538,2
37539,37539,2
37540,37540,2
37541,37541,0
37542,37542,0
37543,37543,0
37544,37544,4
37545,37545,4
37546,37546,4
37547,37547,4
37548,37548,4
37549,37549,4
37550,37550,4
37551,37551,4
37552,37552,4
37553,37553,4
37554,37554,4
37555,37555,4
37556,37556,4
37557,37557,4
37558,37558,4
37559,37559,4
37560,37560,4
37561,37561,4
37562,37562,4
37563,37563,4
37564,37564,4
37565,37565,6
37566,37566,4
37567,37567,4
37568,37568,4
37569,37569,4
37570,37570,4
37571,37571,4
37572,37572,4
37573,37573,4
37574,37574,4
37575,37575,4
37576,37576,4
37577,37577,4
37578,37578,4
37579,37579,4
37580,37580,6
37581,37581,4
37582,37582,4
37583,37583,4
37584,37584,4
37585,37585,4
37586,37586,4
37587,37587,4
37588,37588,4
37589,37589,4
37590,37590,4
37591,37591,4
37592,37592,4
37593,37593,4
37594,37594,4
37595,37595,4
37596,37596,4
37597,37597,4
37598,37598,4
37599,37599,4
37600,37600,4
37601,37601,4
37602,37602,4
37603,37603,4
37604,37604,4
37605,37605,4
37606,37606,4
37607,37607,4
37608,37608,4
37609,37609,4
37610,37610,4
37611,37611,4
37612,37612,4
37613,37613,6
37614,37614,4
37615,37615,4
37616,37616,4
37617,37617,4
37618,37618,4
37619,37619,4
37620,37620,6
37621,37621,1
37622,37622,1
37623,37623,1
37624,37624,4
37625,37625,4
37626,37626,4
37627,37627,4
37628,37628,4
37629,37629,4
37630,37630,6
37631,37631,6
37632,37632,6
37633,37633,6
37634,37634,6
37635,37635,6
37636,37636,6
37637,37637,6
37638,37638,6
37639,37639,1
37640,37640,1
37641,37641,6
37642,37642,1
37643,37643,6
37644,37644,3
37645,37645,6
37646,37646,3
37647,37647,3
37648,37648,6
37649,37649,3
37650,37650,6
37651,37651,3
37652,37652,3
37653,37653,3
37654,37654,1
37655,37655,1
37656,37656,1
37657,37657,1
37658,37658,1
37659,37659,1
37660,37660,1
37661,37661,1
37662,37662,1
37663,37663,1
37664,37664,3
37665,37665,3
37666,37666,1
37667,37667,3
37668,37668,6
37669,37669,1
37670,37670,6
37671,37671,1
37672,37672,1
37673,37673,1
37674,37674,1
37675,37675,1
37676,37676,1
37677,37677,1
37678,37678,1
37679,37679,1
37680,37680,1
37681,37681,1
37682,37682,1
37683,37683,1
37684,37684,1
37685,37685,1
37686,37686,1
37687,37687,1
37688,37688,1
37689,37689,1
37690,37690,1
37691,37691,1
37692,37692,1
37693,37693,1
37694,37694,1
37695,37695,1
37696,37696,1
37697,37697,1
37698,37698,1
37699,37699,1
37700,37700,1
37701,37701,6
37702,37702,6
37703,37703,4
37704,37704,6
37705,37705,4
37706,37706,6
37707,37707,6
37708,37708,6
37709,37709,4
37710,37710,6
37711,37711,6
37712,37712,6
37713,37713,6
37714,37714,6
37715,37715,6
37716,37716,6
37717,37717,6
37718,37718,6
37719,37719,6
37720,37720,6
37721,37721,4
37722,37722,4
37723,37723,6
37724,37724,6
37725,37725,6
37726,37726,6
37727,37727,6
37728,37728,6
37729,37729,6
37730,37730,6
37731,37731,6
37732,37732,6
37733,37733,6
37734,37734,6
37735,37735,6
37736,37736,6
37737,37737,6
37738,37738,6
37739,37739,6
37740,37740,6
37741,37741,6
37742,37742,6
37743,37743,6
37744,37744,6
37745,37745,6
37746,37746,6
37747,37747,6
37748,37748,6
37749,37749,6
37750,37750,6
37751,37751,6
37752,37752,6
37753,37753,6
37754,37754,6
37755,37755,6
37756,37756,6
37757,37757,1
37758,37758,6
37759,37759,6
37760,37760,6
37761,37761,6
37762,37762,6
37763,37763,6
37764,37764,6
37765,37765,6
37766,37766,6
37767,37767,6
37768,37768,6
37769,37769,6
37770,37770,6
37771,37771,6
37772,37772,1
37773,37773,1
37774,37774,6
37775,37775,6
37776,37776,6
37777,37777,6
37778,37778,6
37779,37779,3
37780,37780,4
37781,37781,4
37782,37782,4
37783,37783,4
37784,37784,4
37785,37785,4
37786,37786,4
37787,37787,4
37788,37788,4
37789,37789,3
37790,37790,3
37791,37791,4
37792,37792,4
37793,37793,4
37794,37794,4
37795,37795,4
37796,37796,4
37797,37797,4
37798,37798,4
37799,37799,4
37800,37800,4
37801,37801,4
37802,37802,4
37803,37803,4
37804,37804,4
37805,37805,4
37806,37806,4
37807,37807,4
37808,37808,4
37809,37809,4
37810,37810,4
37811,37811,4
37812,37812,4
37813,37813,4
37814,37814,4
37815,37815,4
37816,37816,4
37817,37817,4
37818,37818,4
37819,37819,4
37820,37820,4
37821,37821,4
37822,37822,4
37823,37823,4
37824,37824,4
37825,37825,4
37826,37826,4
37827,37827,4
37828,37828,4
37829,37829,4
37830,37830,4
37831,37831,4
37832,37832,4
37833,37833,4
37834,37834,4
37835,37835,4
37836,37836,4
37837,37837,4
37838,37838,4
37839,37839,4
37840,37840,4
37841,37841,4
37842,37842,4
37843,37843,4
37844,37844,4
37845,37845,4
37846,37846,4
37847,37847,4
37848,37848,4
37849,37849,4
37850,37850,4
37851,37851,4
37852,37852,4
37853,37853,4
37854,37854,4
37855,37855,4
37856,37856,4
37857,37857,4
37858,37858,4
37859,37859,4
37860,37860,4
37861,37861,4
37862,37862,4
37863,37863,4
37864,37864,4
37865,37865,4
37866,37866,4
37867,37867,4
37868,37868,4
37869,37869,4
37870,37870,4
37871,37871,4
37872,37872,4
37873,37873,4
37874,37874,4
37875,37875,4
37876,37876,4
37877,37877,4
37878,37878,4
37879,37879,6
37880,37880,6
37881,37881,6
37882,37882,6
37883,37883,6
37884,37884,6
37885,37885,6
37886,37886,6
37887,37887,6
37888,37888,6
37889,37889,3
37890,37890,3
37891,37891,6
37892,37892,6
37893,37893,6
37894,37894,6
37895,37895,6
37896,37896,4
37897,37897,6
37898,37898,6
37899,37899,3
37900,37900,3
37901,37901,4
37902,37902,4
37903,37903,4
37904,37904,4
37905,37905,4
37906,37906,4
37907,37907,4
37908,37908,4
37909,37909,6
37910,37910,6
37911,37911,6
37912,37912,6
37913,37913,6
37914,37914,6
37915,37915,6
37916,37916,6
37917,37917,6
37918,37918,6
37919,37919,6
37920,37920,6
37921,37921,4
37922,37922,4
37923,37923,6
37924,37924,4
37925,37925,4
37926,37926,4
37927,37927,4
37928,37928,4
37929,37929,6
37930,37930,6
37931,37931,6
37932,37932,6
37933,37933,6
37934,37934,6
37935,37935,6
37936,37936,6
37937,37937,4
37938,37938,4
37939,37939,4
37940,37940,4
37941,37941,4
37942,37942,4
37943,37943,4
37944,37944,4
37945,37945,4
37946,37946,4
37947,37947,4
37948,37948,4
37949,37949,4
37950,37950,4
37951,37951,4
37952,37952,4
37953,37953,4
37954,37954,4
37955,37955,4
37956,37956,4
37957,37957,4
37958,37958,4
37959,37959,4
37960,37960,4
37961,37961,4
37962,37962,4
37963,37963,4
37964,37964,4
37965,37965,4
37966,37966,4
37967,37967,4
37968,37968,4
37969,37969,4
37970,37970,4
37971,37971,4
37972,37972,4
37973,37973,4
37974,37974,4
37975,37975,4
37976,37976,4
37977,37977,4
37978,37978,4
37979,37979,4
37980,37980,4
37981,37981,4
37982,37982,4
37983,37983,4
37984,37984,4
37985,37985,4
37986,37986,4
37987,37987,4
37988,37988,4
37989,37989,4
37990,37990,4
37991,37991,4
37992,37992,4
37993,37993,4
37994,37994,4
37995,37995,4
37996,37996,4
37997,37997,4
37998,37998,4
37999,37999,4
38000,38000,4
38001,38001,6
38002,38002,4
38003,38003,4
38004,38004,4
38005,38005,4
38006,38006,4
38007,38007,4
38008,38008,4
38009,38009,4
38010,38010,4
38011,38011,6
38012,38012,6
38013,38013,6
38014,38014,6
38015,38015,6
38016,38016,6
38017,38017,6
38018,38018,6
38019,38019,6
38020,38020,6
38021,38021,6
38022,38022,0
38023,38023,0
38024,38024,8
38025,38025,8
38026,38026,6
38027,38027,8
38028,38028,6
38029,38029,8
38030,38030,6
38031,38031,6
38032,38032,6
38033,38033,6
38034,38034,6
38035,38035,6
38036,38036,6
38037,38037,6
38038,38038,6
38039,38039,6
38040,38040,6
38041,38041,6
38042,38042,6
38043,38043,6
38044,38044,6
38045,38045,6
38046,38046,6
38047,38047,6
38048,38048,6
38049,38049,6
38050,38050,6
38051,38051,6
38052,38052,6
38053,38053,6
38054,38054,6
38055,38055,6
38056,38056,6
38057,38057,6
38058,38058,6
38059,38059,6
38060,38060,6
38061,38061,6
38062,38062,6
38063,38063,6
38064,38064,6
38065,38065,6
38066,38066,6
38067,38067,6
38068,38068,6
38069,38069,6
38070,38070,6
38071,38071,6
38072,38072,6
38073,38073,6
38074,38074,6
38075,38075,6
38076,38076,6
38077,38077,6
38078,38078,6
38079,38079,6
38080,38080,6
38081,38081,6
38082,38082,6
38083,38083,1
38084,38084,6
38085,38085,6
38086,38086,6
38087,38087,6
38088,38088,6
38089,38089,6
38090,38090,6
38091,38091,1
38092,38092,1
38093,38093,6
38094,38094,6
38095,38095,6
38096,38096,6
38097,38097,6
38098,38098,6
38099,38099,6
38100,38100,6
38101,38101,6
38102,38102,6
38103,38103,6
38104,38104,1
38105,38105,1
38106,38106,6
38107,38107,1
38108,38108,1
38109,38109,1
38110,38110,6
38111,38111,1
38112,38112,6
38113,38113,1
38114,38114,6
38115,38115,6
38116,38116,6
38117,38117,1
38118,38118,1
38119,38119,1
38120,38120,1
38121,38121,1
38122,38122,6
38123,38123,1
38124,38124,6
38125,38125,6
38126,38126,1
38127,38127,6
38128,38128,6
38129,38129,6
38130,38130,6
38131,38131,6
38132,38132,6
38133,38133,6
38134,38134,6
38135,38135,6
38136,38136,6
38137,38137,8
38138,38138,8
38139,38139,6
38140,38140,6
38141,38141,6
38142,38142,6
38143,38143,6
38144,38144,6
38145,38145,6
38146,38146,6
38147,38147,6
38148,38148,6
38149,38149,8
38150,38150,8
38151,38151,8
38152,38152,8
38153,38153,8
38154,38154,8
38155,38155,8
38156,38156,8
38157,38157,6
38158,38158,8
38159,38159,6
38160,38160,8
38161,38161,8
38162,38162,8
38163,38163,8
38164,38164,8
38165,38165,8
38166,38166,0
38167,38167,0
38168,38168,6
38169,38169,6
38170,38170,6
38171,38171,6
38172,38172,6
38173,38173,6
38174,38174,6
38175,38175,6
38176,38176,6
38177,38177,6
38178,38178,6
38179,38179,6
38180,38180,6
38181,38181,6
38182,38182,6
38183,38183,6
38184,38184,6
38185,38185,6
38186,38186,6
38187,38187,6
38188,38188,6
38189,38189,6
38190,38190,6
38191,38191,6
38192,38192,6
38193,38193,6
38194,38194,6
38195,38195,6
38196,38196,6
38197,38197,6
38198,38198,6
38199,38199,6
38200,38200,1
38201,38201,6
38202,38202,1
38203,38203,6
38204,38204,6
38205,38205,1
38206,38206,1
38207,38207,1
38208,38208,1
38209,38209,1
38210,38210,1
38211,38211,1
38212,38212,1
38213,38213,1
38214,38214,1
38215,38215,1
38216,38216,1
38217,38217,1
38218,38218,1
38219,38219,1
38220,38220,1
38221,38221,1
38222,38222,1
38223,38223,1
38224,38224,6
38225,38225,1
38226,38226,6
38227,38227,6
38228,38228,1
38229,38229,6
38230,38230,6
38231,38231,6
38232,38232,6
38233,38233,1
38234,38234,1
38235,38235,1
38236,38236,6
38237,38237,6
38238,38238,6
38239,38239,6
38240,38240,6
38241,38241,6
38242,38242,1
38243,38243,1
38244,38244,1
38245,38245,1
38246,38246,1
38247,38247,1
38248,38248,6
38249,38249,6
38250,38250,6
38251,38251,6
38252,38252,6
38253,38253,6
38254,38254,6
38255,38255,6
38256,38256,6
38257,38257,6
38258,38258,6
38259,38259,6
38260,38260,6
38261,38261,6
38262,38262,6
38263,38263,6
38264,38264,6
38265,38265,6
38266,38266,6
38267,38267,1
38268,38268,6
38269,38269,6
38270,38270,1
38271,38271,6
38272,38272,1
38273,38273,1
38274,38274,1
38275,38275,1
38276,38276,1
38277,38277,1
38278,38278,6
38279,38279,6
38280,38280,1
38281,38281,1
38282,38282,1
38283,38283,1
38284,38284,1
38285,38285,1
38286,38286,1
38287,38287,1
38288,38288,1
38289,38289,1
38290,38290,1
38291,38291,1
38292,38292,1
38293,38293,1
38294,38294,1
38295,38295,1
38296,38296,1
38297,38297,1
38298,38298,1
38299,38299,1
38300,38300,1
38301,38301,1
38302,38302,1
38303,38303,1
38304,38304,1
38305,38305,1
38306,38306,1
38307,38307,1
38308,38308,1
38309,38309,1
38310,38310,1
38311,38311,1
38312,38312,1
38313,38313,1
38314,38314,4
38315,38315,4
38316,38316,4
38317,38317,6
38318,38318,6
38319,38319,4
38320,38320,4
38321,38321,4
38322,38322,4
38323,38323,4
38324,38324,4
38325,38325,4
38326,38326,6
38327,38327,4
38328,38328,4
38329,38329,1
38330,38330,1
38331,38331,1
38332,38332,1
38333,38333,1
38334,38334,4
38335,38335,4
38336,38336,4
38337,38337,4
38338,38338,4
38339,38339,3
38340,38340,3
38341,38341,6
38342,38342,6
38343,38343,3
38344,38344,3
38345,38345,3
38346,38346,6
38347,38347,3
38348,38348,6
38349,38349,3
38350,38350,3
38351,38351,3
38352,38352,3
38353,38353,6
38354,38354,1
38355,38355,4
38356,38356,1
38357,38357,4
38358,38358,4
38359,38359,4
38360,38360,4
38361,38361,4
38362,38362,4
38363,38363,4
38364,38364,3
38365,38365,6
38366,38366,6
38367,38367,3
38368,38368,6
38369,38369,6
38370,38370,6
38371,38371,4
38372,38372,4
38373,38373,4
38374,38374,4
38375,38375,4
38376,38376,4
38377,38377,4
38378,38378,4
38379,38379,4
38380,38380,4
38381,38381,4
38382,38382,4
38383,38383,4
38384,38384,4
38385,38385,4
38386,38386,4
38387,38387,4
38388,38388,4
38389,38389,4
38390,38390,4
38391,38391,4
38392,38392,4
38393,38393,4
38394,38394,4
38395,38395,4
38396,38396,4
38397,38397,4
38398,38398,4
38399,38399,4
38400,38400,4
38401,38401,4
38402,38402,4
38403,38403,4
38404,38404,4
38405,38405,4
38406,38406,4
38407,38407,4
38408,38408,4
38409,38409,4
38410,38410,4
38411,38411,4
38412,38412,4
38413,38413,4
38414,38414,4
38415,38415,4
38416,38416,4
38417,38417,1
38418,38418,3
38419,38419,1
38420,38420,1
38421,38421,1
38422,38422,1
38423,38423,1
38424,38424,1
38425,38425,1
38426,38426,1
38427,38427,1
38428,38428,1
38429,38429,1
38430,38430,1
38431,38431,1
38432,38432,1
38433,38433,1
38434,38434,1
38435,38435,1
38436,38436,1
38437,38437,1
38438,38438,1
38439,38439,1
38440,38440,1
38441,38441,1
38442,38442,1
38443,38443,1
38444,38444,4
38445,38445,3
38446,38446,4
38447,38447,3
38448,38448,3
38449,38449,1
38450,38450,3
38451,38451,3
38452,38452,3
38453,38453,3
38454,38454,1
38455,38455,1
38456,38456,1
38457,38457,1
38458,38458,1
38459,38459,1
38460,38460,1
38461,38461,1
38462,38462,1
38463,38463,1
38464,38464,3
38465,38465,3
38466,38466,1
38467,38467,3
38468,38468,3
38469,38469,3
38470,38470,3
38471,38471,3
38472,38472,3
38473,38473,3
38474,38474,1
38475,38475,1
38476,38476,1
38477,38477,3
38478,38478,1
38479,38479,1
38480,38480,1
38481,38481,1
38482,38482,6
38483,38483,6
38484,38484,1
38485,38485,1
38486,38486,1
38487,38487,1
38488,38488,1
38489,38489,6
38490,38490,1
38491,38491,1
38492,38492,6
38493,38493,1
38494,38494,3
38495,38495,3
38496,38496,3
38497,38497,3
38498,38498,6
38499,38499,3
38500,38500,3
38501,38501,3
38502,38502,3
38503,38503,3
38504,38504,6
38505,38505,3
38506,38506,6
38507,38507,6
38508,38508,6
38509,38509,6
38510,38510,6
38511,38511,6
38512,38512,6
38513,38513,6
38514,38514,3
38515,38515,3
38516,38516,3
38517,38517,3
38518,38518,3
38519,38519,3
38520,38520,6
38521,38521,3
38522,38522,3
38523,38523,3
38524,38524,1
38525,38525,1
38526,38526,6
38527,38527,6
38528,38528,6
38529,38529,6
38530,38530,6
38531,38531,6
38532,38532,6
38533,38533,6
38534,38534,1
38535,38535,6
38536,38536,6
38537,38537,6
38538,38538,6
38539,38539,6
38540,38540,6
38541,38541,6
38542,38542,6
38543,38543,6
38544,38544,6
38545,38545,3
38546,38546,6
38547,38547,6
38548,38548,6
38549,38549,4
38550,38550,4
38551,38551,4
38552,38552,4
38553,38553,4
38554,38554,4
38555,38555,4
38556,38556,4
38557,38557,4
38558,38558,4
38559,38559,6
38560,38560,6
38561,38561,4
38562,38562,3
38563,38563,3
38564,38564,4
38565,38565,3
38566,38566,6
38567,38567,4
38568,38568,6
38569,38569,4
38570,38570,4
38571,38571,4
38572,38572,4
38573,38573,4
38574,38574,4
38575,38575,4
38576,38576,6
38577,38577,4
38578,38578,4
38579,38579,6
38580,38580,4
38581,38581,3
38582,38582,4
38583,38583,4
38584,38584,7
38585,38585,7
38586,38586,7
38587,38587,7
38588,38588,7
38589,38589,7
38590,38590,7
38591,38591,7
38592,38592,8
38593,38593,8
38594,38594,7
38595,38595,8
38596,38596,7
38597,38597,8
38598,38598,7
38599,38599,7
38600,38600,7
38601,38601,7
38602,38602,7
38603,38603,7
38604,38604,7
38605,38605,7
38606,38606,7
38607,38607,7
38608,38608,7
38609,38609,7
38610,38610,7
38611,38611,7
38612,38612,7
38613,38613,7
38614,38614,7
38615,38615,8
38616,38616,8
38617,38617,8
38618,38618,7
38619,38619,8
38620,38620,7
38621,38621,7
38622,38622,8
38623,38623,8
38624,38624,7
38625,38625,7
38626,38626,7
38627,38627,7
38628,38628,7
38629,38629,7
38630,38630,7
38631,38631,7
38632,38632,7
38633,38633,7
38634,38634,7
38635,38635,7
38636,38636,7
38637,38637,7
38638,38638,7
38639,38639,7
38640,38640,7
38641,38641,7
38642,38642,7
38643,38643,7
38644,38644,7
38645,38645,7
38646,38646,7
38647,38647,7
38648,38648,8
38649,38649,8
38650,38650,8
38651,38651,8
38652,38652,8
38653,38653,8
38654,38654,8
38655,38655,8
38656,38656,8
38657,38657,8
38658,38658,8
38659,38659,8
38660,38660,8
38661,38661,8
38662,38662,8
38663,38663,8
38664,38664,8
38665,38665,8
38666,38666,8
38667,38667,8
38668,38668,8
38669,38669,8
38670,38670,8
38671,38671,8
38672,38672,8
38673,38673,8
38674,38674,8
38675,38675,6
38676,38676,6
38677,38677,6
38678,38678,6
38679,38679,6
38680,38680,6
38681,38681,6
38682,38682,6
38683,38683,6
38684,38684,6
38685,38685,6
38686,38686,6
38687,38687,8
38688,38688,8
38689,38689,6
38690,38690,8
38691,38691,8
38692,38692,8
38693,38693,6
38694,38694,6
38695,38695,6
38696,38696,6
38697,38697,6
38698,38698,6
38699,38699,6
38700,38700,6
38701,38701,6
38702,38702,6
38703,38703,6
38704,38704,6
38705,38705,6
38706,38706,6
38707,38707,6
38708,38708,6
38709,38709,6
38710,38710,6
38711,38711,6
38712,38712,6
38713,38713,6
38714,38714,6
38715,38715,6
38716,38716,6
38717,38717,6
38718,38718,6
38719,38719,8
38720,38720,8
38721,38721,6
38722,38722,6
38723,38723,8
38724,38724,8
38725,38725,6
38726,38726,6
38727,38727,8
38728,38728,6
38729,38729,8
38730,38730,8
38731,38731,6
38732,38732,6
38733,38733,6
38734,38734,6
38735,38735,6
38736,38736,6
38737,38737,6
38738,38738,6
38739,38739,6
38740,38740,6
38741,38741,6
38742,38742,6
38743,38743,6
38744,38744,6
38745,38745,6
38746,38746,6
38747,38747,6
38748,38748,6
38749,38749,8
38750,38750,8
38751,38751,8
38752,38752,8
38753,38753,7
38754,38754,8
38755,38755,8
38756,38756,8
38757,38757,1
38758,38758,8
38759,38759,8
38760,38760,8
38761,38761,8
38762,38762,8
38763,38763,8
38764,38764,1
38765,38765,1
38766,38766,1
38767,38767,1
38768,38768,1
38769,38769,1
38770,38770,1
38771,38771,1
38772,38772,1
38773,38773,1
38774,38774,1
38775,38775,1
38776,38776,1
38777,38777,1
38778,38778,1
38779,38779,1
38780,38780,8
38781,38781,7
38782,38782,1
38783,38783,1
38784,38784,8
38785,38785,1
38786,38786,7
38787,38787,1
38788,38788,7
38789,38789,1
38790,38790,6
38791,38791,1
38792,38792,6
38793,38793,1
38794,38794,6
38795,38795,1
38796,38796,8
38797,38797,8
38798,38798,8
38799,38799,1
38800,38800,1
38801,38801,1
38802,38802,1
38803,38803,1
38804,38804,1
38805,38805,3
38806,38806,6
38807,38807,6
38808,38808,6
38809,38809,1
38810,38810,6
38811,38811,6
38812,38812,3
38813,38813,6
38814,38814,3
38815,38815,6
38816,38816,1
38817,38817,1
38818,38818,6
38819,38819,6
38820,38820,1
38821,38821,1
38822,38822,1
38823,38823,6
38824,38824,6
38825,38825,1
38826,38826,6
38827,38827,1
38828,38828,6
38829,38829,1
38830,38830,6
38831,38831,1
38832,38832,3
38833,38833,3
38834,38834,6
38835,38835,1
38836,38836,1
38837,38837,1
38838,38838,6
38839,38839,1
38840,38840,1
38841,38841,6
38842,38842,6
38843,38843,1
38844,38844,1
38845,38845,1
38846,38846,1
38847,38847,1
38848,38848,1
38849,38849,1
38850,38850,1
38851,38851,1
38852,38852,1
38853,38853,1
38854,38854,1
38855,38855,1
38856,38856,1
38857,38857,1
38858,38858,1
38859,38859,1
38860,38860,1
38861,38861,1
38862,38862,1
38863,38863,1
38864,38864,1
38865,38865,1
38866,38866,1
38867,38867,1
38868,38868,1
38869,38869,1
38870,38870,1
38871,38871,1
38872,38872,1
38873,38873,1
38874,38874,1
38875,38875,6
38876,38876,3
38877,38877,3
38878,38878,3
38879,38879,3
38880,38880,3
38881,38881,3
38882,38882,3
38883,38883,6
38884,38884,6
38885,38885,6
38886,38886,3
38887,38887,6
38888,38888,6
38889,38889,1
38890,38890,6
38891,38891,6
38892,38892,1
38893,38893,1
38894,38894,1
38895,38895,3
38896,38896,3
38897,38897,3
38898,38898,3
38899,38899,3
38900,38900,3
38901,38901,3
38902,38902,3
38903,38903,6
38904,38904,3
38905,38905,1
38906,38906,1
38907,38907,1
38908,38908,1
38909,38909,1
38910,38910,1
38911,38911,1
38912,38912,1
38913,38913,1
38914,38914,1
38915,38915,1
38916,38916,1
38917,38917,1
38918,38918,1
38919,38919,1
38920,38920,1
38921,38921,1
38922,38922,4
38923,38923,4
38924,38924,4
38925,38925,4
38926,38926,4
38927,38927,4
38928,38928,4
38929,38929,4
38930,38930,4
38931,38931,4
38932,38932,4
38933,38933,4
38934,38934,4
38935,38935,4
38936,38936,4
38937,38937,4
38938,38938,4
38939,38939,4
38940,38940,4
38941,38941,4
38942,38942,4
38943,38943,4
38944,38944,4
38945,38945,4
38946,38946,4
38947,38947,4
38948,38948,4
38949,38949,4
38950,38950,4
38951,38951,4
38952,38952,4
38953,38953,4
38954,38954,4
38955,38955,4
38956,38956,4
38957,38957,4
38958,38958,4
38959,38959,4
38960,38960,4
38961,38961,4
38962,38962,4
38963,38963,4
38964,38964,4
38965,38965,4
38966,38966,4
38967,38967,4
38968,38968,4
38969,38969,4
38970,38970,4
38971,38971,4
38972,38972,6
38973,38973,6
38974,38974,4
38975,38975,4
38976,38976,4
38977,38977,4
38978,38978,4
38979,38979,4
38980,38980,4
38981,38981,4
38982,38982,4
38983,38983,4
38984,38984,6
38985,38985,6
38986,38986,4
38987,38987,4
38988,38988,4
38989,38989,6
38990,38990,4
38991,38991,4
38992,38992,4
38993,38993,4
38994,38994,4
38995,38995,4
38996,38996,4
38997,38997,4
38998,38998,4
38999,38999,4
39000,39000,4
39001,39001,4
39002,39002,4
39003,39003,4
39004,39004,4
39005,39005,4
39006,39006,4
39007,39007,4
39008,39008,4
39009,39009,4
39010,39010,6
39011,39011,4
39012,39012,4
39013,39013,6
39014,39014,4
39015,39015,6
39016,39016,6
39017,39017,4
39018,39018,4
39019,39019,6
39020,39020,6
39021,39021,6
39022,39022,6
39023,39023,6
39024,39024,6
39025,39025,6
39026,39026,4
39027,39027,4
39028,39028,4
39029,39029,4
39030,39030,4
39031,39031,4
39032,39032,4
39033,39033,4
39034,39034,4
39035,39035,4
39036,39036,4
39037,39037,4
39038,39038,4
39039,39039,4
39040,39040,4
39041,39041,4
39042,39042,4
39043,39043,4
39044,39044,6
39045,39045,4
39046,39046,4
39047,39047,4
39048,39048,4
39049,39049,6
39050,39050,6
39051,39051,6
39052,39052,6
39053,39053,6
39054,39054,6
39055,39055,6
39056,39056,3
39057,39057,3
39058,39058,6
39059,39059,3
39060,39060,3
39061,39061,3
39062,39062,3
39063,39063,3
39064,39064,1
39065,39065,3
39066,39066,6
39067,39067,3
39068,39068,3
39069,39069,3
39070,39070,3
39071,39071,1
39072,39072,3
39073,39073,3
39074,39074,3
39075,39075,3
39076,39076,1
39077,39077,3
39078,39078,3
39079,39079,6
39080,39080,6
39081,39081,6
39082,39082,6
39083,39083,6
39084,39084,3
39085,39085,6
39086,39086,6
39087,39087,3
39088,39088,3
39089,39089,3
39090,39090,3
39091,39091,3
39092,39092,3
39093,39093,3
39094,39094,3
39095,39095,3
39096,39096,3
39097,39097,3
39098,39098,3
39099,39099,3
39100,39100,3
39101,39101,1
39102,39102,1
39103,39103,3
39104,39104,3
39105,39105,3
39106,39106,1
39107,39107,1
39108,39108,1
39109,39109,3
39110,39110,3
39111,39111,3
39112,39112,3
39113,39113,3
39114,39114,3
39115,39115,3
39116,39116,3
39117,39117,3
39118,39118,3
39119,39119,3
39120,39120,3
39121,39121,3
39122,39122,3
39123,39123,3
39124,39124,3
39125,39125,3
39126,39126,3
39127,39127,3
39128,39128,3
39129,39129,3
39130,39130,3
39131,39131,3
39132,39132,3
39133,39133,3
39134,39134,3
39135,39135,3
39136,39136,3
39137,39137,3
39138,39138,3
39139,39139,3
39140,39140,3
39141,39141,3
39142,39142,3
39143,39143,3
39144,39144,3
39145,39145,3
39146,39146,3
39147,39147,3
39148,39148,6
39149,39149,6
39150,39150,6
39151,39151,6
39152,39152,6
39153,39153,6
39154,39154,6
39155,39155,6
39156,39156,6
39157,39157,6
39158,39158,6
39159,39159,6
39160,39160,6
39161,39161,6
39162,39162,6
39163,39163,6
39164,39164,6
39165,39165,6
39166,39166,6
39167,39167,6
39168,39168,6
39169,39169,6
39170,39170,6
39171,39171,6
39172,39172,6
39173,39173,6
39174,39174,6
39175,39175,6
39176,39176,6
39177,39177,6
39178,39178,6
39179,39179,6
39180,39180,6
39181,39181,6
39182,39182,6
39183,39183,6
39184,39184,6
39185,39185,6
39186,39186,6
39187,39187,6
39188,39188,6
39189,39189,6
39190,39190,6
39191,39191,6
39192,39192,6
39193,39193,3
39194,39194,6
39195,39195,6
39196,39196,6
39197,39197,3
39198,39198,3
39199,39199,3
39200,39200,6
39201,39201,6
39202,39202,6
39203,39203,6
39204,39204,6
39205,39205,6
39206,39206,6
39207,39207,3
39208,39208,3
39209,39209,6
39210,39210,3
39211,39211,3
39212,39212,3
39213,39213,3
39214,39214,3
39215,39215,3
39216,39216,3
39217,39217,3
39218,39218,3
39219,39219,3
39220,39220,3
39221,39221,3
39222,39222,3
39223,39223,3
39224,39224,3
39225,39225,3
39226,39226,3
39227,39227,3
39228,39228,3
39229,39229,3
39230,39230,3
39231,39231,3
39232,39232,3
39233,39233,3
39234,39234,3
39235,39235,3
39236,39236,3
39237,39237,3
39238,39238,3
39239,39239,3
39240,39240,3
39241,39241,3
39242,39242,3
39243,39243,3
39244,39244,3
39245,39245,3
39246,39246,3
39247,39247,3
39248,39248,3
39249,39249,3
39250,39250,3
39251,39251,3
39252,39252,3
39253,39253,3
39254,39254,3
39255,39255,3
39256,39256,3
39257,39257,3
39258,39258,1
39259,39259,3
39260,39260,1
39261,39261,3
39262,39262,3
39263,39263,3
39264,39264,3
39265,39265,3
39266,39266,3
39267,39267,6
39268,39268,6
39269,39269,6
39270,39270,3
39271,39271,6
39272,39272,6
39273,39273,6
39274,39274,6
39275,39275,6
39276,39276,6
39277,39277,6
39278,39278,6
39279,39279,3
39280,39280,3
39281,39281,3
39282,39282,3
39283,39283,3
39284,39284,3
39285,39285,3
39286,39286,3
39287,39287,3
39288,39288,3
39289,39289,3
39290,39290,3
39291,39291,3
39292,39292,3
39293,39293,3
39294,39294,3
39295,39295,3
39296,39296,3
39297,39297,3
39298,39298,6
39299,39299,6
39300,39300,6
39301,39301,6
39302,39302,6
39303,39303,6
39304,39304,6
39305,39305,6
39306,39306,6
39307,39307,6
39308,39308,6
39309,39309,6
39310,39310,6
39311,39311,6
39312,39312,6
39313,39313,6
39314,39314,6
39315,39315,6
39316,39316,6
39317,39317,6
39318,39318,6
39319,39319,6
39320,39320,6
39321,39321,6
39322,39322,6
39323,39323,3
39324,39324,6
39325,39325,6
39326,39326,6
39327,39327,6
39328,39328,6
39329,39329,6
39330,39330,6
39331,39331,6
39332,39332,6
39333,39333,6
39334,39334,6
39335,39335,6
39336,39336,6
39337,39337,6
39338,39338,6
39339,39339,6
39340,39340,6
39341,39341,6
39342,39342,6
39343,39343,6
39344,39344,6
39345,39345,6
39346,39346,6
39347,39347,6
39348,39348,6
39349,39349,6
39350,39350,3
39351,39351,3
39352,39352,3
39353,39353,3
39354,39354,3
39355,39355,6
39356,39356,6
39357,39357,6
39358,39358,6
39359,39359,6
39360,39360,6
39361,39361,6
39362,39362,6
39363,39363,6
39364,39364,6
39365,39365,6
39366,39366,6
39367,39367,6
39368,39368,6
39369,39369,6
39370,39370,6
39371,39371,6
39372,39372,6
39373,39373,6
39374,39374,6
39375,39375,6
39376,39376,6
39377,39377,6
39378,39378,6
39379,39379,6
39380,39380,6
39381,39381,6
39382,39382,6
39383,39383,6
39384,39384,6
39385,39385,6
39386,39386,6
39387,39387,6
39388,39388,6
39389,39389,6
39390,39390,6
39391,39391,6
39392,39392,6
39393,39393,6
39394,39394,6
39395,39395,6
39396,39396,6
39397,39397,6
39398,39398,6
39399,39399,6
39400,39400,6
39401,39401,6
39402,39402,6
39403,39403,6
39404,39404,6
39405,39405,6
39406,39406,6
39407,39407,6
39408,39408,6
39409,39409,6
39410,39410,6
39411,39411,6
39412,39412,6
39413,39413,6
39414,39414,6
39415,39415,6
39416,39416,6
39417,39417,6
39418,39418,6
39419,39419,6
39420,39420,6
39421,39421,6
39422,39422,6
39423,39423,6
39424,39424,6
39425,39425,6
39426,39426,6
39427,39427,6
39428,39428,6
39429,39429,6
39430,39430,6
39431,39431,6
39432,39432,6
39433,39433,6
39434,39434,6
39435,39435,6
39436,39436,6
39437,39437,6
39438,39438,6
39439,39439,8
39440,39440,6
39441,39441,8
39442,39442,6
39443,39443,6
39444,39444,6
39445,39445,6
39446,39446,6
39447,39447,6
39448,39448,6
39449,39449,8
39450,39450,8
39451,39451,6
39452,39452,6
39453,39453,6
39454,39454,6
39455,39455,6
39456,39456,6
39457,39457,6
39458,39458,6
39459,39459,6
39460,39460,6
39461,39461,6
39462,39462,6
39463,39463,6
39464,39464,6
39465,39465,6
39466,39466,6
39467,39467,6
39468,39468,6
39469,39469,6
39470,39470,1
39471,39471,6
39472,39472,1
39473,39473,6
39474,39474,1
39475,39475,1
39476,39476,1
39477,39477,6
39478,39478,6
39479,39479,6
39480,39480,6
39481,39481,1
39482,39482,6
39483,39483,6
39484,39484,6
39485,39485,6
39486,39486,6
39487,39487,6
39488,39488,6
39489,39489,6
39490,39490,6
39491,39491,6
39492,39492,6
39493,39493,6
39494,39494,6
39495,39495,6
39496,39496,6
39497,39497,6
39498,39498,6
39499,39499,6
39500,39500,6
39501,39501,6
39502,39502,6
39503,39503,6
39504,39504,6
39505,39505,6
39506,39506,6
39507,39507,6
39508,39508,4
39509,39509,4
39510,39510,4
39511,39511,4
39512,39512,6
39513,39513,4
39514,39514,4
39515,39515,4
39516,39516,6
39517,39517,6
39518,39518,6
39519,39519,4
39520,39520,4
39521,39521,6
39522,39522,6
39523,39523,4
39524,39524,4
39525,39525,4
39526,39526,4
39527,39527,4
39528,39528,4
39529,39529,4
39530,39530,4
39531,39531,4
39532,39532,4
39533,39533,4
39534,39534,4
39535,39535,4
39536,39536,4
39537,39537,4
39538,39538,4
39539,39539,4
39540,39540,4
39541,39541,4
39542,39542,4
39543,39543,4
39544,39544,4
39545,39545,4
39546,39546,4
39547,39547,4
39548,39548,4
39549,39549,4
39550,39550,4
39551,39551,4
39552,39552,4
39553,39553,4
39554,39554,4
39555,39555,4
39556,39556,4
39557,39557,4
39558,39558,4
39559,39559,4
39560,39560,4
39561,39561,4
39562,39562,4
39563,39563,4
39564,39564,6
39565,39565,6
39566,39566,6
39567,39567,8
39568,39568,8
39569,39569,8
39570,39570,8
39571,39571,8
39572,39572,8
39573,39573,8
39574,39574,8
39575,39575,8
39576,39576,8
39577,39577,8
39578,39578,8
39579,39579,8
39580,39580,8
39581,39581,8
39582,39582,8
39583,39583,8
39584,39584,8
39585,39585,8
39586,39586,8
39587,39587,8
39588,39588,8
39589,39589,8
39590,39590,8
39591,39591,8
39592,39592,8
39593,39593,8
39594,39594,8
39595,39595,8
39596,39596,8
39597,39597,8
39598,39598,8
39599,39599,8
39600,39600,8
39601,39601,8
39602,39602,8
39603,39603,8
39604,39604,8
39605,39605,8
39606,39606,8
39607,39607,8
39608,39608,8
39609,39609,8
39610,39610,8
39611,39611,8
39612,39612,8
39613,39613,8
39614,39614,8
39615,39615,8
39616,39616,8
39617,39617,8
39618,39618,8
39619,39619,8
39620,39620,8
39621,39621,8
39622,39622,8
39623,39623,8
39624,39624,8
39625,39625,8
39626,39626,8
39627,39627,8
39628,39628,8
39629,39629,8
39630,39630,8
39631,39631,8
39632,39632,8
39633,39633,8
39634,39634,8
39635,39635,8
39636,39636,8
39637,39637,8
39638,39638,8
39639,39639,8
39640,39640,8
39641,39641,8
39642,39642,8
39643,39643,8
39644,39644,8
39645,39645,8
39646,39646,8
39647,39647,8
39648,39648,8
39649,39649,8
39650,39650,8
39651,39651,8
39652,39652,8
39653,39653,8
39654,39654,8
39655,39655,8
39656,39656,8
39657,39657,8
39658,39658,8
39659,39659,8
39660,39660,8
39661,39661,8
39662,39662,8
39663,39663,8
39664,39664,8
39665,39665,8
39666,39666,8
39667,39667,8
39668,39668,8
39669,39669,8
39670,39670,8
39671,39671,8
39672,39672,8
39673,39673,8
39674,39674,8
39675,39675,8
39676,39676,4
39677,39677,4
39678,39678,4
39679,39679,4
39680,39680,8
39681,39681,8
39682,39682,8
39683,39683,8
39684,39684,8
39685,39685,8
39686,39686,8
39687,39687,8
39688,39688,8
39689,39689,8
39690,39690,8
39691,39691,8
39692,39692,8
39693,39693,8
39694,39694,8
39695,39695,8
39696,39696,8
39697,39697,8
39698,39698,8
39699,39699,8
39700,39700,8
39701,39701,8
39702,39702,8
39703,39703,8
39704,39704,8
39705,39705,8
39706,39706,8
39707,39707,8
39708,39708,8
39709,39709,8
39710,39710,8
39711,39711,8
39712,39712,8
39713,39713,8
39714,39714,8
39715,39715,8
39716,39716,8
39717,39717,8
39718,39718,8
39719,39719,8
39720,39720,8
39721,39721,8
39722,39722,8
39723,39723,8
39724,39724,8
39725,39725,8
39726,39726,8
39727,39727,8
39728,39728,8
39729,39729,8
39730,39730,8
39731,39731,8
39732,39732,8
39733,39733,8
39734,39734,8
39735,39735,8
39736,39736,8
39737,39737,8
39738,39738,8
39739,39739,8
39740,39740,8
39741,39741,8
39742,39742,8
39743,39743,8
39744,39744,8
39745,39745,8
39746,39746,8
39747,39747,8
39748,39748,8
39749,39749,8
39750,39750,8
39751,39751,8
39752,39752,8
39753,39753,8
39754,39754,8
39755,39755,8
39756,39756,8
39757,39757,8
39758,39758,8
39759,39759,8
39760,39760,8
39761,39761,8
39762,39762,8
39763,39763,8
39764,39764,8
39765,39765,8
39766,39766,8
39767,39767,8
39768,39768,8
39769,39769,8
39770,39770,8
39771,39771,8
39772,39772,8
39773,39773,8
39774,39774,8
39775,39775,8
39776,39776,8
39777,39777,8
39778,39778,8
39779,39779,8
39780,39780,8
39781,39781,8
39782,39782,8
39783,39783,8
39784,39784,8
39785,39785,8
39786,39786,8
39787,39787,8
39788,39788,8
39789,39789,8
39790,39790,8
39791,39791,8
39792,39792,8
39793,39793,8
39794,39794,8
39795,39795,8
39796,39796,8
39797,39797,8
39798,39798,8
39799,39799,8
39800,39800,8
39801,39801,8
39802,39802,8
39803,39803,8
39804,39804,8
39805,39805,10
39806,39806,8
39807,39807,10
39808,39808,10
39809,39809,8
39810,39810,10
39811,39811,10
39812,39812,10
39813,39813,10
39814,39814,10
39815,39815,10
39816,39816,10
39817,39817,8
39818,39818,8
39819,39819,8
39820,39820,8
39821,39821,8
39822,39822,8
39823,39823,8
39824,39824,8
39825,39825,8
39826,39826,0
39827,39827,8
39828,39828,0
39829,39829,0
39830,39830,8
39831,39831,8
39832,39832,8
39833,39833,10
39834,39834,8
39835,39835,10
39836,39836,8
39837,39837,10
39838,39838,10
39839,39839,10
39840,39840,10
39841,39841,10
39842,39842,8
39843,39843,10
39844,39844,8
39845,39845,10
39846,39846,10
39847,39847,10
39848,39848,10
39849,39849,10
39850,39850,10
39851,39851,10
39852,39852,10
39853,39853,10
39854,39854,10
39855,39855,10
39856,39856,10
39857,39857,10
39858,39858,10
39859,39859,10
39860,39860,10
39861,39861,10
39862,39862,10
39863,39863,10
39864,39864,10
39865,39865,10
39866,39866,10
39867,39867,10
39868,39868,10
39869,39869,10
39870,39870,10
39871,39871,10
39872,39872,10
39873,39873,10
39874,39874,10
39875,39875,10
39876,39876,10
39877,39877,10
39878,39878,10
39879,39879,10
39880,39880,10
39881,39881,10
39882,39882,10
39883,39883,10
39884,39884,10
39885,39885,10
39886,39886,10
39887,39887,10
39888,39888,10
39889,39889,10
39890,39890,10
39891,39891,10
39892,39892,10
39893,39893,10
39894,39894,10
39895,39895,10
39896,39896,10
39897,39897,10
39898,39898,10
39899,39899,10
39900,39900,10
39901,39901,10
39902,39902,10
39903,39903,10
39904,39904,10
39905,39905,10
39906,39906,10
39907,39907,10
39908,39908,10
39909,39909,10
39910,39910,10
39911,39911,10
39912,39912,10
39913,39913,10
39914,39914,10
39915,39915,10
39916,39916,10
39917,39917,10
39918,39918,10
39919,39919,10
39920,39920,10
39921,39921,10
39922,39922,10
39923,39923,10
39924,39924,10
39925,39925,10
39926,39926,10
39927,39927,10
39928,39928,10
39929,39929,10
39930,39930,10
39931,39931,10
39932,39932,10
39933,39933,10
39934,39934,10
39935,39935,10
39936,39936,10
39937,39937,10
39938,39938,10
39939,39939,10
39940,39940,10
39941,39941,10
39942,39942,10
39943,39943,10
39944,39944,10
39945,39945,10
39946,39946,10
39947,39947,10
39948,39948,10
39949,39949,10
39950,39950,10
39951,39951,10
39952,39952,10
39953,39953,10
39954,39954,10
39955,39955,10
39956,39956,10
39957,39957,10
39958,39958,10
39959,39959,10
39960,39960,10
39961,39961,10
39962,39962,10
39963,39963,10
39964,39964,10
39965,39965,10
39966,39966,10
39967,39967,10
39968,39968,10
39969,39969,10
39970,39970,10
39971,39971,10
39972,39972,10
39973,39973,10
39974,39974,10
39975,39975,10
39976,39976,10
39977,39977,10
39978,39978,10
39979,39979,10
39980,39980,10
39981,39981,10
39982,39982,10
39983,39983,10
39984,39984,10
39985,39985,10
39986,39986,10
39987,39987,10
39988,39988,10
39989,39989,10
39990,39990,10
39991,39991,10
39992,39992,10
39993,39993,10
39994,39994,10
39995,39995,10
39996,39996,10
39997,39997,10
39998,39998,10
39999,39999,3
40000,40000,3
40001,40001,10
40002,40002,10
40003,40003,10
40004,40004,10
40005,40005,10
40006,40006,10
40007,40007,10
40008,40008,10
40009,40009,10
40010,40010,10
40011,40011,10
40012,40012,10
40013,40013,10
40014,40014,3
40015,40015,3
40016,40016,3
40017,40017,3
40018,40018,3
40019,40019,3
40020,40020,3
40021,40021,3
40022,40022,3
40023,40023,3
40024,40024,3
40025,40025,3
40026,40026,3
40027,40027,3
40028,40028,3
40029,40029,3
40030,40030,3
40031,40031,3
40032,40032,3
40033,40033,3
40034,40034,3
40035,40035,3
40036,40036,3
40037,40037,3
40038,40038,3
40039,40039,3
40040,40040,3
40041,40041,3
40042,40042,3
40043,40043,3
40044,40044,3
40045,40045,3
40046,40046,3
40047,40047,3
40048,40048,3
40049,40049,3
40050,40050,8
40051,40051,8
40052,40052,8
40053,40053,8
40054,40054,8
40055,40055,8
40056,40056,8
40057,40057,8
40058,40058,8
40059,40059,8
40060,40060,8
40061,40061,8
40062,40062,8
40063,40063,8
40064,40064,8
40065,40065,8
40066,40066,8
40067,40067,8
40068,40068,8
40069,40069,8
40070,40070,8
40071,40071,8
40072,40072,8
40073,40073,8
40074,40074,8
40075,40075,8
40076,40076,8
40077,40077,8
40078,40078,8
40079,40079,8
40080,40080,8
40081,40081,8
40082,40082,8
40083,40083,8
40084,40084,8
40085,40085,8
40086,40086,8
40087,40087,8
40088,40088,8
40089,40089,8
40090,40090,8
40091,40091,8
40092,40092,8
40093,40093,8
40094,40094,8
40095,40095,8
40096,40096,8
40097,40097,8
40098,40098,8
40099,40099,8
40100,40100,8
40101,40101,8
40102,40102,8
40103,40103,8
40104,40104,8
40105,40105,8
40106,40106,8
40107,40107,8
40108,40108,8
40109,40109,8
40110,40110,8
40111,40111,8
40112,40112,8
40113,40113,8
40114,40114,8
40115,40115,8
40116,40116,8
40117,40117,8
40118,40118,8
40119,40119,8
40120,40120,8
40121,40121,8
40122,40122,8
40123,40123,8
40124,40124,8
40125,40125,8
40126,40126,8
40127,40127,8
40128,40128,8
40129,40129,8
40130,40130,8
40131,40131,8
40132,40132,8
40133,40133,8
40134,40134,8
40135,40135,8
40136,40136,8
40137,40137,8
40138,40138,8
40139,40139,8
40140,40140,8
40141,40141,8
40142,40142,8
40143,40143,8
40144,40144,8
40145,40145,8
40146,40146,8
40147,40147,8
40148,40148,8
40149,40149,8
40150,40150,8
40151,40151,8
40152,40152,8
40153,40153,8
40154,40154,8
40155,40155,8
40156,40156,8
40157,40157,8
40158,40158,8
40159,40159,8
40160,40160,8
40161,40161,8
40162,40162,8
40163,40163,8
40164,40164,8
40165,40165,8
40166,40166,8
40167,40167,8
40168,40168,8
40169,40169,8
40170,40170,8
40171,40171,8
40172,40172,8
40173,40173,8
40174,40174,8
40175,40175,8
40176,40176,8
40177,40177,8
40178,40178,8
40179,40179,8
40180,40180,8
40181,40181,8
40182,40182,8
40183,40183,8
40184,40184,8
40185,40185,8
40186,40186,8
40187,40187,8
40188,40188,8
40189,40189,8
40190,40190,8
40191,40191,8
40192,40192,8
40193,40193,8
40194,40194,8
40195,40195,8
40196,40196,8
40197,40197,8
40198,40198,8
40199,40199,8
40200,40200,8
40201,40201,8
40202,40202,8
40203,40203,8
40204,40204,8
40205,40205,8
40206,40206,8
40207,40207,8
40208,40208,8
40209,40209,8
40210,40210,8
40211,40211,8
40212,40212,8
40213,40213,8
40214,40214,8
40215,40215,8
40216,40216,8
40217,40217,8
40218,40218,8
40219,40219,8
40220,40220,8
40221,40221,8
40222,40222,8
40223,40223,8
40224,40224,8
40225,40225,8
40226,40226,8
40227,40227,8
40228,40228,8
40229,40229,8
40230,40230,8
40231,40231,8
40232,40232,8
40233,40233,8
40234,40234,8
40235,40235,8
40236,40236,8
40237,40237,8
40238,40238,8
40239,40239,8
40240,40240,8
40241,40241,8
40242,40242,8
40243,40243,8
40244,40244,8
40245,40245,8
40246,40246,8
40247,40247,8
40248,40248,8
40249,40249,8
40250,40250,8
40251,40251,8
40252,40252,0
40253,40253,8
40254,40254,8
40255,40255,8
40256,40256,8
40257,40257,8
40258,40258,8
40259,40259,8
40260,40260,8
40261,40261,8
40262,40262,8
40263,40263,8
40264,40264,0
40265,40265,0
40266,40266,8
40267,40267,8
40268,40268,8
40269,40269,8
40270,40270,8
40271,40271,8
40272,40272,8
40273,40273,8
40274,40274,8
40275,40275,8
40276,40276,8
40277,40277,8
40278,40278,8
40279,40279,8
40280,40280,8
40281,40281,7
40282,40282,8
40283,40283,7
40284,40284,8
40285,40285,8
40286,40286,8
40287,40287,8
40288,40288,8
40289,40289,8
40290,40290,8
40291,40291,8
40292,40292,8
40293,40293,8
40294,40294,8
40295,40295,8
40296,40296,8
40297,40297,8
40298,40298,8
40299,40299,8
40300,40300,8
40301,40301,8
40302,40302,8
40303,40303,8
40304,40304,8
40305,40305,8
40306,40306,8
40307,40307,8
40308,40308,8
40309,40309,8
40310,40310,8
40311,40311,0
40312,40312,0
40313,40313,0
40314,40314,0
40315,40315,0
40316,40316,0
40317,40317,0
40318,40318,0
40319,40319,0
40320,40320,8
40321,40321,8
40322,40322,8
40323,40323,8
40324,40324,8
40325,40325,8
40326,40326,0
40327,40327,8
40328,40328,6
40329,40329,6
40330,40330,6
40331,40331,6
40332,40332,8
40333,40333,6
40334,40334,8
40335,40335,6
40336,40336,8
40337,40337,8
40338,40338,8
40339,40339,8
40340,40340,8
40341,40341,8
40342,40342,0
40343,40343,8
40344,40344,6
40345,40345,0
40346,40346,0
40347,40347,0
40348,40348,0
40349,40349,6
40350,40350,8
40351,40351,0
40352,40352,0
40353,40353,0
40354,40354,8
40355,40355,0
40356,40356,8
40357,40357,0
40358,40358,0
40359,40359,0
40360,40360,0
40361,40361,0
40362,40362,0
40363,40363,0
40364,40364,8
40365,40365,0
40366,40366,0
40367,40367,0
40368,40368,0
40369,40369,0
40370,40370,0
40371,40371,0
40372,40372,0
40373,40373,0
40374,40374,8
40375,40375,0
40376,40376,0
40377,40377,0
40378,40378,0
40379,40379,6
40380,40380,6
40381,40381,6
40382,40382,6
40383,40383,6
40384,40384,6
40385,40385,6
40386,40386,6
40387,40387,6
40388,40388,6
40389,40389,6
40390,40390,6
40391,40391,6
40392,40392,0
40393,40393,6
40394,40394,6
40395,40395,6
40396,40396,6
40397,40397,6
40398,40398,0
40399,40399,6
40400,40400,6
40401,40401,6
40402,40402,6
40403,40403,6
40404,40404,6
40405,40405,6
40406,40406,6
40407,40407,6
40408,40408,0
40409,40409,0
40410,40410,6
40411,40411,6
40412,40412,6
40413,40413,6
40414,40414,6
40415,40415,0
40416,40416,6
40417,40417,6
40418,40418,6
40419,40419,6
40420,40420,6
40421,40421,6
40422,40422,6
40423,40423,6
40424,40424,6
40425,40425,6
40426,40426,6
40427,40427,6
40428,40428,6
40429,40429,6
40430,40430,6
40431,40431,6
40432,40432,6
40433,40433,6
40434,40434,6
40435,40435,6
40436,40436,6
40437,40437,6
40438,40438,6
40439,40439,6
40440,40440,6
40441,40441,6
40442,40442,6
40443,40443,6
40444,40444,6
40445,40445,6
40446,40446,6
40447,40447,6
40448,40448,6
40449,40449,3
40450,40450,6
40451,40451,3
40452,40452,3
40453,40453,6
40454,40454,6
40455,40455,6
40456,40456,6
40457,40457,6
40458,40458,3
40459,40459,6
40460,40460,6
40461,40461,6
40462,40462,3
40463,40463,3
40464,40464,3
40465,40465,6
40466,40466,6
40467,40467,6
40468,40468,6
40469,40469,6
40470,40470,6
40471,40471,6
40472,40472,6
40473,40473,6
40474,40474,6
40475,40475,6
40476,40476,6
40477,40477,6
40478,40478,0
40479,40479,6
40480,40480,6
40481,40481,6
40482,40482,6
40483,40483,6
40484,40484,0
40485,40485,6
40486,40486,6
40487,40487,6
40488,40488,3
40489,40489,6
40490,40490,3
40491,40491,3
40492,40492,6
40493,40493,6
40494,40494,6
40495,40495,6
40496,40496,6
40497,40497,6
40498,40498,6
40499,40499,6
40500,40500,6
40501,40501,3
40502,40502,3
40503,40503,3
40504,40504,6
40505,40505,6
40506,40506,6
40507,40507,6
40508,40508,6
40509,40509,6
40510,40510,6
40511,40511,6
40512,40512,6
40513,40513,6
40514,40514,6
40515,40515,6
40516,40516,6
40517,40517,6
40518,40518,6
40519,40519,6
40520,40520,6
40521,40521,6
40522,40522,6
40523,40523,6
40524,40524,6
40525,40525,6
40526,40526,6
40527,40527,6
40528,40528,6
40529,40529,6
40530,40530,6
40531,40531,6
40532,40532,6
40533,40533,6
40534,40534,6
40535,40535,6
40536,40536,6
40537,40537,6
40538,40538,6
40539,40539,6
40540,40540,6
40541,40541,6
40542,40542,6
40543,40543,6
40544,40544,6
40545,40545,6
40546,40546,6
40547,40547,6
40548,40548,6
40549,40549,6
40550,40550,6
40551,40551,6
40552,40552,6
40553,40553,6
40554,40554,6
40555,40555,6
40556,40556,6
40557,40557,3
40558,40558,3
40559,40559,3
40560,40560,3
40561,40561,3
40562,40562,3
40563,40563,3
40564,40564,3
40565,40565,3
40566,40566,3
40567,40567,3
40568,40568,8
40569,40569,8
40570,40570,8
40571,40571,8
40572,40572,8
40573,40573,8
40574,40574,8
40575,40575,8
40576,40576,8
40577,40577,8
40578,40578,8
40579,40579,8
40580,40580,8
40581,40581,8
40582,40582,8
40583,40583,8
40584,40584,8
40585,40585,8
40586,40586,8
40587,40587,8
40588,40588,8
40589,40589,8
40590,40590,8
40591,40591,8
40592,40592,8
40593,40593,8
40594,40594,8
40595,40595,8
40596,40596,8
40597,40597,8
40598,40598,8
40599,40599,8
40600,40600,8
40601,40601,8
40602,40602,8
40603,40603,8
40604,40604,8
40605,40605,8
40606,40606,8
40607,40607,8
40608,40608,8
40609,40609,8
40610,40610,8
40611,40611,8
40612,40612,8
40613,40613,8
40614,40614,8
40615,40615,8
40616,40616,8
40617,40617,8
40618,40618,8
40619,40619,8
40620,40620,8
40621,40621,8
40622,40622,8
40623,40623,8
40624,40624,6
40625,40625,6
40626,40626,6
40627,40627,8
40628,40628,6
40629,40629,8
40630,40630,8
40631,40631,0
40632,40632,0
40633,40633,0
40634,40634,0
40635,40635,0
40636,40636,8
40637,40637,8
40638,40638,8
40639,40639,8
40640,40640,8
40641,40641,8
40642,40642,8
40643,40643,8
40644,40644,8
40645,40645,8
40646,40646,8
40647,40647,8
40648,40648,8
40649,40649,8
40650,40650,8
40651,40651,8
40652,40652,8
40653,40653,10
40654,40654,10
40655,40655,10
40656,40656,10
40657,40657,10
40658,40658,10
40659,40659,10
40660,40660,10
40661,40661,10
40662,40662,10
40663,40663,10
40664,40664,10
40665,40665,10
40666,40666,10
40667,40667,10
40668,40668,10
40669,40669,10
40670,40670,10
40671,40671,10
40672,40672,10
40673,40673,10
40674,40674,10
40675,40675,3
40676,40676,3
40677,40677,3
40678,40678,4
40679,40679,3
40680,40680,4
40681,40681,4
40682,40682,4
40683,40683,3
40684,40684,4
40685,40685,3
40686,40686,4
40687,40687,4
40688,40688,4
40689,40689,4
40690,40690,4
40691,40691,4
40692,40692,4
40693,40693,4
40694,40694,4
40695,40695,4
40696,40696,4
40697,40697,4
40698,40698,4
40699,40699,4
40700,40700,4
40701,40701,4
40702,40702,4
40703,40703,4
40704,40704,4
40705,40705,4
40706,40706,4
40707,40707,4
40708,40708,4
40709,40709,4
40710,40710,3
40711,40711,4
40712,40712,4
40713,40713,4
40714,40714,4
40715,40715,4
40716,40716,4
40717,40717,4
40718,40718,4
40719,40719,4
40720,40720,4
40721,40721,4
40722,40722,4
40723,40723,4
40724,40724,4
40725,40725,4
40726,40726,4
40727,40727,4
40728,40728,4
40729,40729,4
40730,40730,4
40731,40731,4
40732,40732,4
40733,40733,4
40734,40734,4
40735,40735,4
40736,40736,3
40737,40737,4
40738,40738,4
40739,40739,4
40740,40740,4
40741,40741,3
40742,40742,3
40743,40743,4
40744,40744,4
40745,40745,4
40746,40746,4
40747,40747,3
40748,40748,3
40749,40749,3
40750,40750,3
40751,40751,4
40752,40752,4
40753,40753,3
40754,40754,4
40755,40755,3
40756,40756,3
40757,40757,3
40758,40758,3
40759,40759,3
40760,40760,3
40761,40761,3
40762,40762,3
40763,40763,3
40764,40764,3
40765,40765,3
40766,40766,7
40767,40767,7
40768,40768,7
40769,40769,7
40770,40770,7
40771,40771,7
40772,40772,7
40773,40773,7
40774,40774,7
40775,40775,7
40776,40776,7
40777,40777,7
40778,40778,7
40779,40779,7
40780,40780,7
40781,40781,7
40782,40782,7
40783,40783,7
40784,40784,7
40785,40785,7
40786,40786,7
40787,40787,7
40788,40788,7
40789,40789,7
40790,40790,7
40791,40791,7
40792,40792,7
40793,40793,7
40794,40794,7
40795,40795,7
40796,40796,7
40797,40797,7
40798,40798,7
40799,40799,7
40800,40800,7
40801,40801,7
40802,40802,7
40803,40803,7
40804,40804,7
40805,40805,7
40806,40806,7
40807,40807,7
40808,40808,7
40809,40809,7
40810,40810,7
40811,40811,1
40812,40812,1
40813,40813,7
40814,40814,7
40815,40815,7
40816,40816,7
40817,40817,7
40818,40818,7
40819,40819,7
40820,40820,7
40821,40821,7
40822,40822,7
40823,40823,7
40824,40824,7
40825,40825,7
40826,40826,7
40827,40827,7
40828,40828,7
40829,40829,7
40830,40830,7
40831,40831,7
40832,40832,7
40833,40833,7
40834,40834,7
40835,40835,7
40836,40836,1
40837,40837,7
40838,40838,7
40839,40839,1
40840,40840,1
40841,40841,7
40842,40842,7
40843,40843,7
40844,40844,7
40845,40845,7
40846,40846,7
40847,40847,7
40848,40848,7
40849,40849,7
40850,40850,7
40851,40851,7
40852,40852,7
40853,40853,7
40854,40854,7
40855,40855,7
40856,40856,7
40857,40857,7
40858,40858,7
40859,40859,7
40860,40860,7
40861,40861,7
40862,40862,7
40863,40863,1
40864,40864,7
40865,40865,7
40866,40866,7
40867,40867,7
40868,40868,7
40869,40869,7
40870,40870,7
40871,40871,1
40872,40872,1
40873,40873,1
40874,40874,1
40875,40875,1
40876,40876,1
40877,40877,1
40878,40878,1
40879,40879,1
40880,40880,1
40881,40881,1
40882,40882,1
40883,40883,1
40884,40884,1
40885,40885,1
40886,40886,1
40887,40887,1
40888,40888,1
40889,40889,1
40890,40890,1
40891,40891,1
40892,40892,1
40893,40893,1
40894,40894,1
40895,40895,1
40896,40896,1
40897,40897,1
40898,40898,1
40899,40899,1
40900,40900,1
40901,40901,1
40902,40902,1
40903,40903,1
40904,40904,1
40905,40905,1
40906,40906,1
40907,40907,1
40908,40908,1
40909,40909,1
40910,40910,1
40911,40911,1
40912,40912,1
40913,40913,1
40914,40914,1
40915,40915,1
40916,40916,1
40917,40917,1
40918,40918,1
40919,40919,1
40920,40920,1
40921,40921,1
40922,40922,1
40923,40923,1
40924,40924,1
40925,40925,1
40926,40926,1
40927,40927,1
40928,40928,1
40929,40929,1
40930,40930,1
40931,40931,1
40932,40932,1
40933,40933,1
40934,40934,1
40935,40935,1
40936,40936,1
40937,40937,1
40938,40938,1
40939,40939,1
40940,40940,1
40941,40941,1
40942,40942,1
40943,40943,1
40944,40944,1
40945,40945,8
40946,40946,8
40947,40947,8
40948,40948,8
40949,40949,8
40950,40950,8
40951,40951,8
40952,40952,8
40953,40953,8
40954,40954,8
40955,40955,8
40956,40956,8
40957,40957,8
40958,40958,8
40959,40959,8
40960,40960,8
40961,40961,8
40962,40962,8
40963,40963,8
40964,40964,8
40965,40965,8
40966,40966,8
40967,40967,8
40968,40968,8
40969,40969,8
40970,40970,8
40971,40971,8
40972,40972,8
40973,40973,8
40974,40974,8
40975,40975,8
40976,40976,8
40977,40977,8
40978,40978,8
40979,40979,8
40980,40980,8
40981,40981,8
40982,40982,8
40983,40983,8
40984,40984,8
40985,40985,8
40986,40986,8
40987,40987,8
40988,40988,8
40989,40989,1
40990,40990,8
40991,40991,1
40992,40992,8
40993,40993,8
40994,40994,8
40995,40995,1
40996,40996,6
40997,40997,6
40998,40998,6
40999,40999,6
41000,41000,6
41001,41001,6
41002,41002,6
41003,41003,6
41004,41004,6
41005,41005,6
41006,41006,6
41007,41007,6
41008,41008,7
41009,41009,7
41010,41010,7
41011,41011,7
41012,41012,7
41013,41013,7
41014,41014,7
41015,41015,7
41016,41016,7
41017,41017,7
41018,41018,7
41019,41019,7
41020,41020,7
41021,41021,7
41022,41022,7
41023,41023,7
41024,41024,7
41025,41025,7
41026,41026,7
41027,41027,7
41028,41028,7
41029,41029,7
41030,41030,7
41031,41031,7
41032,41032,7
41033,41033,7
41034,41034,7
41035,41035,7
41036,41036,7
41037,41037,7
41038,41038,7
41039,41039,7
41040,41040,7
41041,41041,7
41042,41042,7
41043,41043,7
41044,41044,7
41045,41045,7
41046,41046,7
41047,41047,7
41048,41048,7
41049,41049,7
41050,41050,7
41051,41051,7
41052,41052,7
41053,41053,7
41054,41054,7
41055,41055,7
41056,41056,7
41057,41057,2
41058,41058,2
41059,41059,2
41060,41060,2
41061,41061,2
41062,41062,2
41063,41063,2
41064,41064,2
41065,41065,2
41066,41066,0
41067,41067,2
41068,41068,0
41069,41069,8
41070,41070,8
41071,41071,8
41072,41072,8
41073,41073,0
41074,41074,8
41075,41075,8
41076,41076,8
41077,41077,8
41078,41078,8
41079,41079,6
41080,41080,6
41081,41081,6
41082,41082,6
41083,41083,6
41084,41084,6
41085,41085,6
41086,41086,6
41087,41087,6
41088,41088,6
41089,41089,6
41090,41090,6
41091,41091,6
41092,41092,6
41093,41093,6
41094,41094,6
41095,41095,6
41096,41096,6
41097,41097,6
41098,41098,6
41099,41099,6
41100,41100,6
41101,41101,6
41102,41102,6
41103,41103,6
41104,41104,6
41105,41105,6
41106,41106,6
41107,41107,6
41108,41108,6
41109,41109,6
41110,41110,6
41111,41111,6
41112,41112,6
41113,41113,6
41114,41114,6
41115,41115,6
41116,41116,6
41117,41117,6
41118,41118,6
41119,41119,6
41120,41120,6
41121,41121,6
41122,41122,6
41123,41123,6
41124,41124,6
41125,41125,6
41126,41126,6
41127,41127,6
41128,41128,6
41129,41129,6
41130,41130,6
41131,41131,6
41132,41132,6
41133,41133,6
41134,41134,6
41135,41135,6
41136,41136,6
41137,41137,6
41138,41138,6
41139,41139,6
41140,41140,6
41141,41141,6
41142,41142,6
41143,41143,6
41144,41144,6
41145,41145,6
41146,41146,6
41147,41147,6
41148,41148,6
41149,41149,6
41150,41150,6
41151,41151,6
41152,41152,6
41153,41153,6
41154,41154,6
41155,41155,6
41156,41156,6
41157,41157,6
41158,41158,6
41159,41159,6
41160,41160,6
41161,41161,6
41162,41162,6
41163,41163,6
41164,41164,6
41165,41165,6
41166,41166,6
41167,41167,6
41168,41168,6
41169,41169,8
41170,41170,8
41171,41171,8
41172,41172,8
41173,41173,8
41174,41174,8
41175,41175,8
41176,41176,8
41177,41177,8
41178,41178,8
41179,41179,8
41180,41180,8
41181,41181,8
41182,41182,8
41183,41183,8
41184,41184,8
41185,41185,7
41186,41186,7
41187,41187,7
41188,41188,7
41189,41189,7
41190,41190,7
41191,41191,7
41192,41192,7
41193,41193,7
41194,41194,6
41195,41195,6
41196,41196,3
41197,41197,3
41198,41198,3
41199,41199,3
41200,41200,3
41201,41201,3
41202,41202,3
41203,41203,4
41204,41204,6
41205,41205,6
41206,41206,3
41207,41207,4
41208,41208,3
41209,41209,1
41210,41210,1
41211,41211,1
41212,41212,3
41213,41213,3
41214,41214,6
41215,41215,6
41216,41216,6
41217,41217,6
41218,41218,6
41219,41219,6
41220,41220,6
41221,41221,4
41222,41222,6
41223,41223,4
41224,41224,4
41225,41225,6
41226,41226,4
41227,41227,4
41228,41228,6
41229,41229,4
41230,41230,4
41231,41231,4
41232,41232,6
41233,41233,4
41234,41234,4
41235,41235,3
41236,41236,4
41237,41237,4
41238,41238,3
41239,41239,4
41240,41240,4
41241,41241,4
41242,41242,4
41243,41243,4
41244,41244,3
41245,41245,1
41246,41246,4
41247,41247,4
41248,41248,1
41249,41249,1
41250,41250,3
41251,41251,1
41252,41252,3
41253,41253,1
41254,41254,3
41255,41255,4
41256,41256,4
41257,41257,4
41258,41258,3
41259,41259,4
41260,41260,4
41261,41261,3
41262,41262,3
41263,41263,4
41264,41264,1
41265,41265,4
41266,41266,4
41267,41267,4
41268,41268,1
41269,41269,1
41270,41270,1
41271,41271,1
41272,41272,1
41273,41273,1
41274,41274,1
41275,41275,4
41276,41276,4
41277,41277,4
41278,41278,1
41279,41279,3
41280,41280,3
41281,41281,1
41282,41282,1
41283,41283,1
41284,41284,1
41285,41285,1
41286,41286,1
41287,41287,1
41288,41288,1
41289,41289,1
41290,41290,1
41291,41291,1
41292,41292,1
41293,41293,1
41294,41294,6
41295,41295,6
41296,41296,6
41297,41297,6
41298,41298,6
41299,41299,6
41300,41300,6
41301,41301,6
41302,41302,6
41303,41303,6
41304,41304,6
41305,41305,6
41306,41306,6
41307,41307,6
41308,41308,6
41309,41309,6
41310,41310,6
41311,41311,6
41312,41312,6
41313,41313,6
41314,41314,6
41315,41315,6
41316,41316,6
41317,41317,6
41318,41318,6
41319,41319,6
41320,41320,6
41321,41321,6
41322,41322,6
41323,41323,6
41324,41324,6
41325,41325,6
41326,41326,6
41327,41327,6
41328,41328,6
41329,41329,6
41330,41330,6
41331,41331,6
41332,41332,6
41333,41333,6
41334,41334,6
41335,41335,6
41336,41336,6
41337,41337,6
41338,41338,6
41339,41339,6
41340,41340,6
41341,41341,6
41342,41342,6
41343,41343,6
41344,41344,6
41345,41345,6
41346,41346,6
41347,41347,6
41348,41348,6
41349,41349,6
41350,41350,6
41351,41351,6
41352,41352,6
41353,41353,6
41354,41354,6
41355,41355,6
41356,41356,6
41357,41357,6
41358,41358,6
41359,41359,6
41360,41360,6
41361,41361,6
41362,41362,6
41363,41363,6
41364,41364,6
41365,41365,6
41366,41366,6
41367,41367,6
41368,41368,6
41369,41369,6
41370,41370,6
41371,41371,6
41372,41372,6
41373,41373,6
41374,41374,6
41375,41375,6
41376,41376,4
41377,41377,4
41378,41378,6
41379,41379,4
41380,41380,4
41381,41381,4
41382,41382,4
41383,41383,4
41384,41384,6
41385,41385,6
41386,41386,6
41387,41387,6
41388,41388,6
41389,41389,6
41390,41390,6
41391,41391,6
41392,41392,6
41393,41393,6
41394,41394,4
41395,41395,4
41396,41396,4
41397,41397,4
41398,41398,4
41399,41399,4
41400,41400,4
41401,41401,6
41402,41402,4
41403,41403,4
41404,41404,4
41405,41405,4
41406,41406,4
41407,41407,4
41408,41408,4
41409,41409,6
41410,41410,4
41411,41411,6
41412,41412,4
41413,41413,4
41414,41414,6
41415,41415,6
41416,41416,6
41417,41417,6
41418,41418,6
41419,41419,6
41420,41420,6
41421,41421,6
41422,41422,6
41423,41423,6
41424,41424,3
41425,41425,6
41426,41426,6
41427,41427,6
41428,41428,6
41429,41429,6
41430,41430,3
41431,41431,6
41432,41432,6
41433,41433,6
41434,41434,4
41435,41435,4
41436,41436,6
41437,41437,4
41438,41438,6
41439,41439,4
41440,41440,4
41441,41441,4
41442,41442,4
41443,41443,4
41444,41444,6
41445,41445,6
41446,41446,6
41447,41447,6
41448,41448,6
41449,41449,6
41450,41450,6
41451,41451,6
41452,41452,6
41453,41453,6
41454,41454,6
41455,41455,6
41456,41456,6
41457,41457,3
41458,41458,6
41459,41459,6
41460,41460,1
41461,41461,1
41462,41462,4
41463,41463,4
41464,41464,4
41465,41465,4
41466,41466,4
41467,41467,4
41468,41468,4
41469,41469,3
41470,41470,1
41471,41471,1
41472,41472,1
41473,41473,1
41474,41474,1
41475,41475,1
41476,41476,1
41477,41477,1
41478,41478,1
41479,41479,1
41480,41480,1
41481,41481,1
41482,41482,1
41483,41483,1
41484,41484,3
41485,41485,1
41486,41486,1
41487,41487,3
41488,41488,3
41489,41489,3
41490,41490,3
41491,41491,1
41492,41492,1
41493,41493,1
41494,41494,1
41495,41495,1
41496,41496,1
41497,41497,1
41498,41498,1
41499,41499,1
41500,41500,1
41501,41501,1
41502,41502,1
41503,41503,3
41504,41504,1
41505,41505,1
41506,41506,1
41507,41507,1
41508,41508,1
41509,41509,1
41510,41510,1
41511,41511,3
41512,41512,1
41513,41513,1
41514,41514,1
41515,41515,1
41516,41516,1
41517,41517,1
41518,41518,1
41519,41519,1
41520,41520,1
41521,41521,1
41522,41522,1
41523,41523,1
41524,41524,1
41525,41525,1
41526,41526,1
41527,41527,1
41528,41528,1
41529,41529,1
41530,41530,1
41531,41531,1
41532,41532,1
41533,41533,1
41534,41534,4
41535,41535,3
41536,41536,3
41537,41537,3
41538,41538,1
41539,41539,1
41540,41540,1
41541,41541,1
41542,41542,1
41543,41543,1
41544,41544,1
41545,41545,1
41546,41546,1
41547,41547,1
41548,41548,1
41549,41549,1
41550,41550,1
41551,41551,1
41552,41552,6
41553,41553,6
41554,41554,6
41555,41555,6
41556,41556,6
41557,41557,6
41558,41558,6
41559,41559,6
41560,41560,6
41561,41561,6
41562,41562,6
41563,41563,6
41564,41564,6
41565,41565,6
41566,41566,6
41567,41567,6
41568,41568,6
41569,41569,6
41570,41570,6
41571,41571,6
41572,41572,6
41573,41573,6
41574,41574,6
41575,41575,6
41576,41576,6
41577,41577,6
41578,41578,6
41579,41579,6
41580,41580,6
41581,41581,6
41582,41582,6
41583,41583,6
41584,41584,6
41585,41585,6
41586,41586,6
41587,41587,6
41588,41588,6
41589,41589,6
41590,41590,6
41591,41591,4
41592,41592,6
41593,41593,6
41594,41594,6
41595,41595,6
41596,41596,6
41597,41597,6
41598,41598,6
41599,41599,6
41600,41600,6
41601,41601,6
41602,41602,6
41603,41603,6
41604,41604,6
41605,41605,6
41606,41606,6
41607,41607,6
41608,41608,4
41609,41609,4
41610,41610,6
41611,41611,6
41612,41612,4
41613,41613,4
41614,41614,4
41615,41615,4
41616,41616,4
41617,41617,4
41618,41618,4
41619,41619,4
41620,41620,4
41621,41621,4
41622,41622,4
41623,41623,4
41624,41624,4
41625,41625,4
41626,41626,4
41627,41627,4
41628,41628,4
41629,41629,6
41630,41630,4
41631,41631,4
41632,41632,6
41633,41633,4
41634,41634,6
41635,41635,6
41636,41636,6
41637,41637,6
41638,41638,6
41639,41639,6
41640,41640,6
41641,41641,4
41642,41642,6
41643,41643,6
41644,41644,6
41645,41645,6
41646,41646,6
41647,41647,3
41648,41648,6
41649,41649,3
41650,41650,3
41651,41651,4
41652,41652,6
41653,41653,6
41654,41654,6
41655,41655,6
41656,41656,6
41657,41657,6
41658,41658,3
41659,41659,3
41660,41660,3
41661,41661,3
41662,41662,6
41663,41663,3
41664,41664,6
41665,41665,3
41666,41666,6
41667,41667,6
41668,41668,6
41669,41669,6
41670,41670,6
41671,41671,3
41672,41672,6
41673,41673,6
41674,41674,6
41675,41675,6
41676,41676,6
41677,41677,6
41678,41678,6
41679,41679,6
41680,41680,6
41681,41681,6
41682,41682,6
41683,41683,6
41684,41684,6
41685,41685,6
41686,41686,6
41687,41687,3
41688,41688,3
41689,41689,6
41690,41690,6
41691,41691,6
41692,41692,3
41693,41693,3
41694,41694,3
41695,41695,3
41696,41696,3
41697,41697,3
41698,41698,3
41699,41699,3
41700,41700,4
41701,41701,4
41702,41702,3
41703,41703,4
41704,41704,3
41705,41705,4
41706,41706,3
41707,41707,3
41708,41708,3
41709,41709,3
41710,41710,3
41711,41711,3
41712,41712,4
41713,41713,3
41714,41714,3
41715,41715,3
41716,41716,3
41717,41717,3
41718,41718,3
41719,41719,4
41720,41720,3
41721,41721,4
41722,41722,6
41723,41723,3
41724,41724,3
41725,41725,3
41726,41726,3
41727,41727,3
41728,41728,6
41729,41729,3
41730,41730,3
41731,41731,4
41732,41732,4
41733,41733,4
41734,41734,3
41735,41735,3
41736,41736,4
41737,41737,3
41738,41738,3
41739,41739,3
41740,41740,3
41741,41741,4
41742,41742,3
41743,41743,4
41744,41744,4
41745,41745,4
41746,41746,4
41747,41747,4
41748,41748,4
41749,41749,4
41750,41750,4
41751,41751,4
41752,41752,3
41753,41753,6
41754,41754,4
41755,41755,6
41756,41756,3
41757,41757,4
41758,41758,3
41759,41759,3
41760,41760,3
41761,41761,3
41762,41762,3
41763,41763,4
41764,41764,4
41765,41765,4
41766,41766,4
41767,41767,4
41768,41768,4
41769,41769,4
41770,41770,4
41771,41771,4
41772,41772,3
41773,41773,4
41774,41774,4
41775,41775,3
41776,41776,3
41777,41777,3
41778,41778,3
41779,41779,3
41780,41780,3
41781,41781,4
41782,41782,3
41783,41783,4
41784,41784,1
41785,41785,3
41786,41786,3
41787,41787,3
41788,41788,1
41789,41789,1
41790,41790,3
41791,41791,1
41792,41792,3
41793,41793,3
41794,41794,3
41795,41795,4
41796,41796,3
41797,41797,3
41798,41798,4
41799,41799,4
41800,41800,4
41801,41801,3
41802,41802,4
41803,41803,4
41804,41804,4
41805,41805,4
41806,41806,4
41807,41807,4
41808,41808,4
41809,41809,4
41810,41810,4
41811,41811,4
41812,41812,4
41813,41813,4
41814,41814,4
41815,41815,4
41816,41816,4
41817,41817,4
41818,41818,4
41819,41819,4
41820,41820,4
41821,41821,4
41822,41822,4
41823,41823,3
41824,41824,4
41825,41825,4
41826,41826,4
41827,41827,3
41828,41828,4
41829,41829,4
41830,41830,3
41831,41831,3
41832,41832,3
41833,41833,3
41834,41834,4
41835,41835,3
41836,41836,3
41837,41837,3
41838,41838,3
41839,41839,3
41840,41840,3
41841,41841,3
41842,41842,1
41843,41843,1
41844,41844,1
41845,41845,3
41846,41846,3
41847,41847,3
41848,41848,3
41849,41849,3
41850,41850,3
41851,41851,1
41852,41852,3
41853,41853,3
41854,41854,3
41855,41855,4
41856,41856,4
41857,41857,4
41858,41858,3
41859,41859,4
41860,41860,4
41861,41861,4
41862,41862,4
41863,41863,4
41864,41864,3
41865,41865,3
41866,41866,4
41867,41867,4
41868,41868,4
41869,41869,4
41870,41870,4
41871,41871,3
41872,41872,3
41873,41873,3
41874,41874,3
41875,41875,3
41876,41876,3
41877,41877,3
41878,41878,3
41879,41879,3
41880,41880,3
41881,41881,3
41882,41882,4
41883,41883,4
41884,41884,4
41885,41885,4
41886,41886,4
41887,41887,4
41888,41888,4
41889,41889,4
41890,41890,4
41891,41891,4
41892,41892,3
41893,41893,4
41894,41894,4
41895,41895,4
41896,41896,4
41897,41897,4
41898,41898,4
41899,41899,4
41900,41900,3
41901,41901,3
41902,41902,4
41903,41903,4
41904,41904,4
41905,41905,4
41906,41906,4
41907,41907,4
41908,41908,4
41909,41909,4
41910,41910,4
41911,41911,4
41912,41912,3
41913,41913,4
41914,41914,4
41915,41915,4
41916,41916,4
41917,41917,4
41918,41918,3
41919,41919,4
41920,41920,3
41921,41921,3
41922,41922,4
41923,41923,4
41924,41924,4
41925,41925,4
41926,41926,3
41927,41927,3
41928,41928,4
41929,41929,4
41930,41930,4
41931,41931,4
41932,41932,4
41933,41933,4
41934,41934,4
41935,41935,4
41936,41936,4
41937,41937,4
41938,41938,4
41939,41939,4
41940,41940,3
41941,41941,3
41942,41942,3
41943,41943,3
41944,41944,3
41945,41945,3
41946,41946,3
41947,41947,3
41948,41948,3
41949,41949,3
41950,41950,4
41951,41951,4
41952,41952,4
41953,41953,4
41954,41954,4
41955,41955,3
41956,41956,4
41957,41957,3
41958,41958,3
41959,41959,3
41960,41960,4
41961,41961,4
41962,41962,4
41963,41963,4
41964,41964,4
41965,41965,4
41966,41966,4
41967,41967,4
41968,41968,4
41969,41969,4
41970,41970,3
41971,41971,3
41972,41972,3
41973,41973,3
41974,41974,4
41975,41975,3
41976,41976,4
41977,41977,3
41978,41978,4
41979,41979,4
41980,41980,4
41981,41981,4
41982,41982,4
41983,41983,6
41984,41984,6
41985,41985,3
41986,41986,4
41987,41987,4
41988,41988,4
41989,41989,4
41990,41990,4
41991,41991,4
41992,41992,4
41993,41993,4
41994,41994,4
41995,41995,4
41996,41996,3
41997,41997,3
41998,41998,3
41999,41999,3
42000,42000,3
42001,42001,3
42002,42002,3
42003,42003,3
42004,42004,3
42005,42005,3
42006,42006,3
42007,42007,3
42008,42008,3
42009,42009,3
42010,42010,3
42011,42011,3
42012,42012,3
42013,42013,3
42014,42014,3
42015,42015,4
42016,42016,1
42017,42017,1
42018,42018,1
42019,42019,1
42020,42020,1
42021,42021,1
42022,42022,3
42023,42023,1
42024,42024,1
42025,42025,1
42026,42026,1
42027,42027,1
42028,42028,1
42029,42029,1
42030,42030,1
42031,42031,1
42032,42032,1
42033,42033,1
42034,42034,1
42035,42035,1
42036,42036,1
42037,42037,1
42038,42038,1
42039,42039,1
42040,42040,1
42041,42041,1
42042,42042,1
42043,42043,1
42044,42044,1
42045,42045,1
42046,42046,4
42047,42047,3
42048,42048,3
42049,42049,4
42050,42050,4
42051,42051,4
42052,42052,1
42053,42053,3
42054,42054,1
42055,42055,3
42056,42056,1
42057,42057,3
42058,42058,0
42059,42059,0
42060,42060,0
42061,42061,0
42062,42062,0
42063,42063,0
42064,42064,6
42065,42065,0
42066,42066,0
42067,42067,0
42068,42068,0
42069,42069,0
42070,42070,0
42071,42071,0
42072,42072,0
42073,42073,6
42074,42074,6
42075,42075,6
42076,42076,6
42077,42077,0
42078,42078,6
42079,42079,0
42080,42080,6
42081,42081,6
42082,42082,6
42083,42083,6
42084,42084,6
42085,42085,6
42086,42086,6
42087,42087,6
42088,42088,6
42089,42089,6
42090,42090,6
42091,42091,6
42092,42092,6
42093,42093,6
42094,42094,6
42095,42095,6
42096,42096,6
42097,42097,6
42098,42098,6
42099,42099,6
42100,42100,6
42101,42101,6
42102,42102,6
42103,42103,6
42104,42104,6
42105,42105,6
42106,42106,6
42107,42107,6
42108,42108,6
42109,42109,6
42110,42110,6
42111,42111,6
42112,42112,6
42113,42113,6
42114,42114,6
42115,42115,6
42116,42116,6
42117,42117,6
42118,42118,6
42119,42119,6
42120,42120,6
42121,42121,6
42122,42122,6
42123,42123,6
42124,42124,6
42125,42125,6
42126,42126,6
42127,42127,6
42128,42128,6
42129,42129,6
42130,42130,6
42131,42131,6
42132,42132,6
42133,42133,6
42134,42134,6
42135,42135,6
42136,42136,6
42137,42137,6
42138,42138,6
42139,42139,6
42140,42140,6
42141,42141,6
42142,42142,6
42143,42143,6
42144,42144,6
42145,42145,6
42146,42146,6
42147,42147,6
42148,42148,6
42149,42149,6
42150,42150,6
42151,42151,6
42152,42152,6
42153,42153,6
42154,42154,6
42155,42155,6
42156,42156,6
42157,42157,6
42158,42158,6
42159,42159,6
42160,42160,6
42161,42161,6
42162,42162,6
42163,42163,6
42164,42164,6
42165,42165,6
42166,42166,6
42167,42167,6
42168,42168,6
42169,42169,6
42170,42170,6
42171,42171,6
42172,42172,6
42173,42173,6
42174,42174,6
42175,42175,6
42176,42176,6
42177,42177,6
42178,42178,6
42179,42179,6
42180,42180,6
42181,42181,6
42182,42182,6
42183,42183,6
42184,42184,6
42185,42185,6
42186,42186,6
42187,42187,6
42188,42188,6
42189,42189,6
42190,42190,6
42191,42191,6
42192,42192,6
42193,42193,6
42194,42194,6
42195,42195,6
42196,42196,6
42197,42197,6
42198,42198,6
42199,42199,6
42200,42200,6
42201,42201,6
42202,42202,6
42203,42203,6
42204,42204,6
42205,42205,6
42206,42206,6
42207,42207,6
42208,42208,6
42209,42209,3
42210,42210,6
42211,42211,6
42212,42212,6
42213,42213,6
42214,42214,6
42215,42215,6
42216,42216,6
42217,42217,6
42218,42218,3
42219,42219,6
42220,42220,6
42221,42221,0
42222,42222,0
42223,42223,6
42224,42224,6
42225,42225,6
42226,42226,6
42227,42227,6
42228,42228,6
42229,42229,6
42230,42230,6
42231,42231,6
42232,42232,6
42233,42233,6
42234,42234,6
42235,42235,6
42236,42236,6
42237,42237,6
42238,42238,6
42239,42239,6
42240,42240,6
42241,42241,6
42242,42242,6
42243,42243,6
42244,42244,6
42245,42245,6
42246,42246,6
42247,42247,6
42248,42248,6
42249,42249,6
42250,42250,6
42251,42251,6
42252,42252,6
42253,42253,6
42254,42254,6
42255,42255,6
42256,42256,6
42257,42257,6
42258,42258,6
42259,42259,6
42260,42260,6
42261,42261,6
42262,42262,6
42263,42263,6
42264,42264,6
42265,42265,6
42266,42266,6
42267,42267,6
42268,42268,6
42269,42269,6
42270,42270,6
42271,42271,6
42272,42272,6
42273,42273,6
42274,42274,6
42275,42275,6
42276,42276,6
42277,42277,6
42278,42278,6
42279,42279,6
42280,42280,6
42281,42281,6
42282,42282,6
42283,42283,6
42284,42284,6
42285,42285,6
42286,42286,6
42287,42287,6
42288,42288,6
42289,42289,6
42290,42290,3
42291,42291,3
42292,42292,6
42293,42293,6
42294,42294,6
42295,42295,6
42296,42296,6
42297,42297,6
42298,42298,6
42299,42299,6
42300,42300,6
42301,42301,6
42302,42302,6
42303,42303,3
42304,42304,4
42305,42305,4
42306,42306,4
42307,42307,6
42308,42308,4
42309,42309,6
42310,42310,3
42311,42311,6
42312,42312,6
42313,42313,6
42314,42314,3
42315,42315,6
42316,42316,6
42317,42317,6
42318,42318,6
42319,42319,6
42320,42320,6
42321,42321,6
42322,42322,6
42323,42323,6
42324,42324,6
42325,42325,6
42326,42326,6
42327,42327,3
42328,42328,3
42329,42329,6
42330,42330,6
42331,42331,3
42332,42332,4
42333,42333,4
42334,42334,4
42335,42335,3
42336,42336,4
42337,42337,6
42338,42338,3
42339,42339,4
42340,42340,4
42341,42341,4
42342,42342,4
42343,42343,4
42344,42344,4
42345,42345,6
42346,42346,3
42347,42347,4
42348,42348,4
42349,42349,4
42350,42350,6
42351,42351,8
42352,42352,8
42353,42353,8
42354,42354,8
42355,42355,8
42356,42356,8
42357,42357,8
42358,42358,8
42359,42359,8
42360,42360,8
42361,42361,8
42362,42362,8
42363,42363,1
42364,42364,8
42365,42365,1
42366,42366,1
42367,42367,1
42368,42368,1
42369,42369,1
42370,42370,1
42371,42371,1
42372,42372,1
42373,42373,1
42374,42374,1
42375,42375,1
42376,42376,8
42377,42377,1
42378,42378,8
42379,42379,8
42380,42380,1
42381,42381,1
42382,42382,1
42383,42383,1
42384,42384,1
42385,42385,8
42386,42386,8
42387,42387,8
42388,42388,8
42389,42389,8
42390,42390,8
42391,42391,8
42392,42392,8
42393,42393,8
42394,42394,8
42395,42395,8
42396,42396,8
42397,42397,8
42398,42398,8
42399,42399,8
42400,42400,8
42401,42401,8
42402,42402,8
42403,42403,8
42404,42404,8
42405,42405,8
42406,42406,8
42407,42407,8
42408,42408,8
42409,42409,8
42410,42410,8
42411,42411,8
42412,42412,8
42413,42413,8
42414,42414,8
42415,42415,8
42416,42416,8
42417,42417,8
42418,42418,8
42419,42419,8
42420,42420,8
42421,42421,8
42422,42422,8
42423,42423,8
42424,42424,8
42425,42425,8
42426,42426,8
42427,42427,2
42428,42428,2
42429,42429,0
42430,42430,7
42431,42431,0
42432,42432,0
42433,42433,0
42434,42434,2
42435,42435,2
42436,42436,2
42437,42437,2
42438,42438,2
42439,42439,2
42440,42440,2
42441,42441,2
42442,42442,2
42443,42443,2
42444,42444,2
42445,42445,2
42446,42446,2
42447,42447,2
42448,42448,2
42449,42449,2
42450,42450,2
42451,42451,2
42452,42452,2
42453,42453,2
42454,42454,2
42455,42455,2
42456,42456,2
42457,42457,2
42458,42458,2
42459,42459,2
42460,42460,2
42461,42461,2
42462,42462,2
42463,42463,2
42464,42464,2
42465,42465,2
42466,42466,3
42467,42467,3
42468,42468,3
42469,42469,3
42470,42470,3
42471,42471,3
42472,42472,3
42473,42473,3
42474,42474,3
42475,42475,3
42476,42476,3
42477,42477,3
42478,42478,3
42479,42479,3
42480,42480,3
42481,42481,3
42482,42482,3
42483,42483,3
42484,42484,3
42485,42485,3
42486,42486,3
42487,42487,3
42488,42488,3
42489,42489,3
42490,42490,3
42491,42491,3
42492,42492,3
42493,42493,3
42494,42494,3
42495,42495,3
42496,42496,3
42497,42497,3
42498,42498,3
42499,42499,3
42500,42500,3
42501,42501,3
42502,42502,3
42503,42503,3
42504,42504,3
42505,42505,3
42506,42506,3
42507,42507,3
42508,42508,3
42509,42509,3
42510,42510,3
42511,42511,3
42512,42512,3
42513,42513,3
42514,42514,3
42515,42515,3
42516,42516,3
42517,42517,3
42518,42518,3
42519,42519,3
42520,42520,3
42521,42521,3
42522,42522,3
42523,42523,3
42524,42524,3
42525,42525,3
42526,42526,3
42527,42527,3
42528,42528,3
42529,42529,3
42530,42530,3
42531,42531,3
42532,42532,3
42533,42533,3
42534,42534,3
42535,42535,3
42536,42536,3
42537,42537,3
42538,42538,3
42539,42539,3
42540,42540,3
42541,42541,3
42542,42542,3
42543,42543,3
42544,42544,3
42545,42545,3
42546,42546,3
42547,42547,3
42548,42548,3
42549,42549,3
42550,42550,3
42551,42551,3
42552,42552,3
42553,42553,3
42554,42554,3
42555,42555,3
42556,42556,3
42557,42557,3
42558,42558,3
42559,42559,3
42560,42560,3
42561,42561,3
42562,42562,3
42563,42563,3
42564,42564,3
42565,42565,3
42566,42566,3
42567,42567,6
42568,42568,4
42569,42569,4
42570,42570,3
42571,42571,3
42572,42572,3
42573,42573,3
42574,42574,3
42575,42575,3
42576,42576,3
42577,42577,6
42578,42578,6
42579,42579,6
42580,42580,6
42581,42581,6
42582,42582,6
42583,42583,6
42584,42584,6
42585,42585,4
42586,42586,6
42587,42587,4
42588,42588,3
42589,42589,4
42590,42590,4
42591,42591,4
42592,42592,4
42593,42593,4
42594,42594,4
42595,42595,4
42596,42596,4
42597,42597,6
42598,42598,4
42599,42599,6
42600,42600,6
42601,42601,6
42602,42602,4
42603,42603,6
42604,42604,4
42605,42605,4
42606,42606,4
42607,42607,4
42608,42608,6
42609,42609,3
42610,42610,4
42611,42611,4
42612,42612,4
42613,42613,6
42614,42614,4
42615,42615,4
42616,42616,3
42617,42617,4
42618,42618,4
42619,42619,4
42620,42620,6
42621,42621,4
42622,42622,4
42623,42623,3
42624,42624,6
42625,42625,6
42626,42626,4
42627,42627,4
42628,42628,4
42629,42629,3
42630,42630,3
42631,42631,3
42632,42632,3
42633,42633,3
42634,42634,3
42635,42635,3
42636,42636,3
42637,42637,3
42638,42638,3
42639,42639,3
42640,42640,6
42641,42641,6
42642,42642,6
42643,42643,1
42644,42644,3
42645,42645,3
42646,42646,1
42647,42647,3
42648,42648,3
42649,42649,3
42650,42650,3
42651,42651,3
42652,42652,3
42653,42653,3
42654,42654,3
42655,42655,3
42656,42656,3
42657,42657,3
42658,42658,3
42659,42659,3
42660,42660,3
42661,42661,3
42662,42662,3
42663,42663,3
42664,42664,3
42665,42665,1
42666,42666,1
42667,42667,3
42668,42668,3
42669,42669,3
42670,42670,3
42671,42671,3
42672,42672,3
42673,42673,3
42674,42674,3
42675,42675,3
42676,42676,3
42677,42677,3
42678,42678,3
42679,42679,3
42680,42680,3
42681,42681,3
42682,42682,3
42683,42683,3
42684,42684,3
42685,42685,3
42686,42686,3
42687,42687,3
42688,42688,3
42689,42689,3
42690,42690,3
42691,42691,3
42692,42692,3
42693,42693,3
42694,42694,3
42695,42695,3
42696,42696,3
42697,42697,3
42698,42698,3
42699,42699,3
42700,42700,3
42701,42701,3
42702,42702,3
42703,42703,3
42704,42704,3
42705,42705,3
42706,42706,3
42707,42707,3
42708,42708,3
42709,42709,3
42710,42710,3
42711,42711,3
42712,42712,3
42713,42713,3
42714,42714,3
42715,42715,3
42716,42716,3
42717,42717,3
42718,42718,3
42719,42719,3
42720,42720,3
42721,42721,3
42722,42722,3
42723,42723,3
42724,42724,3
42725,42725,3
42726,42726,3
42727,42727,3
42728,42728,3
42729,42729,3
42730,42730,3
42731,42731,3
42732,42732,3
42733,42733,3
42734,42734,3
42735,42735,3
42736,42736,3
42737,42737,3
42738,42738,3
42739,42739,3
42740,42740,3
42741,42741,3
42742,42742,3
42743,42743,3
42744,42744,3
42745,42745,3
42746,42746,3
42747,42747,1
42748,42748,1
42749,42749,1
42750,42750,1
42751,42751,1
42752,42752,1
42753,42753,3
42754,42754,1
42755,42755,1
42756,42756,1
42757,42757,1
42758,42758,3
42759,42759,1
42760,42760,1
42761,42761,1
42762,42762,1
42763,42763,3
42764,42764,1
42765,42765,1
42766,42766,3
42767,42767,3
42768,42768,3
42769,42769,3
42770,42770,3
42771,42771,3
42772,42772,3
42773,42773,1
42774,42774,3
42775,42775,3
42776,42776,1
42777,42777,3
42778,42778,3
42779,42779,3
42780,42780,1
42781,42781,3
42782,42782,1
42783,42783,1
42784,42784,3
42785,42785,1
42786,42786,3
42787,42787,3
42788,42788,1
42789,42789,1
42790,42790,1
42791,42791,1
42792,42792,1
42793,42793,1
42794,42794,1
42795,42795,1
42796,42796,1
42797,42797,1
42798,42798,1
42799,42799,1
42800,42800,1
42801,42801,3
42802,42802,1
42803,42803,3
42804,42804,3
42805,42805,1
42806,42806,1
42807,42807,1
42808,42808,1
42809,42809,1
42810,42810,1
42811,42811,1
42812,42812,1
42813,42813,1
42814,42814,1
42815,42815,1
42816,42816,3
42817,42817,1
42818,42818,1
42819,42819,1
42820,42820,3
42821,42821,3
42822,42822,3
42823,42823,3
42824,42824,3
42825,42825,3
42826,42826,3
42827,42827,3
42828,42828,3
42829,42829,3
42830,42830,3
42831,42831,3
42832,42832,3
42833,42833,3
42834,42834,3
42835,42835,3
42836,42836,3
42837,42837,3
42838,42838,3
42839,42839,3
42840,42840,3
42841,42841,3
42842,42842,10
42843,42843,3
42844,42844,3
42845,42845,3
42846,42846,10
42847,42847,3
42848,42848,3
42849,42849,10
42850,42850,10
42851,42851,10
42852,42852,10
42853,42853,10
42854,42854,3
42855,42855,10
42856,42856,3
42857,42857,3
42858,42858,3
42859,42859,3
42860,42860,3
42861,42861,10
42862,42862,3
42863,42863,10
42864,42864,10
42865,42865,10
42866,42866,10
42867,42867,10
42868,42868,10
42869,42869,10
42870,42870,10
42871,42871,10
42872,42872,10
42873,42873,10
42874,42874,1
42875,42875,1
42876,42876,3
42877,42877,1
42878,42878,10
42879,42879,10
42880,42880,1
42881,42881,1
42882,42882,10
42883,42883,1
42884,42884,3
42885,42885,10
42886,42886,3
42887,42887,3
42888,42888,3
42889,42889,3
42890,42890,3
42891,42891,3
42892,42892,3
42893,42893,3
42894,42894,10
42895,42895,10
42896,42896,10
42897,42897,10
42898,42898,10
42899,42899,10
42900,42900,10
42901,42901,10
42902,42902,10
42903,42903,10
42904,42904,3
42905,42905,10
42906,42906,1
42907,42907,10
42908,42908,3
42909,42909,1
42910,42910,3
42911,42911,1
42912,42912,3
42913,42913,1
42914,42914,3
42915,42915,3
42916,42916,3
42917,42917,3
42918,42918,3
42919,42919,3
42920,42920,3
42921,42921,3
42922,42922,3
42923,42923,3
42924,42924,3
42925,42925,3
42926,42926,3
42927,42927,3
42928,42928,3
42929,42929,3
42930,42930,3
42931,42931,3
42932,42932,3
42933,42933,3
42934,42934,3
42935,42935,3
42936,42936,3
42937,42937,3
42938,42938,3
42939,42939,3
42940,42940,3
42941,42941,3
42942,42942,3
42943,42943,3
42944,42944,3
42945,42945,3
42946,42946,3
42947,42947,3
42948,42948,3
42949,42949,3
42950,42950,4
42951,42951,3
42952,42952,3
42953,42953,4
42954,42954,3
42955,42955,3
42956,42956,3
42957,42957,3
42958,42958,3
42959,42959,3
42960,42960,3
42961,42961,3
42962,42962,3
42963,42963,3
42964,42964,3
42965,42965,3
42966,42966,3
42967,42967,3
42968,42968,3
42969,42969,10
42970,42970,10
42971,42971,3
42972,42972,3
42973,42973,3
42974,42974,3
42975,42975,3
42976,42976,3
42977,42977,3
42978,42978,3
42979,42979,3
42980,42980,3
42981,42981,3
42982,42982,3
42983,42983,3
42984,42984,3
42985,42985,3
42986,42986,3
42987,42987,3
42988,42988,3
42989,42989,10
42990,42990,3
42991,42991,3
42992,42992,3
42993,42993,3
42994,42994,3
42995,42995,3
42996,42996,3
42997,42997,3
42998,42998,3
42999,42999,3
43000,43000,3
43001,43001,3
43002,43002,3
43003,43003,3
43004,43004,3
43005,43005,3
43006,43006,3
43007,43007,3
43008,43008,3
43009,43009,3
43010,43010,3
43011,43011,3
43012,43012,1
43013,43013,1
43014,43014,4
43015,43015,3
43016,43016,3
43017,43017,1
43018,43018,1
43019,43019,1
43020,43020,1
43021,43021,1
43022,43022,1
43023,43023,1
43024,43024,1
43025,43025,1
43026,43026,3
43027,43027,3
43028,43028,1
43029,43029,1
43030,43030,1
43031,43031,1
43032,43032,1
43033,43033,1
43034,43034,1
43035,43035,3
43036,43036,3
43037,43037,3
43038,43038,3
43039,43039,3
43040,43040,3
43041,43041,3
43042,43042,3
43043,43043,3
43044,43044,3
43045,43045,3
43046,43046,1
43047,43047,1
43048,43048,3
43049,43049,1
43050,43050,3
43051,43051,1
43052,43052,3
43053,43053,3
43054,43054,3
43055,43055,3
43056,43056,3
43057,43057,3
43058,43058,3
43059,43059,3
43060,43060,3
43061,43061,3
43062,43062,1
43063,43063,1
43064,43064,3
43065,43065,1
43066,43066,3
43067,43067,3
43068,43068,3
43069,43069,1
43070,43070,1
43071,43071,1
43072,43072,1
43073,43073,1
43074,43074,1
43075,43075,1
43076,43076,3
43077,43077,1
43078,43078,3
43079,43079,3
43080,43080,1
43081,43081,1
43082,43082,1
43083,43083,1
43084,43084,6
43085,43085,3
43086,43086,1
43087,43087,1
43088,43088,3
43089,43089,1
43090,43090,3
43091,43091,1
43092,43092,3
43093,43093,1
43094,43094,3
43095,43095,1
43096,43096,1
43097,43097,1
43098,43098,1
43099,43099,1
43100,43100,1
43101,43101,1
43102,43102,1
43103,43103,1
43104,43104,1
43105,43105,1
43106,43106,1
43107,43107,3
43108,43108,3
43109,43109,3
43110,43110,3
43111,43111,3
43112,43112,3
43113,43113,3
43114,43114,3
43115,43115,3
43116,43116,3
43117,43117,1
43118,43118,3
43119,43119,3
43120,43120,1
43121,43121,1
43122,43122,3
43123,43123,3
43124,43124,1
43125,43125,3
43126,43126,1
43127,43127,1
43128,43128,1
43129,43129,1
43130,43130,1
43131,43131,1
43132,43132,1
43133,43133,1
43134,43134,1
43135,43135,3
43136,43136,3
43137,43137,3
43138,43138,3
43139,43139,3
43140,43140,3
43141,43141,3
43142,43142,3
43143,43143,3
43144,43144,1
43145,43145,1
43146,43146,1
43147,43147,1
43148,43148,1
43149,43149,1
43150,43150,1
43151,43151,1
43152,43152,1
43153,43153,1
43154,43154,1
43155,43155,6
43156,43156,1
43157,43157,1
43158,43158,1
43159,43159,1
43160,43160,1
43161,43161,1
43162,43162,1
43163,43163,6
43164,43164,1
43165,43165,1
43166,43166,1
43167,43167,1
43168,43168,1
43169,43169,3
43170,43170,3
43171,43171,3
43172,43172,3
43173,43173,3
43174,43174,3
43175,43175,3
43176,43176,3
43177,43177,3
43178,43178,1
43179,43179,1
43180,43180,1
43181,43181,1
43182,43182,1
43183,43183,1
43184,43184,1
43185,43185,1
43186,43186,1
43187,43187,1
43188,43188,3
43189,43189,3
43190,43190,3
43191,43191,3
43192,43192,3
43193,43193,3
43194,43194,3
43195,43195,3
43196,43196,1
43197,43197,6
43198,43198,3
43199,43199,1
43200,43200,3
43201,43201,3
43202,43202,3
43203,43203,3
43204,43204,3
43205,43205,1
43206,43206,1
43207,43207,1
43208,43208,1
43209,43209,3
43210,43210,1
43211,43211,3
43212,43212,3
43213,43213,1
43214,43214,1
43215,43215,1
43216,43216,1
43217,43217,1
43218,43218,1
43219,43219,3
43220,43220,1
43221,43221,1
43222,43222,1
43223,43223,6
43224,43224,6
43225,43225,6
43226,43226,1
43227,43227,6
43228,43228,1
43229,43229,1
43230,43230,6
43231,43231,6
43232,43232,6
43233,43233,6
43234,43234,6
43235,43235,6
43236,43236,6
43237,43237,6
43238,43238,6
43239,43239,6
43240,43240,6
43241,43241,6
43242,43242,1
43243,43243,1
43244,43244,1
43245,43245,6
43246,43246,6
43247,43247,1
43248,43248,6
43249,43249,6
43250,43250,6
43251,43251,1
43252,43252,1
43253,43253,1
43254,43254,1
43255,43255,1
43256,43256,6
43257,43257,1
43258,43258,1
43259,43259,1
43260,43260,1
43261,43261,1
43262,43262,1
43263,43263,1
43264,43264,1
43265,43265,1
43266,43266,1
43267,43267,1
43268,43268,8
43269,43269,8
43270,43270,8
43271,43271,8
43272,43272,8
43273,43273,8
43274,43274,8
43275,43275,8
43276,43276,8
43277,43277,8
43278,43278,8
43279,43279,8
43280,43280,8
43281,43281,8
43282,43282,8
43283,43283,8
43284,43284,8
43285,43285,8
43286,43286,8
43287,43287,8
43288,43288,8
43289,43289,8
43290,43290,8
43291,43291,8
43292,43292,8
43293,43293,8
43294,43294,8
43295,43295,8
43296,43296,8
43297,43297,8
43298,43298,8
43299,43299,8
43300,43300,8
43301,43301,8
43302,43302,8
43303,43303,8
43304,43304,8
43305,43305,8
43306,43306,8
43307,43307,8
43308,43308,8
43309,43309,8
43310,43310,8
43311,43311,8
43312,43312,8
43313,43313,8
43314,43314,8
43315,43315,8
43316,43316,8
43317,43317,8
43318,43318,8
43319,43319,8
43320,43320,8
43321,43321,8
43322,43322,8
43323,43323,8
43324,43324,8
43325,43325,3
43326,43326,6
43327,43327,4
43328,43328,4
43329,43329,4
43330,43330,6
43331,43331,4
43332,43332,4
43333,43333,4
43334,43334,4
43335,43335,6
43336,43336,6
43337,43337,4
43338,43338,6
43339,43339,6
43340,43340,6
43341,43341,6
43342,43342,6
43343,43343,6
43344,43344,6
43345,43345,6
43346,43346,6
43347,43347,6
43348,43348,4
43349,43349,4
43350,43350,4
43351,43351,4
43352,43352,4
43353,43353,4
43354,43354,6
43355,43355,6
43356,43356,6
43357,43357,6
43358,43358,6
43359,43359,6
43360,43360,6
43361,43361,6
43362,43362,6
43363,43363,6
43364,43364,6
43365,43365,6
43366,43366,6
43367,43367,6
43368,43368,6
43369,43369,6
43370,43370,6
43371,43371,6
43372,43372,4
43373,43373,4
43374,43374,4
43375,43375,4
43376,43376,4
43377,43377,4
43378,43378,4
43379,43379,4
43380,43380,4
43381,43381,4
43382,43382,4
43383,43383,4
43384,43384,4
43385,43385,4
43386,43386,4
43387,43387,3
43388,43388,4
43389,43389,4
43390,43390,4
43391,43391,4
43392,43392,4
43393,43393,4
43394,43394,4
43395,43395,4
43396,43396,4
43397,43397,4
43398,43398,4
43399,43399,4
43400,43400,6
43401,43401,4
43402,43402,4
43403,43403,4
43404,43404,4
43405,43405,6
43406,43406,6
43407,43407,4
43408,43408,3
43409,43409,3
43410,43410,6
43411,43411,3
43412,43412,6
43413,43413,6
43414,43414,3
43415,43415,6
43416,43416,6
43417,43417,6
43418,43418,6
43419,43419,3
43420,43420,4
43421,43421,4
43422,43422,4
43423,43423,4
43424,43424,3
43425,43425,4
43426,43426,4
43427,43427,4
43428,43428,7
43429,43429,7
43430,43430,7
43431,43431,7
43432,43432,7
43433,43433,7
43434,43434,7
43435,43435,7
43436,43436,2
43437,43437,7
43438,43438,7
43439,43439,7
43440,43440,7
43441,43441,7
43442,43442,7
43443,43443,7
43444,43444,7
43445,43445,7
43446,43446,2
43447,43447,2
43448,43448,2
43449,43449,7
43450,43450,2
43451,43451,2
43452,43452,7
43453,43453,7
43454,43454,7
43455,43455,7
43456,43456,7
43457,43457,7
43458,43458,7
43459,43459,7
43460,43460,7
43461,43461,7
43462,43462,7
43463,43463,7
43464,43464,7
43465,43465,7
43466,43466,7
43467,43467,7
43468,43468,7
43469,43469,7
43470,43470,7
43471,43471,7
43472,43472,7
43473,43473,7
43474,43474,7
43475,43475,7
43476,43476,7
43477,43477,7
43478,43478,7
43479,43479,7
43480,43480,7
43481,43481,7
43482,43482,7
43483,43483,7
43484,43484,7
43485,43485,7
43486,43486,7
43487,43487,7
43488,43488,2
43489,43489,7
43490,43490,2
43491,43491,2
43492,43492,2
43493,43493,2
43494,43494,7
43495,43495,7
43496,43496,2
43497,43497,2
43498,43498,2
43499,43499,2
43500,43500,2
43501,43501,2
43502,43502,2
43503,43503,7
43504,43504,7
43505,43505,7
43506,43506,7
43507,43507,7
43508,43508,7
43509,43509,7
43510,43510,7
43511,43511,8
43512,43512,8
43513,43513,8
43514,43514,8
43515,43515,6
43516,43516,8
43517,43517,6
43518,43518,6
43519,43519,6
43520,43520,6
43521,43521,8
43522,43522,8
43523,43523,10
43524,43524,10
43525,43525,8
43526,43526,6
43527,43527,8
43528,43528,6
43529,43529,6
43530,43530,8
43531,43531,6
43532,43532,6
43533,43533,6
43534,43534,6
43535,43535,6
43536,43536,6
43537,43537,6
43538,43538,6
43539,43539,6
43540,43540,6
43541,43541,6
43542,43542,8
43543,43543,8
43544,43544,8
43545,43545,8
43546,43546,8
43547,43547,8
43548,43548,6
43549,43549,6
43550,43550,6
43551,43551,6
43552,43552,8
43553,43553,8
43554,43554,8
43555,43555,8
43556,43556,8
43557,43557,8
43558,43558,8
43559,43559,8
43560,43560,8
43561,43561,8
43562,43562,8
43563,43563,8
43564,43564,8
43565,43565,8
43566,43566,8
43567,43567,8
43568,43568,8
43569,43569,8
43570,43570,8
43571,43571,8
43572,43572,6
43573,43573,6
43574,43574,6
43575,43575,8
43576,43576,6
43577,43577,6
43578,43578,6
43579,43579,6
43580,43580,6
43581,43581,6
43582,43582,6
43583,43583,6
43584,43584,6
43585,43585,6
43586,43586,6
43587,43587,6
43588,43588,6
43589,43589,6
43590,43590,6
43591,43591,6
43592,43592,6
43593,43593,6
43594,43594,6
43595,43595,6
43596,43596,6
43597,43597,6
43598,43598,6
43599,43599,6
43600,43600,6
43601,43601,8
43602,43602,8
43603,43603,8
43604,43604,8
43605,43605,8
43606,43606,6
43607,43607,6
43608,43608,6
43609,43609,8
43610,43610,6
43611,43611,8
43612,43612,8
43613,43613,8
43614,43614,8
43615,43615,8
43616,43616,8
43617,43617,8
43618,43618,8
43619,43619,8
43620,43620,8
43621,43621,8
43622,43622,8
43623,43623,8
43624,43624,8
43625,43625,8
43626,43626,8
43627,43627,8
43628,43628,8
43629,43629,8
43630,43630,8
43631,43631,8
43632,43632,6
43633,43633,6
43634,43634,2
43635,43635,2
43636,43636,2
43637,43637,2
43638,43638,2
43639,43639,2
43640,43640,2
43641,43641,7
43642,43642,7
43643,43643,7
43644,43644,7
43645,43645,7
43646,43646,7
43647,43647,7
43648,43648,7
43649,43649,7
43650,43650,7
43651,43651,7
43652,43652,7
43653,43653,7
43654,43654,7
43655,43655,7
43656,43656,7
43657,43657,7
43658,43658,7
43659,43659,7
43660,43660,7
43661,43661,7
43662,43662,7
43663,43663,7
43664,43664,7
43665,43665,7
43666,43666,7
43667,43667,7
43668,43668,6
43669,43669,6
43670,43670,6
43671,43671,6
43672,43672,6
43673,43673,6
43674,43674,6
43675,43675,6
43676,43676,6
43677,43677,6
43678,43678,6
43679,43679,6
43680,43680,6
43681,43681,6
43682,43682,6
43683,43683,6
43684,43684,6
43685,43685,6
43686,43686,6
43687,43687,6
43688,43688,6
43689,43689,6
43690,43690,6
43691,43691,6
43692,43692,6
43693,43693,6
43694,43694,6
43695,43695,6
43696,43696,6
43697,43697,6
43698,43698,6
43699,43699,6
43700,43700,6
43701,43701,6
43702,43702,6
43703,43703,6
43704,43704,6
43705,43705,6
43706,43706,6
43707,43707,6
43708,43708,6
43709,43709,6
43710,43710,6
43711,43711,6
43712,43712,6
43713,43713,6
43714,43714,6
43715,43715,6
43716,43716,6
43717,43717,6
43718,43718,6
43719,43719,6
43720,43720,6
43721,43721,6
43722,43722,6
43723,43723,6
43724,43724,6
43725,43725,6
43726,43726,6
43727,43727,6
43728,43728,6
43729,43729,6
43730,43730,6
43731,43731,6
43732,43732,6
43733,43733,6
43734,43734,6
43735,43735,6
43736,43736,6
43737,43737,6
43738,43738,6
43739,43739,6
43740,43740,6
43741,43741,6
43742,43742,6
43743,43743,6
43744,43744,6
43745,43745,6
43746,43746,6
43747,43747,6
43748,43748,6
43749,43749,6
43750,43750,6
43751,43751,6
43752,43752,6
43753,43753,6
43754,43754,6
43755,43755,6
43756,43756,6
43757,43757,6
43758,43758,6
43759,43759,6
43760,43760,6
43761,43761,6
43762,43762,6
43763,43763,6
43764,43764,6
43765,43765,6
43766,43766,6
43767,43767,6
43768,43768,6
43769,43769,6
43770,43770,6
43771,43771,1
43772,43772,1
43773,43773,6
43774,43774,1
43775,43775,6
43776,43776,1
43777,43777,1
43778,43778,1
43779,43779,1
43780,43780,6
43781,43781,6
43782,43782,6
43783,43783,6
43784,43784,1
43785,43785,1
43786,43786,6
43787,43787,1
43788,43788,1
43789,43789,1
43790,43790,1
43791,43791,6
43792,43792,1
43793,43793,1
43794,43794,6
43795,43795,6
43796,43796,6
43797,43797,6
43798,43798,6
43799,43799,6
43800,43800,6
43801,43801,6
43802,43802,6
43803,43803,6
43804,43804,6
43805,43805,6
43806,43806,6
43807,43807,6
43808,43808,6
43809,43809,6
43810,43810,6
43811,43811,6
43812,43812,6
43813,43813,6
43814,43814,6
43815,43815,6
43816,43816,6
43817,43817,6
43818,43818,6
43819,43819,6
43820,43820,6
43821,43821,6
43822,43822,6
43823,43823,6
43824,43824,6
43825,43825,6
43826,43826,6
43827,43827,6
43828,43828,6
43829,43829,6
43830,43830,6
43831,43831,6
43832,43832,6
43833,43833,6
43834,43834,6
43835,43835,6
43836,43836,6
43837,43837,6
43838,43838,6
43839,43839,6
43840,43840,6
43841,43841,6
43842,43842,6
43843,43843,6
43844,43844,6
43845,43845,6
43846,43846,6
43847,43847,6
43848,43848,6
43849,43849,6
43850,43850,1
43851,43851,6
43852,43852,6
43853,43853,6
43854,43854,6
43855,43855,6
43856,43856,6
43857,43857,6
43858,43858,6
43859,43859,6
43860,43860,6
43861,43861,6
43862,43862,6
43863,43863,6
43864,43864,6
43865,43865,6
43866,43866,6
43867,43867,6
43868,43868,6
43869,43869,6
43870,43870,6
43871,43871,6
43872,43872,6
43873,43873,6
43874,43874,6
43875,43875,6
43876,43876,6
43877,43877,6
43878,43878,6
43879,43879,6
43880,43880,6
43881,43881,6
43882,43882,6
43883,43883,6
43884,43884,6
43885,43885,6
43886,43886,6
43887,43887,6
43888,43888,6
43889,43889,6
43890,43890,6
43891,43891,6
43892,43892,6
43893,43893,6
43894,43894,6
43895,43895,6
43896,43896,6
43897,43897,6
43898,43898,6
43899,43899,6
43900,43900,6
43901,43901,6
43902,43902,6
43903,43903,6
43904,43904,6
43905,43905,6
43906,43906,6
43907,43907,6
43908,43908,6
43909,43909,6
43910,43910,6
43911,43911,6
43912,43912,6
43913,43913,6
43914,43914,6
43915,43915,6
43916,43916,6
43917,43917,6
43918,43918,6
43919,43919,6
43920,43920,6
43921,43921,6
43922,43922,6
43923,43923,6
43924,43924,6
43925,43925,6
43926,43926,6
43927,43927,6
43928,43928,6
43929,43929,6
43930,43930,6
43931,43931,6
43932,43932,6
43933,43933,6
43934,43934,6
43935,43935,6
43936,43936,6
43937,43937,6
43938,43938,6
43939,43939,6
43940,43940,6
43941,43941,6
43942,43942,6
43943,43943,6
43944,43944,6
43945,43945,6
43946,43946,6
43947,43947,6
43948,43948,6
43949,43949,6
43950,43950,6
43951,43951,6
43952,43952,6
43953,43953,6
43954,43954,6
43955,43955,6
43956,43956,6
43957,43957,6
43958,43958,6
43959,43959,6
43960,43960,6
43961,43961,6
43962,43962,6
43963,43963,6
43964,43964,1
43965,43965,1
43966,43966,1
43967,43967,1
43968,43968,1
43969,43969,1
43970,43970,1
43971,43971,1
43972,43972,1
43973,43973,1
43974,43974,1
43975,43975,1
43976,43976,1
43977,43977,1
43978,43978,1
43979,43979,1
43980,43980,1
43981,43981,1
43982,43982,1
43983,43983,1
43984,43984,1
43985,43985,1
43986,43986,1
43987,43987,1
43988,43988,1
43989,43989,1
43990,43990,1
43991,43991,1
43992,43992,1
43993,43993,1
43994,43994,1
43995,43995,1
43996,43996,1
43997,43997,1
43998,43998,1
43999,43999,1
44000,44000,1
44001,44001,1
44002,44002,3
44003,44003,1
44004,44004,1
44005,44005,1
44006,44006,1
44007,44007,1
44008,44008,1
44009,44009,1
44010,44010,1
44011,44011,1
44012,44012,1
44013,44013,1
44014,44014,1
44015,44015,1
44016,44016,1
44017,44017,1
44018,44018,1
44019,44019,3
44020,44020,1
44021,44021,1
44022,44022,1
44023,44023,1
44024,44024,1
44025,44025,1
44026,44026,1
44027,44027,1
44028,44028,1
44029,44029,1
44030,44030,1
44031,44031,1
44032,44032,1
44033,44033,1
44034,44034,1
44035,44035,1
44036,44036,1
44037,44037,1
44038,44038,1
44039,44039,1
44040,44040,1
44041,44041,1
44042,44042,1
44043,44043,1
44044,44044,1
44045,44045,1
44046,44046,1
44047,44047,1
44048,44048,1
44049,44049,1
44050,44050,1
44051,44051,1
44052,44052,1
44053,44053,3
44054,44054,3
44055,44055,3
44056,44056,3
44057,44057,3
44058,44058,3
44059,44059,3
44060,44060,1
44061,44061,3
44062,44062,3
44063,44063,3
44064,44064,3
44065,44065,3
44066,44066,3
44067,44067,3
44068,44068,3
44069,44069,3
44070,44070,3
44071,44071,3
44072,44072,3
44073,44073,3
44074,44074,3
44075,44075,3
44076,44076,3
44077,44077,3
44078,44078,3
44079,44079,1
44080,44080,3
44081,44081,3
44082,44082,3
44083,44083,3
44084,44084,3
44085,44085,3
44086,44086,3
44087,44087,3
44088,44088,3
44089,44089,3
44090,44090,1
44091,44091,1
44092,44092,1
44093,44093,3
44094,44094,4
44095,44095,3
44096,44096,3
44097,44097,3
44098,44098,3
44099,44099,3
44100,44100,3
44101,44101,3
44102,44102,3
44103,44103,3
44104,44104,3
44105,44105,3
44106,44106,3
44107,44107,3
44108,44108,4
44109,44109,4
44110,44110,4
44111,44111,4
44112,44112,4
44113,44113,4
44114,44114,6
44115,44115,6
44116,44116,4
44117,44117,4
44118,44118,4
44119,44119,4
44120,44120,4
44121,44121,4
44122,44122,4
44123,44123,4
44124,44124,4
44125,44125,4
44126,44126,6
44127,44127,4
44128,44128,4
44129,44129,4
44130,44130,4
44131,44131,4
44132,44132,4
44133,44133,4
44134,44134,4
44135,44135,6
44136,44136,4
44137,44137,4
44138,44138,6
44139,44139,6
44140,44140,6
44141,44141,6
44142,44142,6
44143,44143,6
44144,44144,3
44145,44145,3
44146,44146,3
44147,44147,3
44148,44148,3
44149,44149,3
44150,44150,3
44151,44151,3
44152,44152,3
44153,44153,3
44154,44154,3
44155,44155,3
44156,44156,6
44157,44157,6
44158,44158,6
44159,44159,6
44160,44160,6
44161,44161,6
44162,44162,6
44163,44163,6
44164,44164,6
44165,44165,6
44166,44166,6
44167,44167,6
44168,44168,6
44169,44169,6
44170,44170,6
44171,44171,6
44172,44172,6
44173,44173,6
44174,44174,6
44175,44175,6
44176,44176,6
44177,44177,6
44178,44178,6
44179,44179,6
44180,44180,6
44181,44181,6
44182,44182,6
44183,44183,6
44184,44184,6
44185,44185,6
44186,44186,6
44187,44187,6
44188,44188,6
44189,44189,6
44190,44190,6
44191,44191,6
44192,44192,6
44193,44193,6
44194,44194,6
44195,44195,6
44196,44196,6
44197,44197,6
44198,44198,6
44199,44199,6
44200,44200,6
44201,44201,1
44202,44202,1
44203,44203,1
44204,44204,1
44205,44205,1
44206,44206,6
44207,44207,1
44208,44208,1
44209,44209,3
44210,44210,3
44211,44211,3
44212,44212,3
44213,44213,3
44214,44214,3
44215,44215,3
44216,44216,3
44217,44217,3
44218,44218,3
44219,44219,3
44220,44220,3
44221,44221,3
44222,44222,3
44223,44223,3
44224,44224,3
44225,44225,3
44226,44226,3
44227,44227,3
44228,44228,3
44229,44229,3
44230,44230,3
44231,44231,3
44232,44232,3
44233,44233,3
44234,44234,3
44235,44235,3
44236,44236,3
44237,44237,3
44238,44238,3
44239,44239,3
44240,44240,3
44241,44241,3
44242,44242,3
44243,44243,3
44244,44244,3
44245,44245,3
44246,44246,3
44247,44247,3
44248,44248,3
44249,44249,3
44250,44250,3
44251,44251,3
44252,44252,3
44253,44253,3
44254,44254,3
44255,44255,3
44256,44256,3
44257,44257,3
44258,44258,3
44259,44259,3
44260,44260,3
44261,44261,3
44262,44262,3
44263,44263,3
44264,44264,3
44265,44265,3
44266,44266,3
44267,44267,3
44268,44268,3
44269,44269,3
44270,44270,3
44271,44271,3
44272,44272,3
44273,44273,3
44274,44274,3
44275,44275,3
44276,44276,3
44277,44277,3
44278,44278,3
44279,44279,3
44280,44280,3
44281,44281,6
44282,44282,6
44283,44283,6
44284,44284,6
44285,44285,6
44286,44286,6
44287,44287,6
44288,44288,6
44289,44289,6
44290,44290,3
44291,44291,6
44292,44292,6
44293,44293,6
44294,44294,6
44295,44295,6
44296,44296,6
44297,44297,6
44298,44298,6
44299,44299,3
44300,44300,6
44301,44301,6
44302,44302,3
44303,44303,3
44304,44304,3
44305,44305,3
44306,44306,3
44307,44307,3
44308,44308,3
44309,44309,3
44310,44310,3
44311,44311,3
44312,44312,6
44313,44313,3
44314,44314,3
44315,44315,6
44316,44316,3
44317,44317,3
44318,44318,6
44319,44319,6
44320,44320,6
44321,44321,3
44322,44322,3
44323,44323,3
44324,44324,3
44325,44325,3
44326,44326,3
44327,44327,3
44328,44328,3
44329,44329,3
44330,44330,3
44331,44331,3
44332,44332,3
44333,44333,3
44334,44334,3
44335,44335,3
44336,44336,3
44337,44337,3
44338,44338,3
44339,44339,3
44340,44340,3
44341,44341,3
44342,44342,3
44343,44343,3
44344,44344,3
44345,44345,3
44346,44346,3
44347,44347,3
44348,44348,3
44349,44349,3
44350,44350,3
44351,44351,3
44352,44352,3
44353,44353,3
44354,44354,3
44355,44355,3
44356,44356,3
44357,44357,3
44358,44358,3
44359,44359,3
44360,44360,3
44361,44361,3
44362,44362,3
44363,44363,3
44364,44364,3
44365,44365,3
44366,44366,3
44367,44367,3
44368,44368,3
44369,44369,3
44370,44370,3
44371,44371,3
44372,44372,3
44373,44373,3
44374,44374,3
44375,44375,3
44376,44376,3
44377,44377,3
44378,44378,3
44379,44379,3
44380,44380,3
44381,44381,3
44382,44382,1
44383,44383,3
44384,44384,3
44385,44385,3
44386,44386,3
44387,44387,3
44388,44388,3
44389,44389,3
44390,44390,3
44391,44391,3
44392,44392,3
44393,44393,3
44394,44394,3
44395,44395,3
44396,44396,3
44397,44397,3
44398,44398,3
44399,44399,3
44400,44400,3
44401,44401,3
44402,44402,3
44403,44403,3
44404,44404,3
44405,44405,3
44406,44406,3
44407,44407,3
44408,44408,3
44409,44409,3
44410,44410,3
44411,44411,1
44412,44412,3
44413,44413,3
44414,44414,3
44415,44415,3
44416,44416,3
44417,44417,3
44418,44418,3
44419,44419,3
44420,44420,3
44421,44421,3
44422,44422,3
44423,44423,3
44424,44424,3
44425,44425,3
44426,44426,3
44427,44427,3
44428,44428,1
44429,44429,3
44430,44430,3
44431,44431,3
44432,44432,3
44433,44433,3
44434,44434,3
44435,44435,3
44436,44436,3
44437,44437,3
44438,44438,3
44439,44439,3
44440,44440,3
44441,44441,3
44442,44442,3
44443,44443,3
44444,44444,3
44445,44445,3
44446,44446,3
44447,44447,1
44448,44448,1
44449,44449,3
44450,44450,3
44451,44451,3
44452,44452,3
44453,44453,3
44454,44454,3
44455,44455,3
44456,44456,3
44457,44457,6
44458,44458,3
44459,44459,6
44460,44460,3
44461,44461,6
44462,44462,3
44463,44463,1
44464,44464,3
44465,44465,3
44466,44466,3
44467,44467,3
44468,44468,1
44469,44469,3
44470,44470,3
44471,44471,3
44472,44472,3
44473,44473,3
44474,44474,3
44475,44475,3
44476,44476,3
44477,44477,3
44478,44478,3
44479,44479,3
44480,44480,3
44481,44481,3
44482,44482,3
44483,44483,3
44484,44484,3
44485,44485,3
44486,44486,3
44487,44487,3
44488,44488,3
44489,44489,3
44490,44490,3
44491,44491,3
44492,44492,3
44493,44493,3
44494,44494,3
44495,44495,3
44496,44496,3
44497,44497,3
44498,44498,3
44499,44499,3
44500,44500,3
44501,44501,3
44502,44502,3
44503,44503,3
44504,44504,3
44505,44505,3
44506,44506,3
44507,44507,3
44508,44508,3
44509,44509,3
44510,44510,3
44511,44511,3
44512,44512,3
44513,44513,3
44514,44514,3
44515,44515,3
44516,44516,3
44517,44517,3
44518,44518,1
44519,44519,1
44520,44520,1
44521,44521,1
44522,44522,1
44523,44523,1
44524,44524,6
44525,44525,6
44526,44526,1
44527,44527,1
44528,44528,1
44529,44529,3
44530,44530,3
44531,44531,3
44532,44532,3
44533,44533,3
44534,44534,1
44535,44535,1
44536,44536,1
44537,44537,1
44538,44538,1
44539,44539,1
44540,44540,1
44541,44541,1
44542,44542,1
44543,44543,1
44544,44544,1
44545,44545,1
44546,44546,1
44547,44547,1
44548,44548,1
44549,44549,1
44550,44550,1
44551,44551,1
44552,44552,1
44553,44553,1
44554,44554,1
44555,44555,1
44556,44556,1
44557,44557,1
44558,44558,1
44559,44559,1
44560,44560,1
44561,44561,8
44562,44562,1
44563,44563,1
44564,44564,8
44565,44565,1
44566,44566,6
44567,44567,6
44568,44568,6
44569,44569,6
44570,44570,1
44571,44571,1
44572,44572,1
44573,44573,1
44574,44574,1
44575,44575,1
44576,44576,1
44577,44577,1
44578,44578,1
44579,44579,1
44580,44580,6
44581,44581,8
44582,44582,8
44583,44583,8
44584,44584,6
44585,44585,8
44586,44586,6
44587,44587,6
44588,44588,6
44589,44589,6
44590,44590,6
44591,44591,6
44592,44592,1
44593,44593,1
44594,44594,1
44595,44595,1
44596,44596,1
44597,44597,1
44598,44598,1
44599,44599,1
44600,44600,1
44601,44601,1
44602,44602,1
44603,44603,1
44604,44604,1
44605,44605,1
44606,44606,1
44607,44607,1
44608,44608,1
44609,44609,1
44610,44610,1
44611,44611,1
44612,44612,1
44613,44613,1
44614,44614,1
44615,44615,1
44616,44616,1
44617,44617,1
44618,44618,1
44619,44619,1
44620,44620,1
44621,44621,1
44622,44622,1
44623,44623,1
44624,44624,1
44625,44625,1
44626,44626,1
44627,44627,1
44628,44628,1
44629,44629,1
44630,44630,1
44631,44631,1
44632,44632,1
44633,44633,1
44634,44634,1
44635,44635,1
44636,44636,1
44637,44637,1
44638,44638,8
44639,44639,8
44640,44640,8
44641,44641,8
44642,44642,8
44643,44643,8
44644,44644,8
44645,44645,8
44646,44646,8
44647,44647,8
44648,44648,8
44649,44649,8
44650,44650,8
44651,44651,8
44652,44652,8
44653,44653,8
44654,44654,8
44655,44655,8
44656,44656,8
44657,44657,8
44658,44658,8
44659,44659,8
44660,44660,8
44661,44661,8
44662,44662,8
44663,44663,8
44664,44664,8
44665,44665,8
44666,44666,8
44667,44667,6
44668,44668,6
44669,44669,8
44670,44670,8
44671,44671,8
44672,44672,8
44673,44673,8
44674,44674,8
44675,44675,8
44676,44676,8
44677,44677,6
44678,44678,7
44679,44679,7
44680,44680,7
44681,44681,7
44682,44682,3
44683,44683,6
44684,44684,6
44685,44685,6
44686,44686,6
44687,44687,6
44688,44688,6
44689,44689,6
44690,44690,6
44691,44691,6
44692,44692,6
44693,44693,3
44694,44694,3
44695,44695,3
44696,44696,3
44697,44697,3
44698,44698,3
44699,44699,3
44700,44700,3
44701,44701,3
44702,44702,3
44703,44703,3
44704,44704,3
44705,44705,3
44706,44706,1
44707,44707,1
44708,44708,1
44709,44709,3
44710,44710,3
44711,44711,6
44712,44712,3
44713,44713,6
44714,44714,3
44715,44715,6
44716,44716,6
44717,44717,3
44718,44718,3
44719,44719,6
44720,44720,3
44721,44721,6
44722,44722,6
44723,44723,3
44724,44724,3
44725,44725,3
44726,44726,3
44727,44727,3
44728,44728,3
44729,44729,3
44730,44730,3
44731,44731,3
44732,44732,3
44733,44733,6
44734,44734,6
44735,44735,6
44736,44736,6
44737,44737,6
44738,44738,6
44739,44739,6
44740,44740,6
44741,44741,6
44742,44742,6
44743,44743,6
44744,44744,3
44745,44745,6
44746,44746,6
44747,44747,6
44748,44748,6
44749,44749,6
44750,44750,6
44751,44751,6
44752,44752,6
44753,44753,6
44754,44754,6
44755,44755,3
44756,44756,1
44757,44757,1
44758,44758,6
44759,44759,1
44760,44760,6
44761,44761,6
44762,44762,6
44763,44763,6
44764,44764,6
44765,44765,3
44766,44766,6
44767,44767,6
44768,44768,6
44769,44769,6
44770,44770,6
44771,44771,6
44772,44772,6
44773,44773,6
44774,44774,6
44775,44775,6
44776,44776,6
44777,44777,6
44778,44778,6
44779,44779,6
44780,44780,6
44781,44781,6
44782,44782,6
44783,44783,6
44784,44784,1
44785,44785,6
44786,44786,6
44787,44787,1
44788,44788,6
44789,44789,1
44790,44790,1
44791,44791,6
44792,44792,1
44793,44793,6
44794,44794,1
44795,44795,6
44796,44796,6
44797,44797,1
44798,44798,6
44799,44799,6
44800,44800,6
44801,44801,6
44802,44802,6
44803,44803,6
44804,44804,6
44805,44805,6
44806,44806,1
44807,44807,6
44808,44808,1
44809,44809,6
44810,44810,6
44811,44811,6
44812,44812,6
44813,44813,6
44814,44814,6
44815,44815,6
44816,44816,6
44817,44817,7
44818,44818,7
44819,44819,7
44820,44820,7
44821,44821,7
44822,44822,7
44823,44823,7
44824,44824,7
44825,44825,7
44826,44826,7
44827,44827,7
44828,44828,2
44829,44829,2
44830,44830,2
44831,44831,2
44832,44832,2
44833,44833,2
44834,44834,2
44835,44835,2
44836,44836,7
44837,44837,7
44838,44838,7
44839,44839,7
44840,44840,7
44841,44841,7
44842,44842,7
44843,44843,7
44844,44844,7
44845,44845,7
44846,44846,7
44847,44847,7
44848,44848,7
44849,44849,7
44850,44850,7
44851,44851,8
44852,44852,8
44853,44853,8
44854,44854,8
44855,44855,8
44856,44856,8
44857,44857,8
44858,44858,8
44859,44859,8
44860,44860,8
44861,44861,8
44862,44862,8
44863,44863,8
44864,44864,8
44865,44865,8
44866,44866,8
44867,44867,8
44868,44868,8
44869,44869,8
44870,44870,8
44871,44871,8
44872,44872,8
44873,44873,8
44874,44874,8
44875,44875,8
44876,44876,8
44877,44877,8
44878,44878,8
44879,44879,8
44880,44880,8
44881,44881,8
44882,44882,8
44883,44883,8
44884,44884,8
44885,44885,8
44886,44886,8
44887,44887,8
44888,44888,8
44889,44889,8
44890,44890,8
44891,44891,8
44892,44892,8
44893,44893,8
44894,44894,8
44895,44895,0
44896,44896,0
44897,44897,0
44898,44898,6
44899,44899,6
44900,44900,6
44901,44901,6
44902,44902,6
44903,44903,6
44904,44904,6
44905,44905,0
44906,44906,6
44907,44907,6
44908,44908,6
44909,44909,6
44910,44910,6
44911,44911,6
44912,44912,6
44913,44913,6
44914,44914,8
44915,44915,6
44916,44916,6
44917,44917,8
44918,44918,6
44919,44919,6
44920,44920,8
44921,44921,8
44922,44922,6
44923,44923,6
44924,44924,6
44925,44925,6
44926,44926,6
44927,44927,6
44928,44928,6
44929,44929,8
44930,44930,8
44931,44931,8
44932,44932,6
44933,44933,8
44934,44934,8
44935,44935,0
44936,44936,0
44937,44937,6
44938,44938,4
44939,44939,4
44940,44940,6
44941,44941,4
44942,44942,6
44943,44943,6
44944,44944,6
44945,44945,6
44946,44946,6
44947,44947,8
44948,44948,8
44949,44949,8
44950,44950,8
44951,44951,8
44952,44952,8
44953,44953,8
44954,44954,8
44955,44955,8
44956,44956,8
44957,44957,8
44958,44958,8
44959,44959,8
44960,44960,8
44961,44961,8
44962,44962,8
44963,44963,8
44964,44964,8
44965,44965,8
44966,44966,8
44967,44967,8
44968,44968,8
44969,44969,8
44970,44970,8
44971,44971,8
44972,44972,8
44973,44973,8
44974,44974,8
44975,44975,8
44976,44976,8
44977,44977,8
44978,44978,8
44979,44979,8
44980,44980,8
44981,44981,8
44982,44982,8
44983,44983,8
44984,44984,8
44985,44985,8
44986,44986,8
44987,44987,8
44988,44988,8
44989,44989,8
44990,44990,8
44991,44991,8
44992,44992,8
44993,44993,8
44994,44994,8
44995,44995,8
44996,44996,8
44997,44997,8
44998,44998,8
44999,44999,8
45000,45000,8
45001,45001,8
45002,45002,8
45003,45003,8
45004,45004,8
45005,45005,8
45006,45006,8
45007,45007,8
45008,45008,8
45009,45009,6
45010,45010,6
45011,45011,6
45012,45012,6
45013,45013,6
45014,45014,6
45015,45015,6
45016,45016,6
45017,45017,6
45018,45018,6
45019,45019,6
45020,45020,6
45021,45021,6
45022,45022,6
45023,45023,6
45024,45024,6
45025,45025,6
45026,45026,6
45027,45027,6
45028,45028,6
45029,45029,6
45030,45030,6
45031,45031,6
45032,45032,6
45033,45033,6
45034,45034,6
45035,45035,6
45036,45036,6
45037,45037,6
45038,45038,6
45039,45039,6
45040,45040,6
45041,45041,6
45042,45042,6
45043,45043,6
45044,45044,6
45045,45045,6
45046,45046,6
45047,45047,6
45048,45048,6
45049,45049,6
45050,45050,6
45051,45051,6
45052,45052,6
45053,45053,6
45054,45054,6
45055,45055,6
45056,45056,6
45057,45057,6
45058,45058,6
45059,45059,6
45060,45060,6
45061,45061,6
45062,45062,6
45063,45063,6
45064,45064,6
45065,45065,6
45066,45066,6
45067,45067,6
45068,45068,6
45069,45069,6
45070,45070,6
45071,45071,6
45072,45072,6
45073,45073,6
45074,45074,6
45075,45075,6
45076,45076,6
45077,45077,6
45078,45078,6
45079,45079,6
45080,45080,6
45081,45081,6
45082,45082,6
45083,45083,6
45084,45084,6
45085,45085,6
45086,45086,6
45087,45087,6
45088,45088,6
45089,45089,6
45090,45090,8
45091,45091,6
45092,45092,8
45093,45093,8
45094,45094,6
45095,45095,6
45096,45096,6
45097,45097,6
45098,45098,6
45099,45099,6
45100,45100,6
45101,45101,6
45102,45102,6
45103,45103,6
45104,45104,6
45105,45105,6
45106,45106,6
45107,45107,6
45108,45108,8
45109,45109,8
45110,45110,8
45111,45111,8
45112,45112,8
45113,45113,8
45114,45114,8
45115,45115,8
45116,45116,8
45117,45117,6
45118,45118,6
45119,45119,6
45120,45120,6
45121,45121,6
45122,45122,6
45123,45123,6
45124,45124,6
45125,45125,6
45126,45126,6
45127,45127,6
45128,45128,6
45129,45129,6
45130,45130,6
45131,45131,6
45132,45132,6
45133,45133,6
45134,45134,6
45135,45135,6
45136,45136,6
45137,45137,6
45138,45138,6
45139,45139,6
45140,45140,6
45141,45141,6
45142,45142,6
45143,45143,6
45144,45144,6
45145,45145,6
45146,45146,6
45147,45147,6
45148,45148,6
45149,45149,6
45150,45150,6
45151,45151,6
45152,45152,6
45153,45153,6
45154,45154,6
45155,45155,6
45156,45156,6
45157,45157,6
45158,45158,6
45159,45159,6
45160,45160,6
45161,45161,6
45162,45162,6
45163,45163,6
45164,45164,6
45165,45165,6
45166,45166,6
45167,45167,6
45168,45168,6
45169,45169,6
45170,45170,6
45171,45171,6
45172,45172,6
45173,45173,6
45174,45174,6
45175,45175,6
45176,45176,6
45177,45177,6
45178,45178,6
45179,45179,6
45180,45180,6
45181,45181,6
45182,45182,6
45183,45183,6
45184,45184,6
45185,45185,6
45186,45186,6
45187,45187,6
45188,45188,6
45189,45189,6
45190,45190,6
45191,45191,6
45192,45192,6
45193,45193,6
45194,45194,6
45195,45195,6
45196,45196,6
45197,45197,6
45198,45198,6
45199,45199,6
45200,45200,6
45201,45201,6
45202,45202,6
45203,45203,6
45204,45204,6
45205,45205,6
45206,45206,6
45207,45207,6
45208,45208,6
45209,45209,6
45210,45210,6
45211,45211,8
45212,45212,8
45213,45213,8
45214,45214,8
45215,45215,6
45216,45216,6
45217,45217,8
45218,45218,8
45219,45219,6
45220,45220,6
45221,45221,6
45222,45222,6
45223,45223,6
45224,45224,6
45225,45225,1
45226,45226,1
45227,45227,1
45228,45228,1
45229,45229,6
45230,45230,1
45231,45231,1
45232,45232,1
45233,45233,1
45234,45234,1
45235,45235,1
45236,45236,1
45237,45237,1
45238,45238,1
45239,45239,6
45240,45240,1
45241,45241,1
45242,45242,6
45243,45243,1
45244,45244,1
45245,45245,1
45246,45246,1
45247,45247,1
45248,45248,1
45249,45249,1
45250,45250,1
45251,45251,1
45252,45252,1
45253,45253,1
45254,45254,1
45255,45255,1
45256,45256,1
45257,45257,1
45258,45258,3
45259,45259,6
45260,45260,6
45261,45261,6
45262,45262,6
45263,45263,6
45264,45264,6
45265,45265,6
45266,45266,6
45267,45267,6
45268,45268,3
45269,45269,6
45270,45270,6
45271,45271,6
45272,45272,6
45273,45273,6
45274,45274,6
45275,45275,6
45276,45276,6
45277,45277,6
45278,45278,6
45279,45279,6
45280,45280,6
45281,45281,6
45282,45282,6
45283,45283,6
45284,45284,6
45285,45285,6
45286,45286,6
45287,45287,6
45288,45288,6
45289,45289,6
45290,45290,6
45291,45291,6
45292,45292,6
45293,45293,6
45294,45294,6
45295,45295,6
45296,45296,6
45297,45297,6
45298,45298,6
45299,45299,6
45300,45300,6
45301,45301,6
45302,45302,6
45303,45303,6
45304,45304,6
45305,45305,6
45306,45306,3
45307,45307,3
45308,45308,3
45309,45309,3
45310,45310,3
45311,45311,3
45312,45312,3
45313,45313,3
45314,45314,3
45315,45315,3
45316,45316,3
45317,45317,6
45318,45318,6
45319,45319,3
45320,45320,6
45321,45321,3
45322,45322,6
45323,45323,6
45324,45324,6
45325,45325,6
45326,45326,6
45327,45327,6
45328,45328,6
45329,45329,6
45330,45330,6
45331,45331,6
45332,45332,6
45333,45333,6
45334,45334,6
45335,45335,6
45336,45336,3
45337,45337,3
45338,45338,1
45339,45339,3
45340,45340,6
45341,45341,6
45342,45342,6
45343,45343,6
45344,45344,6
45345,45345,6
45346,45346,6
45347,45347,6
45348,45348,6
45349,45349,6
45350,45350,6
45351,45351,6
45352,45352,6
45353,45353,6
45354,45354,6
45355,45355,6
45356,45356,6
45357,45357,6
45358,45358,6
45359,45359,6
45360,45360,6
45361,45361,6
45362,45362,6
45363,45363,6
45364,45364,6
45365,45365,6
45366,45366,6
45367,45367,6
45368,45368,6
45369,45369,6
45370,45370,6
45371,45371,6
45372,45372,6
45373,45373,6
45374,45374,6
45375,45375,6
45376,45376,6
45377,45377,6
45378,45378,6
45379,45379,6
45380,45380,6
45381,45381,6
45382,45382,6
45383,45383,6
45384,45384,6
45385,45385,6
45386,45386,6
45387,45387,6
45388,45388,6
45389,45389,6
45390,45390,8
45391,45391,6
45392,45392,6
45393,45393,6
45394,45394,6
45395,45395,6
45396,45396,6
45397,45397,8
45398,45398,8
45399,45399,6
45400,45400,6
45401,45401,6
45402,45402,6
45403,45403,6
45404,45404,6
45405,45405,8
45406,45406,8
45407,45407,7
45408,45408,7
45409,45409,0
45410,45410,0
45411,45411,7
45412,45412,0
45413,45413,0
45414,45414,0
45415,45415,0
45416,45416,0
45417,45417,6
45418,45418,0
45419,45419,0
45420,45420,8
45421,45421,0
45422,45422,0
45423,45423,0
45424,45424,0
45425,45425,0
45426,45426,0
45427,45427,0
45428,45428,0
45429,45429,0
45430,45430,0
45431,45431,0
45432,45432,0
45433,45433,2
45434,45434,0
45435,45435,0
45436,45436,0
45437,45437,2
45438,45438,2
45439,45439,2
45440,45440,2
45441,45441,2
45442,45442,2
45443,45443,2
45444,45444,2
45445,45445,2
45446,45446,2
45447,45447,2
45448,45448,2
45449,45449,2
45450,45450,2
45451,45451,2
45452,45452,2
45453,45453,2
45454,45454,2
45455,45455,2
45456,45456,2
45457,45457,2
45458,45458,2
45459,45459,2
45460,45460,2
45461,45461,2
45462,45462,2
45463,45463,8
45464,45464,8
45465,45465,0
45466,45466,8
45467,45467,8
45468,45468,8
45469,45469,0
45470,45470,8
45471,45471,8
45472,45472,7
45473,45473,7
45474,45474,2
45475,45475,2
45476,45476,2
45477,45477,2
45478,45478,2
45479,45479,8
45480,45480,8
45481,45481,8
45482,45482,8
45483,45483,8
45484,45484,8
45485,45485,8
45486,45486,8
45487,45487,8
45488,45488,8
45489,45489,8
45490,45490,8
45491,45491,8
45492,45492,8
45493,45493,7
45494,45494,7
45495,45495,8
45496,45496,8
45497,45497,7
45498,45498,7
45499,45499,7
45500,45500,7
45501,45501,7
45502,45502,7
45503,45503,7
45504,45504,8
45505,45505,8
45506,45506,8
45507,45507,8
45508,45508,8
45509,45509,8
45510,45510,8
45511,45511,8
45512,45512,8
45513,45513,8
45514,45514,8
45515,45515,8
45516,45516,8
45517,45517,8
45518,45518,8
45519,45519,8
45520,45520,8
45521,45521,8
45522,45522,8
45523,45523,8
45524,45524,8
45525,45525,8
45526,45526,8
45527,45527,8
45528,45528,8
45529,45529,8
45530,45530,8
45531,45531,8
45532,45532,8
45533,45533,8
45534,45534,8
45535,45535,8
45536,45536,8
45537,45537,8
45538,45538,8
45539,45539,8
45540,45540,8
45541,45541,8
45542,45542,8
45543,45543,8
45544,45544,8
45545,45545,8
45546,45546,8
45547,45547,8
45548,45548,8
45549,45549,8
45550,45550,8
45551,45551,8
45552,45552,8
45553,45553,8
45554,45554,8
45555,45555,8
45556,45556,8
45557,45557,8
45558,45558,8
45559,45559,8
45560,45560,8
45561,45561,8
45562,45562,8
45563,45563,8
45564,45564,8
45565,45565,8
45566,45566,8
45567,45567,8
45568,45568,8
45569,45569,8
45570,45570,8
45571,45571,8
45572,45572,8
45573,45573,8
45574,45574,3
45575,45575,3
45576,45576,3
45577,45577,3
45578,45578,3
45579,45579,3
45580,45580,3
45581,45581,3
45582,45582,3
45583,45583,3
45584,45584,3
45585,45585,3
45586,45586,3
45587,45587,3
45588,45588,3
45589,45589,3
45590,45590,3
45591,45591,3
45592,45592,3
45593,45593,3
45594,45594,3
45595,45595,3
45596,45596,3
45597,45597,3
45598,45598,3
45599,45599,8
45600,45600,8
45601,45601,8
45602,45602,8
45603,45603,8
45604,45604,8
45605,45605,8
45606,45606,8
45607,45607,8
45608,45608,8
45609,45609,8
45610,45610,8
45611,45611,8
45612,45612,8
45613,45613,8
45614,45614,8
45615,45615,8
45616,45616,8
45617,45617,8
45618,45618,8
45619,45619,8
45620,45620,8
45621,45621,8
45622,45622,8
45623,45623,8
45624,45624,8
45625,45625,8
45626,45626,8
45627,45627,8
45628,45628,8
45629,45629,8
45630,45630,8
45631,45631,8
45632,45632,8
45633,45633,8
45634,45634,8
45635,45635,8
45636,45636,8
45637,45637,8
45638,45638,8
45639,45639,8
45640,45640,8
45641,45641,8
45642,45642,8
45643,45643,8
45644,45644,8
45645,45645,7
45646,45646,7
45647,45647,7
45648,45648,7
45649,45649,8
45650,45650,8
45651,45651,8
45652,45652,8
45653,45653,8
45654,45654,8
45655,45655,8
45656,45656,8
45657,45657,7
45658,45658,7
45659,45659,8
45660,45660,7
45661,45661,8
45662,45662,7
45663,45663,7
45664,45664,6
45665,45665,6
45666,45666,6
45667,45667,6
45668,45668,6
45669,45669,6
45670,45670,6
45671,45671,6
45672,45672,6
45673,45673,6
45674,45674,6
45675,45675,6
45676,45676,6
45677,45677,6
45678,45678,6
45679,45679,6
45680,45680,7
45681,45681,7
45682,45682,7
45683,45683,7
45684,45684,7
45685,45685,7
45686,45686,7
45687,45687,7
45688,45688,7
45689,45689,8
45690,45690,7
45691,45691,7
45692,45692,7
45693,45693,7
45694,45694,7
45695,45695,7
45696,45696,7
45697,45697,7
45698,45698,7
45699,45699,7
45700,45700,7
45701,45701,7
45702,45702,7
45703,45703,7
45704,45704,7
45705,45705,7
45706,45706,7
45707,45707,7
45708,45708,8
45709,45709,8
45710,45710,7
45711,45711,8
45712,45712,8
45713,45713,7
45714,45714,8
45715,45715,8
45716,45716,6
45717,45717,6
45718,45718,6
45719,45719,6
45720,45720,6
45721,45721,6
45722,45722,6
45723,45723,6
45724,45724,6
45725,45725,6
45726,45726,6
45727,45727,6
45728,45728,6
45729,45729,6
45730,45730,6
45731,45731,6
45732,45732,6
45733,45733,6
45734,45734,6
45735,45735,6
45736,45736,8
45737,45737,6
45738,45738,8
45739,45739,8
45740,45740,8
45741,45741,8
45742,45742,8
45743,45743,6
45744,45744,6
45745,45745,8
45746,45746,6
45747,45747,6
45748,45748,6
45749,45749,6
45750,45750,6
45751,45751,8
45752,45752,8
45753,45753,8
45754,45754,8
45755,45755,6
45756,45756,6
45757,45757,6
45758,45758,6
45759,45759,6
45760,45760,6
45761,45761,7
45762,45762,7
45763,45763,7
45764,45764,7
45765,45765,7
45766,45766,7
45767,45767,7
45768,45768,7
45769,45769,7
45770,45770,7
45771,45771,7
45772,45772,7
45773,45773,7
45774,45774,7
45775,45775,7
45776,45776,7
45777,45777,7
45778,45778,7
45779,45779,7
45780,45780,7
45781,45781,7
45782,45782,7
45783,45783,7
45784,45784,7
45785,45785,7
45786,45786,7
45787,45787,7
45788,45788,7
45789,45789,7
45790,45790,7
45791,45791,7
45792,45792,7
45793,45793,7
45794,45794,7
45795,45795,7
45796,45796,7
45797,45797,7
45798,45798,7
45799,45799,7
45800,45800,7
45801,45801,7
45802,45802,7
45803,45803,7
45804,45804,7
45805,45805,7
45806,45806,7
45807,45807,7
45808,45808,7
45809,45809,7
45810,45810,7
45811,45811,7
45812,45812,7
45813,45813,7
45814,45814,7
45815,45815,7
45816,45816,7
45817,45817,7
45818,45818,7
45819,45819,7
45820,45820,7
45821,45821,7
45822,45822,7
45823,45823,7
45824,45824,7
45825,45825,7
45826,45826,7
45827,45827,7
45828,45828,7
45829,45829,7
45830,45830,7
45831,45831,7
45832,45832,7
45833,45833,7
45834,45834,7
45835,45835,7
45836,45836,7
45837,45837,7
45838,45838,7
45839,45839,7
45840,45840,7
45841,45841,7
45842,45842,7
45843,45843,7
45844,45844,7
45845,45845,7
45846,45846,7
45847,45847,7
45848,45848,7
45849,45849,7
45850,45850,7
45851,45851,7
45852,45852,7
45853,45853,7
45854,45854,7
45855,45855,7
45856,45856,7
45857,45857,7
45858,45858,7
45859,45859,7
45860,45860,7
45861,45861,7
45862,45862,7
45863,45863,7
45864,45864,7
45865,45865,7
45866,45866,7
45867,45867,7
45868,45868,7
45869,45869,7
45870,45870,7
45871,45871,7
45872,45872,7
45873,45873,7
45874,45874,7
45875,45875,7
45876,45876,7
45877,45877,7
45878,45878,7
45879,45879,7
45880,45880,7
45881,45881,7
45882,45882,7
45883,45883,7
45884,45884,7
45885,45885,7
45886,45886,2
45887,45887,2
45888,45888,2
45889,45889,2
45890,45890,2
45891,45891,2
45892,45892,2
45893,45893,2
45894,45894,2
45895,45895,2
45896,45896,2
45897,45897,2
45898,45898,2
45899,45899,2
45900,45900,2
45901,45901,2
45902,45902,2
45903,45903,2
45904,45904,2
45905,45905,2
45906,45906,2
45907,45907,2
45908,45908,2
45909,45909,2
45910,45910,2
45911,45911,2
45912,45912,2
45913,45913,2
45914,45914,2
45915,45915,2
45916,45916,2
45917,45917,2
45918,45918,2
45919,45919,2
45920,45920,2
45921,45921,2
45922,45922,2
45923,45923,2
45924,45924,2
45925,45925,2
45926,45926,2
45927,45927,2
45928,45928,2
45929,45929,2
45930,45930,2
45931,45931,2
45932,45932,2
45933,45933,2
45934,45934,2
45935,45935,2
45936,45936,2
45937,45937,7
45938,45938,7
45939,45939,7
45940,45940,0
45941,45941,8
45942,45942,8
45943,45943,8
45944,45944,8
45945,45945,8
45946,45946,8
45947,45947,8
45948,45948,3
45949,45949,3
45950,45950,3
45951,45951,3
45952,45952,6
45953,45953,6
45954,45954,3
45955,45955,3
45956,45956,3
45957,45957,3
45958,45958,6
45959,45959,6
45960,45960,6
45961,45961,4
45962,45962,4
45963,45963,4
45964,45964,4
45965,45965,4
45966,45966,4
45967,45967,4
45968,45968,3
45969,45969,3
45970,45970,6
45971,45971,3
45972,45972,6
45973,45973,6
45974,45974,4
45975,45975,4
45976,45976,4
45977,45977,3
45978,45978,6
45979,45979,4
45980,45980,4
45981,45981,4
45982,45982,4
45983,45983,4
45984,45984,6
45985,45985,6
45986,45986,4
45987,45987,6
45988,45988,4
45989,45989,4
45990,45990,4
45991,45991,4
45992,45992,4
45993,45993,4
45994,45994,4
45995,45995,4
45996,45996,4
45997,45997,4
45998,45998,3
45999,45999,4
46000,46000,4
46001,46001,3
46002,46002,4
46003,46003,4
46004,46004,4
46005,46005,4
46006,46006,4
46007,46007,4
46008,46008,4
46009,46009,4
46010,46010,4
46011,46011,4
46012,46012,4
46013,46013,6
46014,46014,4
46015,46015,6
46016,46016,4
46017,46017,4
46018,46018,4
46019,46019,4
46020,46020,4
46021,46021,4
46022,46022,4
46023,46023,4
46024,46024,4
46025,46025,4
46026,46026,4
46027,46027,4
46028,46028,4
46029,46029,4
46030,46030,4
46031,46031,4
46032,46032,4
46033,46033,4
46034,46034,4
46035,46035,4
46036,46036,4
46037,46037,4
46038,46038,3
46039,46039,3
46040,46040,4
46041,46041,4
46042,46042,4
46043,46043,4
46044,46044,4
46045,46045,3
46046,46046,6
46047,46047,6
46048,46048,6
46049,46049,6
46050,46050,6
46051,46051,6
46052,46052,6
46053,46053,6
46054,46054,6
46055,46055,6
46056,46056,6
46057,46057,6
46058,46058,6
46059,46059,6
46060,46060,6
46061,46061,6
46062,46062,6
46063,46063,6
46064,46064,6
46065,46065,6
46066,46066,6
46067,46067,6
46068,46068,6
46069,46069,6
46070,46070,6
46071,46071,6
46072,46072,6
46073,46073,6
46074,46074,6
46075,46075,6
46076,46076,6
46077,46077,6
46078,46078,6
46079,46079,6
46080,46080,6
46081,46081,6
46082,46082,6
46083,46083,6
46084,46084,6
46085,46085,6
46086,46086,6
46087,46087,6
46088,46088,6
46089,46089,6
46090,46090,6
46091,46091,6
46092,46092,6
46093,46093,4
46094,46094,4
46095,46095,6
46096,46096,6
46097,46097,6
46098,46098,6
46099,46099,6
46100,46100,6
46101,46101,6
46102,46102,6
46103,46103,6
46104,46104,6
46105,46105,6
46106,46106,6
46107,46107,6
46108,46108,6
46109,46109,6
46110,46110,6
46111,46111,6
46112,46112,6
46113,46113,3
46114,46114,6
46115,46115,6
46116,46116,6
46117,46117,6
46118,46118,6
46119,46119,6
46120,46120,6
46121,46121,6
46122,46122,6
46123,46123,4
46124,46124,4
46125,46125,4
46126,46126,4
46127,46127,4
46128,46128,6
46129,46129,4
46130,46130,4
46131,46131,4
46132,46132,3
46133,46133,6
46134,46134,6
46135,46135,6
46136,46136,6
46137,46137,6
46138,46138,6
46139,46139,6
46140,46140,6
46141,46141,6
46142,46142,6
46143,46143,6
46144,46144,3
46145,46145,3
46146,46146,6
46147,46147,3
46148,46148,3
46149,46149,3
46150,46150,6
46151,46151,6
46152,46152,6
46153,46153,6
46154,46154,6
46155,46155,6
46156,46156,6
46157,46157,6
46158,46158,6
46159,46159,6
46160,46160,6
46161,46161,3
46162,46162,3
46163,46163,3
46164,46164,6
46165,46165,6
46166,46166,3
46167,46167,6
46168,46168,6
46169,46169,6
46170,46170,6
46171,46171,6
46172,46172,6
46173,46173,6
46174,46174,6
46175,46175,6
46176,46176,6
46177,46177,6
46178,46178,6
46179,46179,6
46180,46180,6
46181,46181,6
46182,46182,6
46183,46183,6
46184,46184,6
46185,46185,6
46186,46186,6
46187,46187,6
46188,46188,6
46189,46189,6
46190,46190,6
46191,46191,6
46192,46192,6
46193,46193,6
46194,46194,6
46195,46195,6
46196,46196,6
46197,46197,6
46198,46198,6
46199,46199,6
46200,46200,6
46201,46201,6
46202,46202,6
46203,46203,6
46204,46204,6
46205,46205,6
46206,46206,6
46207,46207,6
46208,46208,6
46209,46209,6
46210,46210,6
46211,46211,6
46212,46212,6
46213,46213,6
46214,46214,6
46215,46215,6
46216,46216,6
46217,46217,6
46218,46218,6
46219,46219,6
46220,46220,6
46221,46221,6
46222,46222,6
46223,46223,6
46224,46224,6
46225,46225,6
46226,46226,1
46227,46227,1
46228,46228,6
46229,46229,6
46230,46230,1
46231,46231,6
46232,46232,6
46233,46233,6
46234,46234,6
46235,46235,1
46236,46236,6
46237,46237,6
46238,46238,6
46239,46239,6
46240,46240,6
46241,46241,6
46242,46242,6
46243,46243,6
46244,46244,6
46245,46245,6
46246,46246,1
46247,46247,1
46248,46248,6
46249,46249,1
46250,46250,6
46251,46251,1
46252,46252,6
46253,46253,6
46254,46254,6
46255,46255,6
46256,46256,6
46257,46257,6
46258,46258,6
46259,46259,6
46260,46260,6
46261,46261,6
46262,46262,6
46263,46263,6
46264,46264,6
46265,46265,6
46266,46266,6
46267,46267,6
46268,46268,6
46269,46269,6
46270,46270,6
46271,46271,6
46272,46272,6
46273,46273,6
46274,46274,6
46275,46275,6
46276,46276,6
46277,46277,6
46278,46278,6
46279,46279,6
46280,46280,6
46281,46281,6
46282,46282,6
46283,46283,6
46284,46284,6
46285,46285,6
46286,46286,6
46287,46287,6
46288,46288,6
46289,46289,6
46290,46290,6
46291,46291,6
46292,46292,6
46293,46293,6
46294,46294,6
46295,46295,6
46296,46296,6
46297,46297,6
46298,46298,6
46299,46299,6
46300,46300,6
46301,46301,6
46302,46302,6
46303,46303,6
46304,46304,6
46305,46305,6
46306,46306,6
46307,46307,6
46308,46308,6
46309,46309,6
46310,46310,6
46311,46311,6
46312,46312,6
46313,46313,6
46314,46314,6
46315,46315,6
46316,46316,6
46317,46317,6
46318,46318,6
46319,46319,6
46320,46320,6
46321,46321,6
46322,46322,6
46323,46323,6
46324,46324,6
46325,46325,6
46326,46326,6
46327,46327,6
46328,46328,6
46329,46329,6
46330,46330,6
46331,46331,6
46332,46332,6
46333,46333,6
46334,46334,6
46335,46335,6
46336,46336,6
46337,46337,6
46338,46338,6
46339,46339,6
46340,46340,6
46341,46341,6
46342,46342,6
46343,46343,6
46344,46344,6
46345,46345,6
46346,46346,6
46347,46347,6
46348,46348,6
46349,46349,6
46350,46350,6
46351,46351,6
46352,46352,6
46353,46353,6
46354,46354,6
46355,46355,3
46356,46356,3
46357,46357,6
46358,46358,3
46359,46359,3
46360,46360,3
46361,46361,3
46362,46362,3
46363,46363,3
46364,46364,3
46365,46365,3
46366,46366,3
46367,46367,3
46368,46368,3
46369,46369,3
46370,46370,3
46371,46371,3
46372,46372,3
46373,46373,3
46374,46374,3
46375,46375,3
46376,46376,3
46377,46377,3
46378,46378,3
46379,46379,3
46380,46380,3
46381,46381,3
46382,46382,3
46383,46383,3
46384,46384,3
46385,46385,3
46386,46386,3
46387,46387,3
46388,46388,3
46389,46389,3
46390,46390,3
46391,46391,3
46392,46392,3
46393,46393,3
46394,46394,3
46395,46395,3
46396,46396,3
46397,46397,3
46398,46398,3
46399,46399,3
46400,46400,3
46401,46401,3
46402,46402,3
46403,46403,3
46404,46404,3
46405,46405,3
46406,46406,3
46407,46407,3
46408,46408,3
46409,46409,3
46410,46410,3
46411,46411,3
46412,46412,3
46413,46413,3
46414,46414,3
46415,46415,3
46416,46416,3
46417,46417,3
46418,46418,3
46419,46419,3
46420,46420,3
46421,46421,3
46422,46422,3
46423,46423,3
46424,46424,3
46425,46425,3
46426,46426,3
46427,46427,3
46428,46428,3
46429,46429,3
46430,46430,3
46431,46431,3
46432,46432,3
46433,46433,3
46434,46434,3
46435,46435,3
46436,46436,3
46437,46437,3
46438,46438,3
46439,46439,3
46440,46440,3
46441,46441,3
46442,46442,3
46443,46443,3
46444,46444,3
46445,46445,3
46446,46446,3
46447,46447,3
46448,46448,3
46449,46449,3
46450,46450,3
46451,46451,3
46452,46452,3
46453,46453,3
46454,46454,3
46455,46455,3
46456,46456,3
46457,46457,3
46458,46458,3
46459,46459,3
46460,46460,3
46461,46461,3
46462,46462,3
46463,46463,3
46464,46464,3
46465,46465,3
46466,46466,3
46467,46467,3
46468,46468,3
46469,46469,3
46470,46470,3
46471,46471,3
46472,46472,3
46473,46473,3
46474,46474,3
46475,46475,3
46476,46476,3
46477,46477,3
46478,46478,3
46479,46479,3
46480,46480,3
46481,46481,3
46482,46482,3
46483,46483,3
46484,46484,3
46485,46485,3
46486,46486,3
46487,46487,3
46488,46488,3
46489,46489,3
46490,46490,3
46491,46491,3
46492,46492,3
46493,46493,3
46494,46494,3
46495,46495,3
46496,46496,3
46497,46497,3
46498,46498,3
46499,46499,3
46500,46500,3
46501,46501,3
46502,46502,3
46503,46503,3
46504,46504,3
46505,46505,3
46506,46506,3
46507,46507,3
46508,46508,3
46509,46509,3
46510,46510,3
46511,46511,3
46512,46512,3
46513,46513,3
46514,46514,3
46515,46515,3
46516,46516,3
46517,46517,3
46518,46518,3
46519,46519,3
46520,46520,3
46521,46521,3
46522,46522,3
46523,46523,3
46524,46524,3
46525,46525,3
46526,46526,3
46527,46527,3
46528,46528,3
46529,46529,3
46530,46530,3
46531,46531,3
46532,46532,3
46533,46533,3
46534,46534,3
46535,46535,3
46536,46536,3
46537,46537,3
46538,46538,3
46539,46539,3
46540,46540,3
46541,46541,3
46542,46542,3
46543,46543,3
46544,46544,3
46545,46545,3
46546,46546,3
46547,46547,3
46548,46548,3
46549,46549,3
46550,46550,3
46551,46551,3
46552,46552,3
46553,46553,3
46554,46554,3
46555,46555,3
46556,46556,3
46557,46557,3
46558,46558,3
46559,46559,3
46560,46560,3
46561,46561,3
46562,46562,3
46563,46563,3
46564,46564,3
46565,46565,3
46566,46566,3
46567,46567,3
46568,46568,3
46569,46569,3
46570,46570,3
46571,46571,3
46572,46572,3
46573,46573,3
46574,46574,3
46575,46575,3
46576,46576,3
46577,46577,3
46578,46578,3
46579,46579,3
46580,46580,3
46581,46581,3
46582,46582,3
46583,46583,3
46584,46584,3
46585,46585,3
46586,46586,3
46587,46587,3
46588,46588,3
46589,46589,3
46590,46590,3
46591,46591,3
46592,46592,3
46593,46593,3
46594,46594,3
46595,46595,3
46596,46596,3
46597,46597,3
46598,46598,3
46599,46599,3
46600,46600,3
46601,46601,3
46602,46602,3
46603,46603,3
46604,46604,3
46605,46605,3
46606,46606,3
46607,46607,3
46608,46608,3
46609,46609,3
46610,46610,3
46611,46611,3
46612,46612,3
46613,46613,3
46614,46614,3
46615,46615,3
46616,46616,3
46617,46617,3
46618,46618,3
46619,46619,3
46620,46620,3
46621,46621,3
46622,46622,3
46623,46623,3
46624,46624,3
46625,46625,3
46626,46626,3
46627,46627,3
46628,46628,3
46629,46629,3
46630,46630,3
46631,46631,3
46632,46632,3
46633,46633,3
46634,46634,3
46635,46635,3
46636,46636,3
46637,46637,3
46638,46638,3
46639,46639,3
46640,46640,3
46641,46641,3
46642,46642,3
46643,46643,3
46644,46644,3
46645,46645,3
46646,46646,3
46647,46647,3
46648,46648,3
46649,46649,3
46650,46650,3
46651,46651,3
46652,46652,3
46653,46653,3
46654,46654,3
46655,46655,3
46656,46656,3
46657,46657,3
46658,46658,3
46659,46659,3
46660,46660,3
46661,46661,3
46662,46662,3
46663,46663,3
46664,46664,3
46665,46665,3
46666,46666,3
46667,46667,3
46668,46668,3
46669,46669,3
46670,46670,3
46671,46671,3
46672,46672,3
46673,46673,3
46674,46674,3
46675,46675,3
46676,46676,3
46677,46677,3
46678,46678,3
46679,46679,3
46680,46680,3
46681,46681,3
46682,46682,3
46683,46683,3
46684,46684,3
46685,46685,3
46686,46686,3
46687,46687,3
46688,46688,3
46689,46689,3
46690,46690,3
46691,46691,3
46692,46692,3
46693,46693,3
46694,46694,3
46695,46695,3
46696,46696,3
46697,46697,3
46698,46698,3
46699,46699,3
46700,46700,3
46701,46701,3
46702,46702,3
46703,46703,3
46704,46704,3
46705,46705,3
46706,46706,3
46707,46707,3
46708,46708,3
46709,46709,3
46710,46710,3
46711,46711,3
46712,46712,3
46713,46713,3
46714,46714,3
46715,46715,3
46716,46716,3
46717,46717,3
46718,46718,3
46719,46719,3
46720,46720,3
46721,46721,3
46722,46722,3
46723,46723,3
46724,46724,3
46725,46725,3
46726,46726,3
46727,46727,3
46728,46728,3
46729,46729,3
46730,46730,3
46731,46731,3
46732,46732,3
46733,46733,3
46734,46734,3
46735,46735,3
46736,46736,3
46737,46737,3
46738,46738,3
46739,46739,3
46740,46740,3
46741,46741,3
46742,46742,3
46743,46743,3
46744,46744,3
46745,46745,3
46746,46746,3
46747,46747,3
46748,46748,3
46749,46749,3
46750,46750,3
46751,46751,3
46752,46752,3
46753,46753,3
46754,46754,3
46755,46755,3
46756,46756,3
46757,46757,3
46758,46758,3
46759,46759,3
46760,46760,3
46761,46761,3
46762,46762,3
46763,46763,3
46764,46764,3
46765,46765,3
46766,46766,3
46767,46767,3
46768,46768,3
46769,46769,3
46770,46770,3
46771,46771,3
46772,46772,3
46773,46773,1
46774,46774,1
46775,46775,1
46776,46776,1
46777,46777,1
46778,46778,1
46779,46779,1
46780,46780,1
46781,46781,1
46782,46782,6
46783,46783,1
46784,46784,6
46785,46785,1
46786,46786,1
46787,46787,1
46788,46788,1
46789,46789,1
46790,46790,1
46791,46791,1
46792,46792,1
46793,46793,1
46794,46794,1
46795,46795,1
46796,46796,1
46797,46797,1
46798,46798,6
46799,46799,6
46800,46800,6
46801,46801,6
46802,46802,6
46803,46803,6
46804,46804,6
46805,46805,6
46806,46806,6
46807,46807,6
46808,46808,6
46809,46809,6
46810,46810,6
46811,46811,6
46812,46812,6
46813,46813,6
46814,46814,6
46815,46815,6
46816,46816,6
46817,46817,6
46818,46818,6
46819,46819,6
46820,46820,6
46821,46821,6
46822,46822,6
46823,46823,6
46824,46824,6
46825,46825,6
46826,46826,3
46827,46827,3
46828,46828,3
46829,46829,6
46830,46830,6
46831,46831,1
46832,46832,1
46833,46833,1
46834,46834,1
46835,46835,1
46836,46836,6
46837,46837,6
46838,46838,1
46839,46839,1
46840,46840,1
46841,46841,1
46842,46842,6
46843,46843,1
46844,46844,6
46845,46845,1
46846,46846,6
46847,46847,6
46848,46848,6
46849,46849,6
46850,46850,6
46851,46851,6
46852,46852,6
46853,46853,6
46854,46854,6
46855,46855,6
46856,46856,3
46857,46857,1
46858,46858,6
46859,46859,1
46860,46860,6
46861,46861,6
46862,46862,6
46863,46863,6
46864,46864,6
46865,46865,6
46866,46866,6
46867,46867,6
46868,46868,6
46869,46869,6
46870,46870,6
46871,46871,6
46872,46872,6
46873,46873,6
46874,46874,6
46875,46875,6
46876,46876,8
46877,46877,8
46878,46878,8
46879,46879,8
46880,46880,8
46881,46881,8
46882,46882,8
46883,46883,6
46884,46884,6
46885,46885,6
46886,46886,6
46887,46887,8
46888,46888,8
46889,46889,8
46890,46890,8
46891,46891,6
46892,46892,6
46893,46893,6
46894,46894,6
46895,46895,6
46896,46896,6
46897,46897,6
46898,46898,6
46899,46899,6
46900,46900,6
46901,46901,6
46902,46902,6
46903,46903,6
46904,46904,6
46905,46905,6
46906,46906,6
46907,46907,8
46908,46908,8
46909,46909,8
46910,46910,8
46911,46911,8
46912,46912,8
46913,46913,8
46914,46914,8
46915,46915,8
46916,46916,8
46917,46917,8
46918,46918,8
46919,46919,8
46920,46920,8
46921,46921,8
46922,46922,8
46923,46923,6
46924,46924,6
46925,46925,6
46926,46926,6
46927,46927,6
46928,46928,6
46929,46929,6
46930,46930,6
46931,46931,6
46932,46932,6
46933,46933,6
46934,46934,6
46935,46935,6
46936,46936,6
46937,46937,6
46938,46938,6
46939,46939,6
46940,46940,6
46941,46941,6
46942,46942,6
46943,46943,6
46944,46944,6
46945,46945,6
46946,46946,6
46947,46947,6
46948,46948,6
46949,46949,6
46950,46950,6
46951,46951,6
46952,46952,6
46953,46953,6
46954,46954,6
46955,46955,6
46956,46956,6
46957,46957,6
46958,46958,6
46959,46959,6
46960,46960,6
46961,46961,6
46962,46962,6
46963,46963,6
46964,46964,6
46965,46965,6
46966,46966,6
46967,46967,6
46968,46968,6
46969,46969,6
46970,46970,6
46971,46971,6
46972,46972,6
46973,46973,6
46974,46974,6
46975,46975,6
46976,46976,6
46977,46977,6
46978,46978,6
46979,46979,6
46980,46980,6
46981,46981,6
46982,46982,6
46983,46983,6
46984,46984,6
46985,46985,6
46986,46986,6
46987,46987,6
46988,46988,6
46989,46989,6
46990,46990,6
46991,46991,6
46992,46992,6
46993,46993,6
46994,46994,6
46995,46995,6
46996,46996,6
46997,46997,6
46998,46998,6
46999,46999,6
47000,47000,6
47001,47001,6
47002,47002,6
47003,47003,6
47004,47004,6
47005,47005,6
47006,47006,6
47007,47007,6
47008,47008,6
47009,47009,6
47010,47010,6
47011,47011,6
47012,47012,6
47013,47013,6
47014,47014,6
47015,47015,6
47016,47016,6
47017,47017,6
47018,47018,6
47019,47019,6
47020,47020,6
47021,47021,6
47022,47022,6
47023,47023,6
47024,47024,6
47025,47025,6
47026,47026,6
47027,47027,6
47028,47028,6
47029,47029,6
47030,47030,6
47031,47031,6
47032,47032,6
47033,47033,6
47034,47034,6
47035,47035,6
47036,47036,6
47037,47037,6
47038,47038,6
47039,47039,6
47040,47040,6
47041,47041,6
47042,47042,6
47043,47043,6
47044,47044,6
47045,47045,6
47046,47046,6
47047,47047,6
47048,47048,6
47049,47049,6
47050,47050,6
47051,47051,6
47052,47052,6
47053,47053,3
47054,47054,4
47055,47055,3
47056,47056,3
47057,47057,3
47058,47058,4
47059,47059,3
47060,47060,3
47061,47061,4
47062,47062,4
47063,47063,3
47064,47064,3
47065,47065,3
47066,47066,3
47067,47067,3
47068,47068,3
47069,47069,3
47070,47070,3
47071,47071,3
47072,47072,3
47073,47073,4
47074,47074,3
47075,47075,4
47076,47076,4
47077,47077,3
47078,47078,4
47079,47079,3
47080,47080,3
47081,47081,3
47082,47082,3
47083,47083,3
47084,47084,3
47085,47085,7
47086,47086,7
47087,47087,7
47088,47088,7
47089,47089,7
47090,47090,7
47091,47091,7
47092,47092,7
47093,47093,7
47094,47094,7
47095,47095,7
47096,47096,7
47097,47097,7
47098,47098,7
47099,47099,7
47100,47100,7
47101,47101,7
47102,47102,7
47103,47103,7
47104,47104,7
47105,47105,7
47106,47106,8
47107,47107,7
47108,47108,7
47109,47109,8
47110,47110,7
47111,47111,7
47112,47112,7
47113,47113,8
47114,47114,8
47115,47115,8
47116,47116,7
47117,47117,7
47118,47118,8
47119,47119,7
47120,47120,8
47121,47121,8
47122,47122,8
47123,47123,7
47124,47124,7
47125,47125,7
47126,47126,7
47127,47127,7
47128,47128,7
47129,47129,7
47130,47130,7
47131,47131,7
47132,47132,7
47133,47133,7
47134,47134,7
47135,47135,7
47136,47136,7
47137,47137,7
47138,47138,7
47139,47139,7
47140,47140,7
47141,47141,7
47142,47142,7
47143,47143,7
47144,47144,7
47145,47145,7
47146,47146,7
47147,47147,7
47148,47148,7
47149,47149,7
47150,47150,7
47151,47151,7
47152,47152,7
47153,47153,7
47154,47154,7
47155,47155,7
47156,47156,7
47157,47157,7
47158,47158,7
47159,47159,7
47160,47160,7
47161,47161,7
47162,47162,7
47163,47163,7
47164,47164,7
47165,47165,7
47166,47166,7
47167,47167,7
47168,47168,7
47169,47169,7
47170,47170,7
47171,47171,7
47172,47172,7
47173,47173,7
47174,47174,7
47175,47175,7
47176,47176,7
47177,47177,7
47178,47178,7
47179,47179,7
47180,47180,7
47181,47181,7
47182,47182,7
47183,47183,7
47184,47184,7
47185,47185,7
47186,47186,7
47187,47187,7
47188,47188,7
47189,47189,7
47190,47190,7
47191,47191,7
47192,47192,7
47193,47193,7
47194,47194,7
47195,47195,7
47196,47196,7
47197,47197,7
47198,47198,7
47199,47199,7
47200,47200,7
47201,47201,7
47202,47202,7
47203,47203,7
47204,47204,7
47205,47205,7
47206,47206,7
47207,47207,7
47208,47208,7
47209,47209,7
47210,47210,7
47211,47211,7
47212,47212,7
47213,47213,7
47214,47214,7
47215,47215,7
47216,47216,7
47217,47217,7
47218,47218,7
47219,47219,7
47220,47220,7
47221,47221,7
47222,47222,7
47223,47223,7
47224,47224,7
47225,47225,7
47226,47226,7
47227,47227,7
47228,47228,7
47229,47229,7
47230,47230,7
47231,47231,7
47232,47232,7
47233,47233,7
47234,47234,7
47235,47235,7
47236,47236,7
47237,47237,7
47238,47238,7
47239,47239,7
47240,47240,7
47241,47241,7
47242,47242,7
47243,47243,7
47244,47244,7
47245,47245,7
47246,47246,7
47247,47247,7
47248,47248,7
47249,47249,7
47250,47250,7
47251,47251,7
47252,47252,7
47253,47253,7
47254,47254,7
47255,47255,7
47256,47256,7
47257,47257,7
47258,47258,7
47259,47259,7
47260,47260,7
47261,47261,7
47262,47262,7
47263,47263,6
47264,47264,6
47265,47265,6
47266,47266,6
47267,47267,6
47268,47268,6
47269,47269,6
47270,47270,6
47271,47271,6
47272,47272,6
47273,47273,6
47274,47274,6
47275,47275,6
47276,47276,6
47277,47277,6
47278,47278,6
47279,47279,6
47280,47280,6
47281,47281,6
47282,47282,6
47283,47283,6
47284,47284,6
47285,47285,6
47286,47286,6
47287,47287,6
47288,47288,6
47289,47289,6
47290,47290,6
47291,47291,6
47292,47292,6
47293,47293,6
47294,47294,6
47295,47295,6
47296,47296,6
47297,47297,6
47298,47298,6
47299,47299,6
47300,47300,6
47301,47301,6
47302,47302,6
47303,47303,6
47304,47304,6
47305,47305,6
47306,47306,6
47307,47307,6
47308,47308,6
47309,47309,6
47310,47310,6
47311,47311,6
47312,47312,6
47313,47313,6
47314,47314,6
47315,47315,6
47316,47316,6
47317,47317,6
47318,47318,6
47319,47319,6
47320,47320,6
47321,47321,6
47322,47322,6
47323,47323,6
47324,47324,3
47325,47325,1
47326,47326,1
47327,47327,1
47328,47328,1
47329,47329,1
47330,47330,1
47331,47331,1
47332,47332,1
47333,47333,1
47334,47334,6
47335,47335,1
47336,47336,1
47337,47337,1
47338,47338,1
47339,47339,1
47340,47340,1
47341,47341,1
47342,47342,1
47343,47343,1
47344,47344,1
47345,47345,1
47346,47346,1
47347,47347,1
47348,47348,1
47349,47349,1
47350,47350,1
47351,47351,1
47352,47352,1
47353,47353,1
47354,47354,1
47355,47355,1
47356,47356,1
47357,47357,1
47358,47358,1
47359,47359,1
47360,47360,1
47361,47361,1
47362,47362,1
47363,47363,1
47364,47364,1
47365,47365,1
47366,47366,1
47367,47367,1
47368,47368,1
47369,47369,1
47370,47370,1
47371,47371,1
47372,47372,1
47373,47373,1
47374,47374,1
47375,47375,1
47376,47376,1
47377,47377,1
47378,47378,1
47379,47379,1
47380,47380,1
47381,47381,1
47382,47382,1
47383,47383,1
47384,47384,1
47385,47385,1
47386,47386,1
47387,47387,1
47388,47388,1
47389,47389,1
47390,47390,1
47391,47391,1
47392,47392,1
47393,47393,1
47394,47394,1
47395,47395,1
47396,47396,1
47397,47397,1
47398,47398,1
47399,47399,1
47400,47400,1
47401,47401,1
47402,47402,1
47403,47403,1
47404,47404,0
47405,47405,0
47406,47406,6
47407,47407,6
47408,47408,6
47409,47409,6
47410,47410,6
47411,47411,6
47412,47412,6
47413,47413,6
47414,47414,6
47415,47415,0
47416,47416,6
47417,47417,6
47418,47418,6
47419,47419,6
47420,47420,6
47421,47421,6
47422,47422,6
47423,47423,6
47424,47424,6
47425,47425,6
47426,47426,6
47427,47427,6
47428,47428,0
47429,47429,0
47430,47430,0
47431,47431,0
47432,47432,0
47433,47433,0
47434,47434,0
47435,47435,0
47436,47436,0
47437,47437,0
47438,47438,0
47439,47439,0
47440,47440,6
47441,47441,0
47442,47442,0
47443,47443,6
47444,47444,6
47445,47445,0
47446,47446,6
47447,47447,6
47448,47448,6
47449,47449,6
47450,47450,6
47451,47451,6
47452,47452,6
47453,47453,6
47454,47454,6
47455,47455,6
47456,47456,3
47457,47457,3
47458,47458,3
47459,47459,3
47460,47460,3
47461,47461,3
47462,47462,3
47463,47463,3
47464,47464,3
47465,47465,3
47466,47466,3
47467,47467,3
47468,47468,3
47469,47469,3
47470,47470,3
47471,47471,3
47472,47472,3
47473,47473,3
47474,47474,3
47475,47475,3
47476,47476,3
47477,47477,3
47478,47478,3
47479,47479,3
47480,47480,3
47481,47481,3
47482,47482,3
47483,47483,3
47484,47484,3
47485,47485,3
47486,47486,3
47487,47487,3
47488,47488,3
47489,47489,3
47490,47490,3
47491,47491,3
47492,47492,3
47493,47493,3
47494,47494,3
47495,47495,3
47496,47496,3
47497,47497,3
47498,47498,3
47499,47499,3
47500,47500,3
47501,47501,3
47502,47502,3
47503,47503,3
47504,47504,3
47505,47505,3
47506,47506,3
47507,47507,3
47508,47508,3
47509,47509,3
47510,47510,3
47511,47511,6
47512,47512,6
47513,47513,6
47514,47514,6
47515,47515,6
47516,47516,6
47517,47517,6
47518,47518,6
47519,47519,6
47520,47520,6
47521,47521,6
47522,47522,6
47523,47523,6
47524,47524,6
47525,47525,6
47526,47526,6
47527,47527,6
47528,47528,6
47529,47529,6
47530,47530,6
47531,47531,6
47532,47532,6
47533,47533,6
47534,47534,6
47535,47535,6
47536,47536,6
47537,47537,6
47538,47538,6
47539,47539,6
47540,47540,6
47541,47541,6
47542,47542,6
47543,47543,6
47544,47544,6
47545,47545,6
47546,47546,6
47547,47547,6
47548,47548,6
47549,47549,6
47550,47550,6
47551,47551,6
47552,47552,6
47553,47553,6
47554,47554,6
47555,47555,6
47556,47556,6
47557,47557,6
47558,47558,6
47559,47559,6
47560,47560,6
47561,47561,6
47562,47562,6
47563,47563,6
47564,47564,6
47565,47565,6
47566,47566,6
47567,47567,1
47568,47568,1
47569,47569,1
47570,47570,6
47571,47571,6
47572,47572,6
47573,47573,6
47574,47574,6
47575,47575,3
47576,47576,3
47577,47577,3
47578,47578,3
47579,47579,3
47580,47580,3
47581,47581,3
47582,47582,3
47583,47583,3
47584,47584,3
47585,47585,3
47586,47586,3
47587,47587,6
47588,47588,6
47589,47589,6
47590,47590,6
47591,47591,6
47592,47592,6
47593,47593,6
47594,47594,6
47595,47595,6
47596,47596,6
47597,47597,6
47598,47598,6
47599,47599,6
47600,47600,3
47601,47601,6
47602,47602,3
47603,47603,3
47604,47604,3
47605,47605,3
47606,47606,3
47607,47607,3
47608,47608,3
47609,47609,3
47610,47610,3
47611,47611,3
47612,47612,3
47613,47613,3
47614,47614,3
47615,47615,3
47616,47616,3
47617,47617,3
47618,47618,3
47619,47619,3
47620,47620,3
47621,47621,3
47622,47622,3
47623,47623,3
47624,47624,3
47625,47625,3
47626,47626,3
47627,47627,3
47628,47628,3
47629,47629,3
47630,47630,3
47631,47631,3
47632,47632,3
47633,47633,3
47634,47634,3
47635,47635,3
47636,47636,3
47637,47637,3
47638,47638,3
47639,47639,3
47640,47640,3
47641,47641,3
47642,47642,3
47643,47643,3
47644,47644,3
47645,47645,3
47646,47646,3
47647,47647,3
47648,47648,3
47649,47649,3
47650,47650,3
47651,47651,3
47652,47652,3
47653,47653,3
47654,47654,3
47655,47655,3
47656,47656,3
47657,47657,3
47658,47658,3
47659,47659,3
47660,47660,3
47661,47661,3
47662,47662,3
47663,47663,3
47664,47664,3
47665,47665,1
47666,47666,1
47667,47667,1
47668,47668,1
47669,47669,1
47670,47670,1
47671,47671,1
47672,47672,1
47673,47673,1
47674,47674,1
47675,47675,1
47676,47676,1
47677,47677,1
47678,47678,1
47679,47679,1
47680,47680,3
47681,47681,3
47682,47682,3
47683,47683,3
47684,47684,3
47685,47685,3
47686,47686,3
47687,47687,3
47688,47688,3
47689,47689,3
47690,47690,3
47691,47691,3
47692,47692,3
47693,47693,3
47694,47694,3
47695,47695,1
47696,47696,1
47697,47697,1
47698,47698,3
47699,47699,3
47700,47700,3
47701,47701,3
47702,47702,1
47703,47703,3
47704,47704,3
47705,47705,3
47706,47706,3
47707,47707,6
47708,47708,6
47709,47709,6
47710,47710,6
47711,47711,6
47712,47712,6
47713,47713,6
47714,47714,6
47715,47715,6
47716,47716,6
47717,47717,4
47718,47718,6
47719,47719,6
47720,47720,6
47721,47721,6
47722,47722,6
47723,47723,6
47724,47724,6
47725,47725,6
47726,47726,6
47727,47727,6
47728,47728,6
47729,47729,6
47730,47730,6
47731,47731,6
47732,47732,6
47733,47733,6
47734,47734,6
47735,47735,6
47736,47736,6
47737,47737,6
47738,47738,6
47739,47739,6
47740,47740,6
47741,47741,6
47742,47742,6
47743,47743,6
47744,47744,6
47745,47745,6
47746,47746,6
47747,47747,6
47748,47748,6
47749,47749,6
47750,47750,6
47751,47751,6
47752,47752,6
47753,47753,6
47754,47754,6
47755,47755,6
47756,47756,6
47757,47757,6
47758,47758,6
47759,47759,6
47760,47760,6
47761,47761,6
47762,47762,6
47763,47763,6
47764,47764,6
47765,47765,6
47766,47766,6
47767,47767,6
47768,47768,6
47769,47769,6
47770,47770,6
47771,47771,6
47772,47772,4
47773,47773,6
47774,47774,6
47775,47775,6
47776,47776,6
47777,47777,6
47778,47778,6
47779,47779,6
47780,47780,6
47781,47781,6
47782,47782,6
47783,47783,4
47784,47784,6
47785,47785,6
47786,47786,6
47787,47787,6
47788,47788,6
47789,47789,6
47790,47790,6
47791,47791,6
47792,47792,4
47793,47793,6
47794,47794,6
47795,47795,3
47796,47796,6
47797,47797,6
47798,47798,6
47799,47799,6
47800,47800,6
47801,47801,6
47802,47802,6
47803,47803,6
47804,47804,6
47805,47805,6
47806,47806,6
47807,47807,6
47808,47808,6
47809,47809,6
47810,47810,6
47811,47811,6
47812,47812,6
47813,47813,6
47814,47814,6
47815,47815,6
47816,47816,6
47817,47817,6
47818,47818,6
47819,47819,6
47820,47820,6
47821,47821,6
47822,47822,6
47823,47823,6
47824,47824,6
47825,47825,6
47826,47826,6
47827,47827,6
47828,47828,6
47829,47829,6
47830,47830,6
47831,47831,6
47832,47832,6
47833,47833,6
47834,47834,6
47835,47835,6
47836,47836,6
47837,47837,6
47838,47838,6
47839,47839,6
47840,47840,6
47841,47841,6
47842,47842,6
47843,47843,6
47844,47844,6
47845,47845,6
47846,47846,6
47847,47847,6
47848,47848,6
47849,47849,6
47850,47850,6
47851,47851,1
47852,47852,1
47853,47853,1
47854,47854,1
47855,47855,1
47856,47856,1
47857,47857,1
47858,47858,1
47859,47859,1
47860,47860,1
47861,47861,6
47862,47862,6
47863,47863,6
47864,47864,6
47865,47865,6
47866,47866,6
47867,47867,6
47868,47868,6
47869,47869,6
47870,47870,6
47871,47871,1
47872,47872,6
47873,47873,0
47874,47874,0
47875,47875,0
47876,47876,0
47877,47877,0
47878,47878,0
47879,47879,0
47880,47880,0
47881,47881,0
47882,47882,0
47883,47883,0
47884,47884,0
47885,47885,0
47886,47886,0
47887,47887,0
47888,47888,0
47889,47889,0
47890,47890,0
47891,47891,0
47892,47892,0
47893,47893,0
47894,47894,0
47895,47895,0
47896,47896,0
47897,47897,0
47898,47898,0
47899,47899,8
47900,47900,8
47901,47901,8
47902,47902,8
47903,47903,8
47904,47904,8
47905,47905,8
47906,47906,8
47907,47907,8
47908,47908,8
47909,47909,8
47910,47910,8
47911,47911,8
47912,47912,8
47913,47913,8
47914,47914,8
47915,47915,8
47916,47916,8
47917,47917,8
47918,47918,8
47919,47919,8
47920,47920,8
47921,47921,8
47922,47922,8
47923,47923,8
47924,47924,8
47925,47925,8
47926,47926,8
47927,47927,8
47928,47928,8
47929,47929,8
47930,47930,8
47931,47931,6
47932,47932,6
47933,47933,6
47934,47934,6
47935,47935,6
47936,47936,6
47937,47937,6
47938,47938,6
47939,47939,6
47940,47940,6
47941,47941,6
47942,47942,6
47943,47943,6
47944,47944,6
47945,47945,6
47946,47946,6
47947,47947,6
47948,47948,6
47949,47949,6
47950,47950,6
47951,47951,6
47952,47952,6
47953,47953,6
47954,47954,7
47955,47955,7
47956,47956,7
47957,47957,7
47958,47958,7
47959,47959,7
47960,47960,7
47961,47961,7
47962,47962,7
47963,47963,7
47964,47964,7
47965,47965,7
47966,47966,7
47967,47967,6
47968,47968,6
47969,47969,6
47970,47970,6
47971,47971,6
47972,47972,6
47973,47973,6
47974,47974,6
47975,47975,6
47976,47976,6
47977,47977,0
47978,47978,6
47979,47979,6
47980,47980,6
47981,47981,6
47982,47982,6
47983,47983,2
47984,47984,2
47985,47985,2
47986,47986,7
47987,47987,1
47988,47988,1
47989,47989,1
47990,47990,1
47991,47991,1
47992,47992,1
47993,47993,1
47994,47994,1
47995,47995,1
47996,47996,7
47997,47997,7
47998,47998,1
47999,47999,1
48000,48000,1
48001,48001,7
48002,48002,7
48003,48003,1
48004,48004,1
48005,48005,1
48006,48006,1
48007,48007,1
48008,48008,1
48009,48009,1
48010,48010,1
48011,48011,1
48012,48012,1
48013,48013,1
48014,48014,1
48015,48015,1
48016,48016,1
48017,48017,1
48018,48018,1
48019,48019,1
48020,48020,1
48021,48021,1
48022,48022,1
48023,48023,1
48024,48024,1
48025,48025,1
48026,48026,1
48027,48027,7
48028,48028,7
48029,48029,7
48030,48030,7
48031,48031,1
48032,48032,1
48033,48033,1
48034,48034,1
48035,48035,1
48036,48036,1
48037,48037,1
48038,48038,7
48039,48039,1
48040,48040,1
48041,48041,1
48042,48042,1
48043,48043,1
48044,48044,1
48045,48045,1
48046,48046,1
48047,48047,1
48048,48048,1
48049,48049,1
48050,48050,1
48051,48051,1
48052,48052,1
48053,48053,1
48054,48054,1
48055,48055,1
48056,48056,1
48057,48057,1
48058,48058,1
48059,48059,1
48060,48060,7
48061,48061,7
48062,48062,7
48063,48063,1
48064,48064,1
48065,48065,1
48066,48066,1
48067,48067,1
48068,48068,1
48069,48069,1
48070,48070,1
48071,48071,1
48072,48072,7
48073,48073,7
48074,48074,7
48075,48075,7
48076,48076,7
48077,48077,7
48078,48078,7
48079,48079,7
48080,48080,7
48081,48081,1
48082,48082,1
48083,48083,7
48084,48084,1
48085,48085,1
48086,48086,7
48087,48087,1
48088,48088,1
48089,48089,1
48090,48090,1
48091,48091,1
48092,48092,7
48093,48093,7
48094,48094,7
48095,48095,7
48096,48096,7
48097,48097,7
48098,48098,7
48099,48099,1
48100,48100,7
48101,48101,1
48102,48102,1
48103,48103,1
48104,48104,1
48105,48105,1
48106,48106,1
48107,48107,7
48108,48108,7
48109,48109,1
48110,48110,1
48111,48111,1
48112,48112,1
48113,48113,1
48114,48114,1
48115,48115,1
48116,48116,1
48117,48117,1
48118,48118,1
48119,48119,1
48120,48120,1
48121,48121,1
48122,48122,1
48123,48123,1
48124,48124,1
48125,48125,1
48126,48126,1
48127,48127,1
48128,48128,1
48129,48129,1
48130,48130,1
48131,48131,1
48132,48132,1
48133,48133,1
48134,48134,1
48135,48135,1
48136,48136,1
48137,48137,1
48138,48138,1
48139,48139,1
48140,48140,1
48141,48141,1
48142,48142,1
48143,48143,1
48144,48144,1
48145,48145,1
48146,48146,1
48147,48147,1
48148,48148,1
48149,48149,1
48150,48150,1
48151,48151,1
48152,48152,1
48153,48153,1
48154,48154,1
48155,48155,1
48156,48156,1
48157,48157,1
48158,48158,1
48159,48159,1
48160,48160,1
48161,48161,1
48162,48162,1
48163,48163,1
48164,48164,1
48165,48165,1
48166,48166,1
48167,48167,1
48168,48168,1
48169,48169,1
48170,48170,1
48171,48171,1
48172,48172,1
48173,48173,1
48174,48174,1
48175,48175,1
48176,48176,1
48177,48177,1
48178,48178,1
48179,48179,1
48180,48180,1
48181,48181,1
48182,48182,6
48183,48183,6
48184,48184,6
48185,48185,6
48186,48186,6
48187,48187,6
48188,48188,3
48189,48189,6
48190,48190,6
48191,48191,6
48192,48192,6
48193,48193,6
48194,48194,6
48195,48195,6
48196,48196,6
48197,48197,6
48198,48198,6
48199,48199,6
48200,48200,6
48201,48201,6
48202,48202,6
48203,48203,6
48204,48204,6
48205,48205,6
48206,48206,6
48207,48207,6
48208,48208,6
48209,48209,6
48210,48210,6
48211,48211,3
48212,48212,3
48213,48213,3
48214,48214,3
48215,48215,3
48216,48216,3
48217,48217,3
48218,48218,6
48219,48219,6
48220,48220,6
48221,48221,6
48222,48222,6
48223,48223,6
48224,48224,6
48225,48225,6
48226,48226,6
48227,48227,6
48228,48228,6
48229,48229,6
48230,48230,6
48231,48231,6
48232,48232,6
48233,48233,6
48234,48234,6
48235,48235,6
48236,48236,6
48237,48237,6
48238,48238,6
48239,48239,6
48240,48240,3
48241,48241,6
48242,48242,3
48243,48243,6
48244,48244,3
48245,48245,6
48246,48246,6
48247,48247,3
48248,48248,6
48249,48249,6
48250,48250,6
48251,48251,6
48252,48252,6
48253,48253,6
48254,48254,6
48255,48255,6
48256,48256,6
48257,48257,6
48258,48258,6
48259,48259,6
48260,48260,3
48261,48261,6
48262,48262,6
48263,48263,6
48264,48264,6
48265,48265,3
48266,48266,6
48267,48267,6
48268,48268,6
48269,48269,6
48270,48270,6
48271,48271,6
48272,48272,6
48273,48273,6
48274,48274,6
48275,48275,6
48276,48276,6
48277,48277,6
48278,48278,6
48279,48279,6
48280,48280,6
48281,48281,3
48282,48282,3
48283,48283,3
48284,48284,3
48285,48285,3
48286,48286,3
48287,48287,3
48288,48288,3
48289,48289,3
48290,48290,3
48291,48291,3
48292,48292,3
48293,48293,3
48294,48294,3
48295,48295,3
48296,48296,3
48297,48297,3
48298,48298,3
48299,48299,3
48300,48300,3
48301,48301,3
48302,48302,3
48303,48303,3
48304,48304,3
48305,48305,3
48306,48306,3
48307,48307,3
48308,48308,3
48309,48309,3
48310,48310,3
48311,48311,3
48312,48312,3
48313,48313,6
48314,48314,1
48315,48315,1
48316,48316,1
48317,48317,1
48318,48318,1
48319,48319,1
48320,48320,1
48321,48321,1
48322,48322,1
48323,48323,6
48324,48324,6
48325,48325,1
48326,48326,1
48327,48327,6
48328,48328,1
48329,48329,1
48330,48330,1
48331,48331,1
48332,48332,1
48333,48333,6
48334,48334,6
48335,48335,6
48336,48336,6
48337,48337,6
48338,48338,6
48339,48339,3
48340,48340,3
48341,48341,3
48342,48342,3
48343,48343,1
48344,48344,1
48345,48345,1
48346,48346,1
48347,48347,1
48348,48348,1
48349,48349,1
48350,48350,3
48351,48351,1
48352,48352,1
48353,48353,1
48354,48354,1
48355,48355,1
48356,48356,1
48357,48357,1
48358,48358,3
48359,48359,1
48360,48360,6
48361,48361,3
48362,48362,3
48363,48363,3
48364,48364,3
48365,48365,6
48366,48366,6
48367,48367,1
48368,48368,6
48369,48369,6
48370,48370,6
48371,48371,6
48372,48372,6
48373,48373,6
48374,48374,6
48375,48375,6
48376,48376,6
48377,48377,6
48378,48378,6
48379,48379,6
48380,48380,6
48381,48381,6
48382,48382,6
48383,48383,6
48384,48384,6
48385,48385,6
48386,48386,6
48387,48387,6
48388,48388,6
48389,48389,6
48390,48390,6
48391,48391,6
48392,48392,6
48393,48393,6
48394,48394,8
48395,48395,8
48396,48396,8
48397,48397,8
48398,48398,8
48399,48399,8
48400,48400,8
48401,48401,8
48402,48402,8
48403,48403,8
48404,48404,8
48405,48405,8
48406,48406,8
48407,48407,8
48408,48408,8
48409,48409,8
48410,48410,8
48411,48411,8
48412,48412,8
48413,48413,4
48414,48414,8
48415,48415,4
48416,48416,4
48417,48417,4
48418,48418,4
48419,48419,4
48420,48420,4
48421,48421,8
48422,48422,8
48423,48423,8
48424,48424,8
48425,48425,6
48426,48426,4
48427,48427,4
48428,48428,4
48429,48429,4
48430,48430,4
48431,48431,6
48432,48432,4
48433,48433,4
48434,48434,4
48435,48435,4
48436,48436,4
48437,48437,4
48438,48438,4
48439,48439,6
48440,48440,0
48441,48441,6
48442,48442,6
48443,48443,6
48444,48444,6
48445,48445,6
48446,48446,6
48447,48447,6
48448,48448,6
48449,48449,6
48450,48450,6
48451,48451,6
48452,48452,6
48453,48453,6
48454,48454,6
48455,48455,6
48456,48456,6
48457,48457,6
48458,48458,6
48459,48459,6
48460,48460,6
48461,48461,6
48462,48462,6
48463,48463,6
48464,48464,6
48465,48465,6
48466,48466,6
48467,48467,6
48468,48468,6
48469,48469,6
48470,48470,6
48471,48471,6
48472,48472,6
48473,48473,6
48474,48474,6
48475,48475,6
48476,48476,6
48477,48477,6
48478,48478,6
48479,48479,6
48480,48480,6
48481,48481,6
48482,48482,6
48483,48483,6
48484,48484,6
48485,48485,6
48486,48486,6
48487,48487,6
48488,48488,6
48489,48489,6
48490,48490,6
48491,48491,6
48492,48492,6
48493,48493,6
48494,48494,6
48495,48495,6
48496,48496,6
48497,48497,6
48498,48498,6
48499,48499,6
48500,48500,6
48501,48501,6
48502,48502,6
48503,48503,6
48504,48504,6
48505,48505,6
48506,48506,6
48507,48507,6
48508,48508,6
48509,48509,6
48510,48510,6
48511,48511,6
48512,48512,6
48513,48513,6
48514,48514,6
48515,48515,6
48516,48516,6
48517,48517,6
48518,48518,6
48519,48519,6
48520,48520,6
48521,48521,6
48522,48522,6
48523,48523,6
48524,48524,6
48525,48525,6
48526,48526,6
48527,48527,6
48528,48528,6
48529,48529,6
48530,48530,6
48531,48531,6
48532,48532,6
48533,48533,6
48534,48534,6
48535,48535,6
48536,48536,6
48537,48537,6
48538,48538,6
48539,48539,6
48540,48540,6
48541,48541,3
48542,48542,6
48543,48543,3
48544,48544,3
48545,48545,3
48546,48546,3
48547,48547,3
48548,48548,3
48549,48549,6
48550,48550,6
48551,48551,6
48552,48552,6
48553,48553,6
48554,48554,6
48555,48555,3
48556,48556,6
48557,48557,3
48558,48558,3
48559,48559,3
48560,48560,3
48561,48561,3
48562,48562,3
48563,48563,3
48564,48564,3
48565,48565,3
48566,48566,3
48567,48567,3
48568,48568,3
48569,48569,3
48570,48570,3
48571,48571,3
48572,48572,3
48573,48573,3
48574,48574,3
48575,48575,3
48576,48576,3
48577,48577,3
48578,48578,3
48579,48579,3
48580,48580,3
48581,48581,3
48582,48582,3
48583,48583,3
48584,48584,3
48585,48585,3
48586,48586,3
48587,48587,3
48588,48588,3
48589,48589,3
48590,48590,3
48591,48591,3
48592,48592,3
48593,48593,3
48594,48594,3
48595,48595,3
48596,48596,3
48597,48597,3
48598,48598,3
48599,48599,3
48600,48600,3
48601,48601,3
48602,48602,3
48603,48603,3
48604,48604,3
48605,48605,3
48606,48606,3
48607,48607,3
48608,48608,3
48609,48609,6
48610,48610,3
48611,48611,3
48612,48612,3
48613,48613,3
48614,48614,4
48615,48615,3
48616,48616,4
48617,48617,3
48618,48618,4
48619,48619,4
48620,48620,3
48621,48621,4
48622,48622,4
48623,48623,4
48624,48624,4
48625,48625,4
48626,48626,4
48627,48627,4
48628,48628,4
48629,48629,4
48630,48630,4
48631,48631,4
48632,48632,4
48633,48633,4
48634,48634,3
48635,48635,3
48636,48636,3
48637,48637,3
48638,48638,3
48639,48639,3
48640,48640,4
48641,48641,4
48642,48642,4
48643,48643,4
48644,48644,4
48645,48645,3
48646,48646,3
48647,48647,3
48648,48648,3
48649,48649,3
48650,48650,3
48651,48651,3
48652,48652,3
48653,48653,3
48654,48654,3
48655,48655,3
48656,48656,3
48657,48657,3
48658,48658,3
48659,48659,3
48660,48660,3
48661,48661,3
48662,48662,3
48663,48663,3
48664,48664,3
48665,48665,3
48666,48666,3
48667,48667,3
48668,48668,3
48669,48669,3
48670,48670,3
48671,48671,3
48672,48672,3
48673,48673,3
48674,48674,3
48675,48675,3
48676,48676,3
48677,48677,3
48678,48678,3
48679,48679,3
48680,48680,3
48681,48681,3
48682,48682,3
48683,48683,3
48684,48684,3
48685,48685,3
48686,48686,3
48687,48687,3
48688,48688,3
48689,48689,3
48690,48690,3
48691,48691,3
48692,48692,3
48693,48693,3
48694,48694,3
48695,48695,3
48696,48696,3
48697,48697,3
48698,48698,3
48699,48699,3
48700,48700,3
48701,48701,3
48702,48702,3
48703,48703,3
48704,48704,6
48705,48705,6
48706,48706,6
48707,48707,6
48708,48708,6
48709,48709,6
48710,48710,6
48711,48711,6
48712,48712,6
48713,48713,6
48714,48714,6
48715,48715,6
48716,48716,6
48717,48717,6
48718,48718,6
48719,48719,6
48720,48720,6
48721,48721,6
48722,48722,6
48723,48723,6
48724,48724,6
48725,48725,6
48726,48726,6
48727,48727,6
48728,48728,3
48729,48729,3
48730,48730,3
48731,48731,3
48732,48732,3
48733,48733,3
48734,48734,3
48735,48735,3
48736,48736,3
48737,48737,3
48738,48738,3
48739,48739,3
48740,48740,3
48741,48741,3
48742,48742,3
48743,48743,3
48744,48744,3
48745,48745,3
48746,48746,3
48747,48747,3
48748,48748,3
48749,48749,3
48750,48750,3
48751,48751,3
48752,48752,3
48753,48753,3
48754,48754,3
48755,48755,3
48756,48756,3
48757,48757,3
48758,48758,3
48759,48759,3
48760,48760,3
48761,48761,3
48762,48762,3
48763,48763,3
48764,48764,3
48765,48765,3
48766,48766,3
48767,48767,3
48768,48768,3
48769,48769,3
48770,48770,3
48771,48771,3
48772,48772,3
48773,48773,3
48774,48774,3
48775,48775,3
48776,48776,3
48777,48777,3
48778,48778,3
48779,48779,3
48780,48780,3
48781,48781,3
48782,48782,3
48783,48783,3
48784,48784,3
48785,48785,6
48786,48786,6
48787,48787,1
48788,48788,1
48789,48789,1
48790,48790,1
48791,48791,1
48792,48792,1
48793,48793,1
48794,48794,1
48795,48795,6
48796,48796,1
48797,48797,1
48798,48798,6
48799,48799,6
48800,48800,6
48801,48801,6
48802,48802,6
48803,48803,6
48804,48804,6
48805,48805,6
48806,48806,6
48807,48807,6
48808,48808,6
48809,48809,1
48810,48810,6
48811,48811,6
48812,48812,6
48813,48813,6
48814,48814,6
48815,48815,6
48816,48816,6
48817,48817,6
48818,48818,6
48819,48819,6
48820,48820,6
48821,48821,6
48822,48822,6
48823,48823,6
48824,48824,6
48825,48825,6
48826,48826,6
48827,48827,6
48828,48828,6
48829,48829,6
48830,48830,6
48831,48831,6
48832,48832,6
48833,48833,6
48834,48834,6
48835,48835,6
48836,48836,6
48837,48837,6
48838,48838,6
48839,48839,6
48840,48840,6
48841,48841,6
48842,48842,6
48843,48843,6
48844,48844,6
48845,48845,6
48846,48846,6
48847,48847,6
48848,48848,6
48849,48849,6
48850,48850,6
48851,48851,6
48852,48852,6
48853,48853,6
48854,48854,6
48855,48855,6
48856,48856,6
48857,48857,6
48858,48858,6
48859,48859,6
48860,48860,1
48861,48861,1
48862,48862,1
48863,48863,1
48864,48864,1
48865,48865,1
48866,48866,1
48867,48867,1
48868,48868,1
48869,48869,1
48870,48870,1
48871,48871,1
48872,48872,1
48873,48873,1
48874,48874,1
48875,48875,1
48876,48876,1
48877,48877,1
48878,48878,1
48879,48879,1
48880,48880,1
48881,48881,1
48882,48882,1
48883,48883,1
48884,48884,1
48885,48885,1
48886,48886,1
48887,48887,1
48888,48888,1
48889,48889,1
48890,48890,1
48891,48891,1
48892,48892,1
48893,48893,1
48894,48894,1
48895,48895,1
48896,48896,1
48897,48897,1
48898,48898,1
48899,48899,1
48900,48900,1
48901,48901,1
48902,48902,1
48903,48903,1
48904,48904,1
48905,48905,1
48906,48906,1
48907,48907,1
48908,48908,1
48909,48909,1
48910,48910,1
48911,48911,1
48912,48912,1
48913,48913,1
48914,48914,1
48915,48915,1
48916,48916,1
48917,48917,1
48918,48918,1
48919,48919,1
48920,48920,1
48921,48921,1
48922,48922,1
48923,48923,1
48924,48924,1
48925,48925,1
48926,48926,1
48927,48927,1
48928,48928,1
48929,48929,1
48930,48930,1
48931,48931,1
48932,48932,1
48933,48933,1
48934,48934,1
48935,48935,1
48936,48936,1
48937,48937,1
48938,48938,1
48939,48939,1
48940,48940,1
48941,48941,1
48942,48942,1
48943,48943,1
48944,48944,1
48945,48945,1
48946,48946,1
48947,48947,1
48948,48948,1
48949,48949,1
48950,48950,1
48951,48951,1
48952,48952,1
48953,48953,1
48954,48954,1
48955,48955,1
48956,48956,1
48957,48957,1
48958,48958,1
48959,48959,1
48960,48960,1
48961,48961,1
48962,48962,1
48963,48963,1
48964,48964,1
48965,48965,1
48966,48966,1
48967,48967,1
48968,48968,1
48969,48969,1
48970,48970,6
48971,48971,6
48972,48972,6
48973,48973,6
48974,48974,1
48975,48975,6
48976,48976,6
48977,48977,6
48978,48978,6
48979,48979,6
48980,48980,6
48981,48981,6
48982,48982,6
48983,48983,6
48984,48984,6
48985,48985,6
48986,48986,6
48987,48987,6
48988,48988,6
48989,48989,6
48990,48990,6
48991,48991,6
48992,48992,6
48993,48993,6
48994,48994,6
48995,48995,6
48996,48996,6
48997,48997,6
48998,48998,6
48999,48999,6
49000,49000,6
49001,49001,6
49002,49002,8
49003,49003,8
49004,49004,8
49005,49005,8
49006,49006,8
49007,49007,8
49008,49008,8
49009,49009,8
49010,49010,8
49011,49011,8
49012,49012,8
49013,49013,8
49014,49014,8
49015,49015,8
49016,49016,8
49017,49017,8
49018,49018,8
49019,49019,8
49020,49020,8
49021,49021,8
49022,49022,8
49023,49023,8
49024,49024,8
49025,49025,8
49026,49026,8
49027,49027,8
49028,49028,8
49029,49029,8
49030,49030,8
49031,49031,8
49032,49032,8
49033,49033,8
49034,49034,8
49035,49035,8
49036,49036,8
49037,49037,8
49038,49038,8
49039,49039,8
49040,49040,8
49041,49041,8
49042,49042,8
49043,49043,8
49044,49044,8
49045,49045,8
49046,49046,8
49047,49047,8
49048,49048,8
49049,49049,8
49050,49050,8
49051,49051,8
49052,49052,8
49053,49053,8
49054,49054,6
49055,49055,6
49056,49056,6
49057,49057,6
49058,49058,6
49059,49059,6
49060,49060,6
49061,49061,6
49062,49062,6
49063,49063,6
49064,49064,6
49065,49065,6
49066,49066,6
49067,49067,6
49068,49068,6
49069,49069,6
49070,49070,6
49071,49071,6
49072,49072,6
49073,49073,6
49074,49074,6
49075,49075,6
49076,49076,6
49077,49077,8
49078,49078,8
49079,49079,8
49080,49080,8
49081,49081,8
49082,49082,8
49083,49083,7
49084,49084,7
49085,49085,7
49086,49086,7
49087,49087,7
49088,49088,7
49089,49089,7
49090,49090,7
49091,49091,7
49092,49092,7
49093,49093,7
49094,49094,6
49095,49095,6
49096,49096,6
49097,49097,1
49098,49098,1
49099,49099,1
49100,49100,1
49101,49101,1
49102,49102,1
49103,49103,1
49104,49104,1
49105,49105,1
49106,49106,1
49107,49107,1
49108,49108,1
49109,49109,3
49110,49110,1
49111,49111,1
49112,49112,1
49113,49113,1
49114,49114,1
49115,49115,1
49116,49116,1
49117,49117,3
49118,49118,1
49119,49119,1
49120,49120,1
49121,49121,1
49122,49122,1
49123,49123,1
49124,49124,1
49125,49125,1
49126,49126,1
49127,49127,1
49128,49128,3
49129,49129,6
49130,49130,6
49131,49131,6
49132,49132,6
49133,49133,6
49134,49134,6
49135,49135,6
49136,49136,6
49137,49137,6
49138,49138,6
49139,49139,6
49140,49140,6
49141,49141,6
49142,49142,6
49143,49143,6
49144,49144,6
49145,49145,6
49146,49146,6
49147,49147,6
49148,49148,6
49149,49149,6
49150,49150,6
49151,49151,6
49152,49152,6
49153,49153,6
49154,49154,6
49155,49155,6
49156,49156,6
49157,49157,6
49158,49158,6
49159,49159,1
49160,49160,6
49161,49161,6
49162,49162,6
49163,49163,6
49164,49164,6
49165,49165,6
49166,49166,6
49167,49167,1
49168,49168,1
49169,49169,1
49170,49170,1
49171,49171,1
49172,49172,1
49173,49173,6
49174,49174,6
49175,49175,6
49176,49176,1
49177,49177,6
49178,49178,6
49179,49179,1
49180,49180,1
49181,49181,1
49182,49182,6
49183,49183,6
49184,49184,6
49185,49185,6
49186,49186,6
49187,49187,6
49188,49188,6
49189,49189,6
49190,49190,6
49191,49191,6
49192,49192,6
49193,49193,6
49194,49194,6
49195,49195,6
49196,49196,6
49197,49197,6
49198,49198,6
49199,49199,6
49200,49200,6
49201,49201,6
49202,49202,6
49203,49203,6
49204,49204,6
49205,49205,6
49206,49206,6
49207,49207,6
49208,49208,6
49209,49209,6
49210,49210,6
49211,49211,6
49212,49212,6
49213,49213,6
49214,49214,6
49215,49215,6
49216,49216,6
49217,49217,6
49218,49218,6
49219,49219,6
49220,49220,6
49221,49221,6
49222,49222,6
49223,49223,6
49224,49224,6
49225,49225,6
49226,49226,6
49227,49227,6
49228,49228,6
49229,49229,6
49230,49230,6
49231,49231,6
49232,49232,6
49233,49233,6
49234,49234,6
49235,49235,6
49236,49236,6
49237,49237,6
49238,49238,6
49239,49239,6
49240,49240,6
49241,49241,6
49242,49242,6
49243,49243,6
49244,49244,6
49245,49245,6
49246,49246,6
49247,49247,6
49248,49248,6
49249,49249,6
49250,49250,6
49251,49251,6
49252,49252,6
49253,49253,6
49254,49254,6
49255,49255,6
49256,49256,8
49257,49257,8
49258,49258,8
49259,49259,8
49260,49260,8
49261,49261,8
49262,49262,8
49263,49263,8
49264,49264,8
49265,49265,8
49266,49266,8
49267,49267,8
49268,49268,8
49269,49269,8
49270,49270,8
49271,49271,8
49272,49272,8
49273,49273,8
49274,49274,8
49275,49275,8
49276,49276,8
49277,49277,8
49278,49278,8
49279,49279,8
49280,49280,8
49281,49281,8
49282,49282,8
49283,49283,8
49284,49284,8
49285,49285,8
49286,49286,8
49287,49287,8
49288,49288,8
49289,49289,8
49290,49290,8
49291,49291,8
49292,49292,8
49293,49293,8
49294,49294,8
49295,49295,8
49296,49296,8
49297,49297,8
49298,49298,8
49299,49299,8
49300,49300,8
49301,49301,8
49302,49302,8
49303,49303,8
49304,49304,8
49305,49305,8
49306,49306,8
49307,49307,8
49308,49308,8
49309,49309,8
49310,49310,8
49311,49311,8
49312,49312,8
49313,49313,8
49314,49314,8
49315,49315,8
49316,49316,8
49317,49317,8
49318,49318,8
49319,49319,8
49320,49320,8
49321,49321,8
49322,49322,8
49323,49323,8
49324,49324,8
49325,49325,8
49326,49326,8
49327,49327,6
49328,49328,6
49329,49329,6
49330,49330,6
49331,49331,6
49332,49332,8
49333,49333,6
49334,49334,6
49335,49335,6
49336,49336,6
49337,49337,6
49338,49338,6
49339,49339,6
49340,49340,6
49341,49341,6
49342,49342,6
49343,49343,6
49344,49344,6
49345,49345,6
49346,49346,6
49347,49347,6
49348,49348,6
49349,49349,6
49350,49350,10
49351,49351,10
49352,49352,10
49353,49353,10
49354,49354,10
49355,49355,10
49356,49356,10
49357,49357,10
49358,49358,10
49359,49359,10
49360,49360,10
49361,49361,10
49362,49362,10
49363,49363,10
49364,49364,10
49365,49365,10
49366,49366,10
49367,49367,10
49368,49368,10
49369,49369,10
49370,49370,10
49371,49371,10
49372,49372,10
49373,49373,10
49374,49374,10
49375,49375,10
49376,49376,10
49377,49377,10
49378,49378,10
49379,49379,10
49380,49380,10
49381,49381,10
49382,49382,10
49383,49383,10
49384,49384,10
49385,49385,10
49386,49386,10
49387,49387,10
49388,49388,10
49389,49389,10
49390,49390,10
49391,49391,10
49392,49392,10
49393,49393,10
49394,49394,10
49395,49395,10
49396,49396,10
49397,49397,10
49398,49398,10
49399,49399,10
49400,49400,10
49401,49401,10
49402,49402,10
49403,49403,6
49404,49404,3
49405,49405,3
49406,49406,3
49407,49407,6
49408,49408,3
49409,49409,3
49410,49410,3
49411,49411,3
49412,49412,3
49413,49413,6
49414,49414,6
49415,49415,6
49416,49416,6
49417,49417,6
49418,49418,6
49419,49419,6
49420,49420,6
49421,49421,6
49422,49422,6
49423,49423,3
49424,49424,3
49425,49425,3
49426,49426,3
49427,49427,3
49428,49428,3
49429,49429,3
49430,49430,3
49431,49431,6
49432,49432,3
49433,49433,6
49434,49434,3
49435,49435,6
49436,49436,6
49437,49437,6
49438,49438,6
49439,49439,3
49440,49440,3
49441,49441,3
49442,49442,3
49443,49443,3
49444,49444,10
49445,49445,10
49446,49446,3
49447,49447,3
49448,49448,3
49449,49449,6
49450,49450,3
49451,49451,3
49452,49452,3
49453,49453,3
49454,49454,10
49455,49455,6
49456,49456,6
49457,49457,3
49458,49458,6
49459,49459,6
49460,49460,6
49461,49461,6
49462,49462,6
49463,49463,6
49464,49464,10
49465,49465,10
49466,49466,10
49467,49467,10
49468,49468,10
49469,49469,10
49470,49470,10
49471,49471,10
49472,49472,10
49473,49473,10
49474,49474,10
49475,49475,10
49476,49476,10
49477,49477,10
49478,49478,10
49479,49479,10
49480,49480,10
49481,49481,10
49482,49482,10
49483,49483,10
49484,49484,10
49485,49485,10
49486,49486,10
49487,49487,10
49488,49488,10
49489,49489,10
49490,49490,10
49491,49491,10
49492,49492,10
49493,49493,10
49494,49494,10
49495,49495,10
49496,49496,10
49497,49497,10
49498,49498,10
49499,49499,10
49500,49500,10
49501,49501,10
49502,49502,10
49503,49503,10
49504,49504,10
49505,49505,10
49506,49506,10
49507,49507,10
49508,49508,10
49509,49509,10
49510,49510,10
49511,49511,10
49512,49512,10
49513,49513,10
49514,49514,10
49515,49515,10
49516,49516,10
49517,49517,10
49518,49518,10
49519,49519,10
49520,49520,10
49521,49521,10
49522,49522,10
49523,49523,10
49524,49524,10
49525,49525,10
49526,49526,10
49527,49527,10
49528,49528,10
49529,49529,10
49530,49530,10
49531,49531,10
49532,49532,10
49533,49533,10
49534,49534,10
49535,49535,10
49536,49536,10
49537,49537,10
49538,49538,10
49539,49539,10
49540,49540,10
49541,49541,10
49542,49542,10
49543,49543,10
49544,49544,10
49545,49545,10
49546,49546,10
49547,49547,10
49548,49548,10
49549,49549,10
49550,49550,10
49551,49551,10
49552,49552,10
49553,49553,10
49554,49554,10
49555,49555,10
49556,49556,10
49557,49557,10
49558,49558,10
49559,49559,10
49560,49560,10
49561,49561,10
49562,49562,10
49563,49563,10
49564,49564,10
49565,49565,10
49566,49566,10
49567,49567,10
49568,49568,4
49569,49569,10
49570,49570,10
49571,49571,10
49572,49572,10
49573,49573,4
49574,49574,4
49575,49575,10
49576,49576,10
49577,49577,8
49578,49578,10
49579,49579,10
49580,49580,10
49581,49581,10
49582,49582,10
49583,49583,6
49584,49584,6
49585,49585,6
49586,49586,6
49587,49587,6
49588,49588,6
49589,49589,6
49590,49590,6
49591,49591,6
49592,49592,6
49593,49593,6
49594,49594,6
49595,49595,6
49596,49596,6
49597,49597,6
49598,49598,6
49599,49599,6
49600,49600,6
49601,49601,6
49602,49602,6
49603,49603,6
49604,49604,6
49605,49605,6
49606,49606,6
49607,49607,6
49608,49608,6
49609,49609,6
49610,49610,6
49611,49611,6
49612,49612,6
49613,49613,6
49614,49614,6
49615,49615,6
49616,49616,6
49617,49617,6
49618,49618,6
49619,49619,6
49620,49620,6
49621,49621,6
49622,49622,6
49623,49623,6
49624,49624,6
49625,49625,6
49626,49626,6
49627,49627,6
49628,49628,6
49629,49629,6
49630,49630,6
49631,49631,6
49632,49632,6
49633,49633,6
49634,49634,6
49635,49635,6
49636,49636,6
49637,49637,6
49638,49638,6
49639,49639,6
49640,49640,6
49641,49641,6
49642,49642,6
49643,49643,4
49644,49644,6
49645,49645,6
49646,49646,6
49647,49647,6
49648,49648,6
49649,49649,4
49650,49650,4
49651,49651,6
49652,49652,4
49653,49653,4
49654,49654,6
49655,49655,6
49656,49656,6
49657,49657,8
49658,49658,8
49659,49659,8
49660,49660,8
49661,49661,10
49662,49662,8
49663,49663,10
49664,49664,10
49665,49665,10
49666,49666,10
49667,49667,8
49668,49668,8
49669,49669,8
49670,49670,8
49671,49671,8
49672,49672,8
49673,49673,8
49674,49674,8
49675,49675,8
49676,49676,8
49677,49677,8
49678,49678,8
49679,49679,8
49680,49680,8
49681,49681,8
49682,49682,8
49683,49683,10
49684,49684,10
49685,49685,10
49686,49686,10
49687,49687,8
49688,49688,8
49689,49689,8
49690,49690,10
49691,49691,8
49692,49692,8
49693,49693,10
49694,49694,10
49695,49695,10
49696,49696,10
49697,49697,10
49698,49698,10
49699,49699,10
49700,49700,10
49701,49701,10
49702,49702,10
49703,49703,10
49704,49704,10
49705,49705,10
49706,49706,10
49707,49707,10
49708,49708,10
49709,49709,10
49710,49710,10
49711,49711,10
49712,49712,10
49713,49713,10
49714,49714,10
49715,49715,10
49716,49716,10
49717,49717,10
49718,49718,10
49719,49719,10
49720,49720,10
49721,49721,10
49722,49722,10
49723,49723,10
49724,49724,10
49725,49725,10
49726,49726,10
49727,49727,10
49728,49728,10
49729,49729,10
49730,49730,10
49731,49731,10
49732,49732,10
49733,49733,10
49734,49734,10
49735,49735,10
49736,49736,10
49737,49737,10
49738,49738,10
49739,49739,10
49740,49740,10
49741,49741,4
49742,49742,4
49743,49743,4
49744,49744,4
49745,49745,10
49746,49746,10
49747,49747,10
49748,49748,10
49749,49749,10
49750,49750,10
49751,49751,10
49752,49752,4
49753,49753,4
49754,49754,4
49755,49755,10
49756,49756,10
49757,49757,10
49758,49758,10
49759,49759,10
49760,49760,10
49761,49761,10
49762,49762,10
49763,49763,10
49764,49764,10
49765,49765,10
49766,49766,10
49767,49767,10
49768,49768,10
49769,49769,10
49770,49770,10
49771,49771,10
49772,49772,10
49773,49773,10
49774,49774,10
49775,49775,10
49776,49776,10
49777,49777,10
49778,49778,10
49779,49779,10
49780,49780,10
49781,49781,10
49782,49782,10
49783,49783,10
49784,49784,10
49785,49785,10
49786,49786,10
49787,49787,10
49788,49788,10
49789,49789,10
49790,49790,10
49791,49791,10
49792,49792,10
49793,49793,10
49794,49794,10
49795,49795,10
49796,49796,10
49797,49797,10
49798,49798,10
49799,49799,10
49800,49800,10
49801,49801,10
49802,49802,10
49803,49803,10
49804,49804,10
49805,49805,10
49806,49806,10
49807,49807,10
49808,49808,10
49809,49809,10
49810,49810,10
49811,49811,10
49812,49812,10
49813,49813,10
49814,49814,10
49815,49815,10
49816,49816,10
49817,49817,10
49818,49818,10
49819,49819,10
49820,49820,10
49821,49821,10
49822,49822,10
49823,49823,10
49824,49824,10
49825,49825,10
49826,49826,10
49827,49827,10
49828,49828,10
49829,49829,10
49830,49830,10
49831,49831,10
49832,49832,10
49833,49833,10
49834,49834,10
49835,49835,10
49836,49836,10
49837,49837,10
49838,49838,10
49839,49839,10
49840,49840,10
49841,49841,10
49842,49842,10
49843,49843,10
49844,49844,10
49845,49845,10
49846,49846,10
49847,49847,10
49848,49848,10
49849,49849,10
49850,49850,10
49851,49851,10
49852,49852,10
49853,49853,10
49854,49854,10
49855,49855,10
49856,49856,10
49857,49857,10
49858,49858,10
49859,49859,10
49860,49860,10
49861,49861,10
49862,49862,10
49863,49863,10
49864,49864,10
49865,49865,10
49866,49866,10
49867,49867,10
49868,49868,10
49869,49869,10
49870,49870,10
49871,49871,10
49872,49872,10
49873,49873,10
49874,49874,10
49875,49875,10
49876,49876,10
49877,49877,10
49878,49878,8
49879,49879,8
49880,49880,8
49881,49881,8
49882,49882,8
49883,49883,8
49884,49884,8
49885,49885,8
49886,49886,8
49887,49887,8
49888,49888,2
49889,49889,2
49890,49890,2
49891,49891,2
49892,49892,2
49893,49893,2
49894,49894,2
49895,49895,2
49896,49896,2
49897,49897,2
49898,49898,0
49899,49899,0
49900,49900,0
49901,49901,6
49902,49902,6
49903,49903,6
49904,49904,6
49905,49905,6
49906,49906,6
49907,49907,6
49908,49908,6
49909,49909,6
49910,49910,6
49911,49911,6
49912,49912,6
49913,49913,6
49914,49914,6
49915,49915,6
49916,49916,6
49917,49917,6
49918,49918,6
49919,49919,3
49920,49920,3
49921,49921,3
49922,49922,8
49923,49923,8
49924,49924,8
49925,49925,7
49926,49926,1
49927,49927,1
49928,49928,1
49929,49929,8
49930,49930,8
49931,49931,8
49932,49932,8
49933,49933,8
49934,49934,8
49935,49935,8
49936,49936,8
49937,49937,8
49938,49938,8
49939,49939,8
49940,49940,8
49941,49941,8
49942,49942,8
49943,49943,8
49944,49944,8
49945,49945,7
49946,49946,7
49947,49947,8
49948,49948,7
49949,49949,7
49950,49950,8
49951,49951,7
49952,49952,7
49953,49953,8
49954,49954,7
49955,49955,8
49956,49956,7
49957,49957,8
49958,49958,8
49959,49959,8
49960,49960,8
49961,49961,8
49962,49962,8
49963,49963,8
49964,49964,8
49965,49965,8
49966,49966,8
49967,49967,8
49968,49968,8
49969,49969,8
49970,49970,8
49971,49971,8
49972,49972,8
49973,49973,8
49974,49974,8
49975,49975,8
49976,49976,8
49977,49977,8
49978,49978,8
49979,49979,8
49980,49980,8
49981,49981,8
49982,49982,8
49983,49983,8
49984,49984,8
49985,49985,8
49986,49986,8
49987,49987,8
49988,49988,8
49989,49989,8
49990,49990,8
49991,49991,8
49992,49992,8
49993,49993,8
49994,49994,8
49995,49995,8
49996,49996,8
49997,49997,8
49998,49998,8
49999,49999,8
50000,50000,8
50001,50001,8
50002,50002,8
50003,50003,8
50004,50004,8
50005,50005,8
50006,50006,2
50007,50007,2
50008,50008,2
50009,50009,2
50010,50010,2
50011,50011,2
50012,50012,2
50013,50013,2
50014,50014,2
50015,50015,6
50016,50016,6
50017,50017,6
50018,50018,6
50019,50019,8
50020,50020,8
50021,50021,8
50022,50022,8
50023,50023,8
50024,50024,8
50025,50025,8
50026,50026,8
50027,50027,8
50028,50028,8
50029,50029,8
50030,50030,8
50031,50031,3
50032,50032,3
50033,50033,3
50034,50034,3
50035,50035,3
50036,50036,3
50037,50037,3
50038,50038,3
50039,50039,3
50040,50040,3
50041,50041,3
50042,50042,3
50043,50043,3
50044,50044,3
50045,50045,3
50046,50046,3
50047,50047,3
50048,50048,3
50049,50049,6
50050,50050,6
50051,50051,6
50052,50052,10
50053,50053,10
50054,50054,10
50055,50055,10
50056,50056,10
50057,50057,10
50058,50058,10
50059,50059,10
50060,50060,10
50061,50061,3
50062,50062,3
50063,50063,3
50064,50064,3
50065,50065,6
50066,50066,6
50067,50067,6
50068,50068,6
50069,50069,6
50070,50070,6
50071,50071,0
50072,50072,0
50073,50073,0
50074,50074,6
50075,50075,0
50076,50076,0
50077,50077,0
50078,50078,0
50079,50079,8
50080,50080,8
50081,50081,8
50082,50082,8
50083,50083,8
50084,50084,8
50085,50085,8
50086,50086,6
50087,50087,2
50088,50088,2
50089,50089,2
50090,50090,2
50091,50091,2
50092,50092,2
50093,50093,2
50094,50094,2
50095,50095,2
50096,50096,2
50097,50097,2
50098,50098,2
50099,50099,2
50100,50100,2
50101,50101,2
50102,50102,2
50103,50103,2
50104,50104,2
50105,50105,3
50106,50106,3
50107,50107,3
50108,50108,3
50109,50109,3
50110,50110,3
50111,50111,3
50112,50112,3
50113,50113,3
50114,50114,3
50115,50115,3
50116,50116,3
50117,50117,3
50118,50118,3
50119,50119,3
50120,50120,3
50121,50121,3
50122,50122,3
50123,50123,3
50124,50124,3
50125,50125,3
50126,50126,3
50127,50127,3
50128,50128,3
50129,50129,3
50130,50130,3
50131,50131,3
50132,50132,3
50133,50133,3
50134,50134,3
50135,50135,3
50136,50136,3
50137,50137,3
50138,50138,3
50139,50139,3
50140,50140,3
50141,50141,3
50142,50142,3
50143,50143,3
50144,50144,3
50145,50145,3
50146,50146,3
50147,50147,3
50148,50148,8
50149,50149,8
50150,50150,6
50151,50151,6
50152,50152,3
50153,50153,3
50154,50154,3
50155,50155,3
50156,50156,3
50157,50157,3
50158,50158,3
50159,50159,3
50160,50160,3
50161,50161,3
50162,50162,3
50163,50163,3
50164,50164,3
50165,50165,3
50166,50166,3
50167,50167,3
50168,50168,3
50169,50169,3
50170,50170,3
50171,50171,3
50172,50172,3
50173,50173,3
50174,50174,3
50175,50175,3
50176,50176,3
50177,50177,3
50178,50178,3
50179,50179,3
50180,50180,3
50181,50181,3
50182,50182,3
50183,50183,3
50184,50184,8
50185,50185,8
50186,50186,8
50187,50187,1
50188,50188,1
50189,50189,1
50190,50190,1
50191,50191,0
50192,50192,8
50193,50193,8
50194,50194,0
50195,50195,0
50196,50196,0
50197,50197,8
50198,50198,0
50199,50199,0
50200,50200,0
50201,50201,3
50202,50202,3
50203,50203,3
50204,50204,3
50205,50205,3
50206,50206,3
50207,50207,3
50208,50208,3
50209,50209,3
50210,50210,3
50211,50211,3
50212,50212,3
50213,50213,3
50214,50214,3
50215,50215,3
50216,50216,3
50217,50217,3
50218,50218,3
50219,50219,3
50220,50220,3
50221,50221,3
50222,50222,3
50223,50223,3
50224,50224,3
50225,50225,3
50226,50226,3
50227,50227,3
50228,50228,3
50229,50229,1
50230,50230,1
50231,50231,3
50232,50232,3
50233,50233,4
50234,50234,3
50235,50235,4
50236,50236,4
50237,50237,3
50238,50238,0
50239,50239,0
50240,50240,0
50241,50241,0
50242,50242,0
50243,50243,0
50244,50244,6
50245,50245,6
50246,50246,2
50247,50247,2
50248,50248,2
50249,50249,2
50250,50250,2
50251,50251,2
50252,50252,2
50253,50253,2
50254,50254,2
50255,50255,2
50256,50256,2
50257,50257,2
50258,50258,2
50259,50259,2
50260,50260,2
50261,50261,2
50262,50262,2
50263,50263,2
50264,50264,2
50265,50265,2
50266,50266,2
50267,50267,2
50268,50268,2
50269,50269,2
50270,50270,2
50271,50271,2
50272,50272,2
50273,50273,2
50274,50274,2
50275,50275,2
50276,50276,2
50277,50277,2
50278,50278,2
50279,50279,2
50280,50280,2
50281,50281,2
50282,50282,2
50283,50283,2
50284,50284,2
50285,50285,2
50286,50286,2
50287,50287,2
50288,50288,2
50289,50289,2
50290,50290,2
50291,50291,2
50292,50292,2
50293,50293,2
50294,50294,2
50295,50295,2
50296,50296,2
50297,50297,6
50298,50298,6
50299,50299,3
50300,50300,3
50301,50301,3
50302,50302,3
50303,50303,3
50304,50304,3
50305,50305,3
50306,50306,3
50307,50307,3
50308,50308,6
50309,50309,7
50310,50310,7
50311,50311,7
50312,50312,7
50313,50313,7
50314,50314,7
50315,50315,7
50316,50316,7
50317,50317,7
50318,50318,7
50319,50319,7
50320,50320,7
50321,50321,7
50322,50322,7
50323,50323,7
50324,50324,7
50325,50325,7
50326,50326,7
50327,50327,7
50328,50328,7
50329,50329,6
50330,50330,6
50331,50331,6
50332,50332,3
50333,50333,3
50334,50334,7
50335,50335,7
50336,50336,7
50337,50337,7
50338,50338,7
50339,50339,7
50340,50340,7
50341,50341,6
50342,50342,6
50343,50343,6
50344,50344,0
50345,50345,0
50346,50346,0
50347,50347,1
50348,50348,1
50349,50349,1
50350,50350,1
50351,50351,1
50352,50352,1
50353,50353,0
50354,50354,0
50355,50355,0
50356,50356,0
50357,50357,0
50358,50358,0
50359,50359,0
50360,50360,0
50361,50361,0
50362,50362,0
50363,50363,0
50364,50364,4
50365,50365,4
50366,50366,4
50367,50367,4
50368,50368,4
50369,50369,11
50370,50370,4
50371,50371,11
50372,50372,4
50373,50373,11
50374,50374,8
50375,50375,8
50376,50376,6
50377,50377,6
50378,50378,6
50379,50379,6
50380,50380,6
50381,50381,6
50382,50382,4
50383,50383,4
50384,50384,4
50385,50385,0
50386,50386,0
50387,50387,0
50388,50388,0
50389,50389,0
50390,50390,0
50391,50391,0
50392,50392,6
50393,50393,8
50394,50394,6
50395,50395,8
50396,50396,7
50397,50397,7
50398,50398,3
50399,50399,3
50400,50400,3
50401,50401,6
50402,50402,3
50403,50403,3
50404,50404,3
50405,50405,3
50406,50406,3
50407,50407,6
50408,50408,6
50409,50409,6
50410,50410,6
50411,50411,6
50412,50412,6
50413,50413,6
50414,50414,6
50415,50415,6
50416,50416,6
50417,50417,3
50418,50418,7
50419,50419,7
50420,50420,7
50421,50421,7
50422,50422,0
50423,50423,0
50424,50424,0
50425,50425,0
50426,50426,0
50427,50427,0
50428,50428,0
50429,50429,0
50430,50430,0
50431,50431,0
50432,50432,0
50433,50433,0
50434,50434,0
50435,50435,0
50436,50436,0
50437,50437,6
50438,50438,6
50439,50439,6
50440,50440,6
50441,50441,6
50442,50442,6
50443,50443,6
50444,50444,6
50445,50445,6
50446,50446,6
50447,50447,6
50448,50448,0
50449,50449,8
50450,50450,8
50451,50451,8
50452,50452,8
50453,50453,8
50454,50454,8
50455,50455,8
50456,50456,8
50457,50457,8
50458,50458,7
50459,50459,7
50460,50460,0
50461,50461,0
50462,50462,6
50463,50463,6
50464,50464,6
50465,50465,6
50466,50466,6
50467,50467,6
50468,50468,0
50469,50469,0
50470,50470,6
50471,50471,0
50472,50472,6
50473,50473,6
50474,50474,6
50475,50475,6
50476,50476,6
50477,50477,6
50478,50478,6
50479,50479,6
50480,50480,6
50481,50481,6
50482,50482,6
50483,50483,6
50484,50484,6
50485,50485,6
50486,50486,6
50487,50487,6
50488,50488,6
50489,50489,6
50490,50490,6
50491,50491,6
50492,50492,6
50493,50493,6
50494,50494,6
50495,50495,6
50496,50496,6
50497,50497,6
50498,50498,6
50499,50499,6
50500,50500,6
50501,50501,1
50502,50502,7
50503,50503,7
50504,50504,7
50505,50505,7
50506,50506,6
50507,50507,6
50508,50508,6
50509,50509,6
50510,50510,6
50511,50511,6
50512,50512,6
50513,50513,6
50514,50514,6
50515,50515,6
50516,50516,6
50517,50517,6
50518,50518,0
50519,50519,6
50520,50520,3
50521,50521,6
50522,50522,8
50523,50523,8
50524,50524,3
50525,50525,3
50526,50526,3
50527,50527,3
50528,50528,3
50529,50529,3
50530,50530,3
50531,50531,3
50532,50532,3
50533,50533,3
50534,50534,0
50535,50535,7
50536,50536,7
50537,50537,2
50538,50538,2
50539,50539,2
50540,50540,0
50541,50541,7
50542,50542,2
50543,50543,2
50544,50544,2
50545,50545,8
50546,50546,10
50547,50547,10
50548,50548,3
50549,50549,10
50550,50550,10
50551,50551,7
50552,50552,8
50553,50553,8
50554,50554,2
50555,50555,2
50556,50556,2
50557,50557,2
50558,50558,7
50559,50559,1
50560,50560,3
50561,50561,0
50562,50562,3
50563,50563,3
50564,50564,3
50565,50565,11
50566,50566,7
50567,50567,7
50568,50568,0
50569,50569,7
50570,50570,7
50571,50571,7
50572,50572,3
50573,50573,8
50574,50574,8
50575,50575,0
50576,50576,7
50577,50577,7
50578,50578,0
50579,50579,0
50580,50580,0
50581,50581,0
50582,50582,0
50583,50583,0
50584,50584,0
50585,50585,2
50586,50586,3
50587,50587,6
50588,50588,6
50589,50589,6
50590,50590,6
50591,50591,6
50592,50592,6
50593,50593,6
50594,50594,6
50595,50595,6
50596,50596,0
50597,50597,0
50598,50598,0
50599,50599,6
50600,50600,6
50601,50601,0
50602,50602,8
50603,50603,1
50604,50604,6
50605,50605,6
50606,50606,8
50607,50607,8
50608,50608,8
50609,50609,8
50610,50610,8
50611,50611,8
50612,50612,8
50613,50613,8
50614,50614,3
50615,50615,8
50616,50616,6
50617,50617,6
50618,50618,6
50619,50619,6
50620,50620,6
50621,50621,6
50622,50622,6
50623,50623,6
50624,50624,6
50625,50625,6
50626,50626,0
50627,50627,8
50628,50628,0
50629,50629,8
50630,50630,0
50631,50631,8
50632,50632,8
50633,50633,8
50634,50634,8
50635,50635,8
50636,50636,8
50637,50637,6
50638,50638,6
50639,50639,8
50640,50640,8
50641,50641,0
50642,50642,0
50643,50643,0
50644,50644,0
50645,50645,6
50646,50646,6
50647,50647,6
50648,50648,0
50649,50649,6
50650,50650,0
50651,50651,6
50652,50652,6
50653,50653,6
50654,50654,6
50655,50655,6
50656,50656,6
50657,50657,6
50658,50658,6
50659,50659,6
50660,50660,6
50661,50661,6
50662,50662,8
50663,50663,8
50664,50664,8
50665,50665,6
50666,50666,6
50667,50667,6
50668,50668,6
50669,50669,6
50670,50670,6
50671,50671,8
50672,50672,8
50673,50673,8
50674,50674,8
50675,50675,8
50676,50676,3
50677,50677,3
50678,50678,4
50679,50679,4
50680,50680,7
50681,50681,3
50682,50682,3
50683,50683,3
50684,50684,3
50685,50685,6
50686,50686,6
50687,50687,6
50688,50688,6
50689,50689,7
50690,50690,7
50691,50691,7
50692,50692,7
50693,50693,7
50694,50694,3
50695,50695,3
50696,50696,7
50697,50697,7
50698,50698,7
50699,50699,7
50700,50700,0
50701,50701,0
50702,50702,6
50703,50703,6
50704,50704,6
50705,50705,6
50706,50706,7
50707,50707,7
50708,50708,2
50709,50709,3
50710,50710,3
50711,50711,3
50712,50712,3
50713,50713,3
50714,50714,8
50715,50715,8
50716,50716,8
50717,50717,8
50718,50718,8
50719,50719,8
50720,50720,8
50721,50721,8
50722,50722,8
50723,50723,2
50724,50724,2
50725,50725,2
50726,50726,2
50727,50727,2
50728,50728,2
50729,50729,2
50730,50730,3
50731,50731,3
50732,50732,3
50733,50733,3
50734,50734,3
50735,50735,3
50736,50736,3
50737,50737,3
50738,50738,3
50739,50739,3
50740,50740,3
50741,50741,3
50742,50742,0
50743,50743,0
50744,50744,0
50745,50745,0
50746,50746,0
50747,50747,8
50748,50748,8
50749,50749,7
50750,50750,4
50751,50751,6
50752,50752,3
50753,50753,3
50754,50754,3
50755,50755,4
50756,50756,4
50757,50757,6
50758,50758,3
50759,50759,6
50760,50760,6
50761,50761,3
50762,50762,3
50763,50763,3
50764,50764,6
50765,50765,6
50766,50766,6
50767,50767,0
50768,50768,6
50769,50769,2
50770,50770,2
50771,50771,7
50772,50772,7
50773,50773,7
50774,50774,7
50775,50775,2
50776,50776,8
50777,50777,6
50778,50778,8
50779,50779,6
50780,50780,8
50781,50781,6
50782,50782,6
50783,50783,6
50784,50784,6
50785,50785,6
50786,50786,6
50787,50787,6
50788,50788,0
50789,50789,6
50790,50790,0
50791,50791,0
50792,50792,0
50793,50793,0
50794,50794,0
50795,50795,0
50796,50796,6
50797,50797,0
50798,50798,0
50799,50799,6
50800,50800,0
50801,50801,6
50802,50802,0
50803,50803,0
50804,50804,0
50805,50805,0
50806,50806,6
50807,50807,6
50808,50808,6
50809,50809,6
50810,50810,6
50811,50811,6
50812,50812,6
50813,50813,6
50814,50814,6
50815,50815,6
50816,50816,6
50817,50817,6
50818,50818,6
50819,50819,6
50820,50820,6
50821,50821,6
50822,50822,0
50823,50823,7
50824,50824,7
50825,50825,7
50826,50826,7
50827,50827,7
50828,50828,8
50829,50829,8
50830,50830,8
50831,50831,6
50832,50832,2
50833,50833,8
50834,50834,3
50835,50835,8
50836,50836,10
50837,50837,8
50838,50838,3
50839,50839,3
50840,50840,8
50841,50841,0
50842,50842,8
50843,50843,6
50844,50844,6
50845,50845,7
50846,50846,7
50847,50847,7
50848,50848,7
50849,50849,7
50850,50850,7
50851,50851,7
50852,50852,7
50853,50853,7
50854,50854,7
50855,50855,6
50856,50856,6
50857,50857,6
50858,50858,6
50859,50859,6
50860,50860,6
50861,50861,6
50862,50862,3
50863,50863,6
50864,50864,6
50865,50865,6
50866,50866,3
50867,50867,3
50868,50868,3
50869,50869,3
50870,50870,3
50871,50871,6
50872,50872,6
50873,50873,6
50874,50874,6
50875,50875,6
50876,50876,6
50877,50877,3
50878,50878,3
50879,50879,3
50880,50880,6
50881,50881,6
50882,50882,3
50883,50883,3
50884,50884,3
50885,50885,6
50886,50886,6
50887,50887,3
50888,50888,6
50889,50889,6
50890,50890,6
50891,50891,6
50892,50892,6
50893,50893,4
50894,50894,11
50895,50895,6
50896,50896,7
50897,50897,7
50898,50898,7
50899,50899,7
50900,50900,7
50901,50901,7
50902,50902,6
50903,50903,6
50904,50904,6
50905,50905,3
50906,50906,6
50907,50907,6
50908,50908,6
50909,50909,6
50910,50910,6
50911,50911,6
50912,50912,0
50913,50913,0
50914,50914,3
50915,50915,3
50916,50916,3
50917,50917,3
50918,50918,3
50919,50919,1
50920,50920,1
50921,50921,6
50922,50922,1
50923,50923,1
50924,50924,7
50925,50925,8
50926,50926,8
50927,50927,6
50928,50928,6
50929,50929,6
50930,50930,6
50931,50931,6
50932,50932,6
50933,50933,6
50934,50934,6
50935,50935,3
50936,50936,6
50937,50937,6
50938,50938,6
50939,50939,6
50940,50940,6
50941,50941,6
50942,50942,6
50943,50943,6
50944,50944,3
50945,50945,4
50946,50946,4
50947,50947,0
50948,50948,0
50949,50949,0
50950,50950,6
50951,50951,6
50952,50952,8
50953,50953,6
50954,50954,6
50955,50955,8
50956,50956,6
50957,50957,6
50958,50958,6
50959,50959,6
50960,50960,4
50961,50961,9
50962,50962,9
50963,50963,9
50964,50964,3
50965,50965,4
50966,50966,3
50967,50967,3
50968,50968,3
50969,50969,3
50970,50970,3
50971,50971,3
50972,50972,3
50973,50973,3
50974,50974,3
50975,50975,3
50976,50976,3
50977,50977,0
50978,50978,6
50979,50979,6
50980,50980,6
50981,50981,6
50982,50982,6
50983,50983,4
50984,50984,6
50985,50985,6
50986,50986,6
50987,50987,6
50988,50988,2
50989,50989,2
50990,50990,2
50991,50991,2
50992,50992,2
50993,50993,2
50994,50994,2
50995,50995,2
50996,50996,2
50997,50997,2
50998,50998,2
50999,50999,2
51000,51000,2
51001,51001,2
51002,51002,2
51003,51003,2
51004,51004,1
51005,51005,8
51006,51006,3
51007,51007,3
51008,51008,3
51009,51009,6
51010,51010,3
51011,51011,3
51012,51012,6
51013,51013,3
51014,51014,6
51015,51015,6
51016,51016,6
51017,51017,6
51018,51018,6
51019,51019,3
51020,51020,3
51021,51021,3
51022,51022,6
51023,51023,3
51024,51024,6
51025,51025,6
51026,51026,6
51027,51027,8
51028,51028,8
51029,51029,0
51030,51030,8
51031,51031,8
51032,51032,0
51033,51033,0
51034,51034,0
51035,51035,8
51036,51036,0
51037,51037,6
51038,51038,6
51039,51039,6
51040,51040,0
51041,51041,0
51042,51042,0
51043,51043,0
51044,51044,6
51045,51045,0
51046,51046,0
51047,51047,8
51048,51048,0
51049,51049,0
51050,51050,0
51051,51051,0
51052,51052,0
51053,51053,0
51054,51054,0
51055,51055,0
51056,51056,0
51057,51057,0
51058,51058,0
51059,51059,8
51060,51060,8
51061,51061,8
51062,51062,6
51063,51063,8
51064,51064,6
51065,51065,6
51066,51066,0
51067,51067,0
51068,51068,6
51069,51069,6
51070,51070,8
51071,51071,6
51072,51072,8
51073,51073,6
51074,51074,6
51075,51075,6
51076,51076,6
51077,51077,8
51078,51078,8
51079,51079,8
51080,51080,8
51081,51081,3
51082,51082,3
51083,51083,6
51084,51084,3
51085,51085,3
51086,51086,7
51087,51087,7
51088,51088,3
51089,51089,6
51090,51090,6
51091,51091,6
51092,51092,6
51093,51093,6
51094,51094,6
51095,51095,6
51096,51096,6
51097,51097,6
51098,51098,6
51099,51099,3
51100,51100,3
51101,51101,3
51102,51102,3
51103,51103,3
51104,51104,3
51105,51105,3
51106,51106,3
51107,51107,3
51108,51108,3
51109,51109,3
51110,51110,6
51111,51111,6
51112,51112,1
51113,51113,1
51114,51114,3
51115,51115,8
51116,51116,3
51117,51117,3
51118,51118,3
51119,51119,3
51120,51120,3
51121,51121,3
51122,51122,3
51123,51123,3
51124,51124,3
51125,51125,6
51126,51126,4
51127,51127,4
51128,51128,8
51129,51129,8
51130,51130,6
51131,51131,6
51132,51132,6
51133,51133,6
51134,51134,3
51135,51135,3
51136,51136,3
51137,51137,7
51138,51138,6
51139,51139,3
51140,51140,6
51141,51141,3
51142,51142,6
51143,51143,8
51144,51144,7
51145,51145,6
51146,51146,6
51147,51147,6
51148,51148,6
51149,51149,6
51150,51150,6
51151,51151,6
51152,51152,6
51153,51153,6
51154,51154,6
51155,51155,8
51156,51156,3
51157,51157,1
51158,51158,3
51159,51159,8
51160,51160,8
51161,51161,8
51162,51162,8
51163,51163,8
51164,51164,8
51165,51165,3
51166,51166,3
51167,51167,6
51168,51168,6
51169,51169,8
51170,51170,8
51171,51171,6
51172,51172,8
51173,51173,8
51174,51174,1
51175,51175,1
51176,51176,7
51177,51177,8
51178,51178,8
51179,51179,0
51180,51180,0
51181,51181,0
51182,51182,0
51183,51183,0
51184,51184,0
51185,51185,0
51186,51186,8
51187,51187,8
51188,51188,8
51189,51189,8
51190,51190,8
51191,51191,4
51192,51192,6
51193,51193,3
51194,51194,3
51195,51195,3
51196,51196,3
51197,51197,3
51198,51198,8
51199,51199,8
51200,51200,8
51201,51201,8
51202,51202,8
51203,51203,8
51204,51204,8
51205,51205,8
51206,51206,8
51207,51207,8
51208,51208,8
51209,51209,8
51210,51210,8
51211,51211,10
51212,51212,10
51213,51213,10
51214,51214,7
51215,51215,6
51216,51216,8
51217,51217,8
51218,51218,8
51219,51219,8
51220,51220,8
51221,51221,10
51222,51222,10
51223,51223,8
51224,51224,8
51225,51225,4
51226,51226,4
51227,51227,0
51228,51228,0
51229,51229,8
51230,51230,0
51231,51231,0
51232,51232,0
51233,51233,0
51234,51234,0
51235,51235,0
51236,51236,0
51237,51237,0
51238,51238,0
51239,51239,0
51240,51240,0
51241,51241,0
51242,51242,0
51243,51243,0
51244,51244,0
51245,51245,0
51246,51246,0
51247,51247,0
51248,51248,0
51249,51249,0
51250,51250,0
51251,51251,0
51252,51252,6
51253,51253,8
51254,51254,2
51255,51255,2
51256,51256,2
51257,51257,2
51258,51258,3
51259,51259,3
51260,51260,6
51261,51261,8
51262,51262,0
51263,51263,0
51264,51264,0
51265,51265,0
51266,51266,8
51267,51267,8
51268,51268,3
51269,51269,0
51270,51270,6
51271,51271,3
51272,51272,1
51273,51273,3
51274,51274,3
51275,51275,3
51276,51276,3
51277,51277,3
51278,51278,3
51279,51279,6
51280,51280,6
51281,51281,6
51282,51282,6
51283,51283,6
51284,51284,6
51285,51285,6
51286,51286,6
51287,51287,6
51288,51288,6
51289,51289,6
51290,51290,6
51291,51291,3
51292,51292,6
51293,51293,3
51294,51294,9
51295,51295,1
51296,51296,1
51297,51297,4
51298,51298,4
51299,51299,7
51300,51300,8
51301,51301,3
51302,51302,3
51303,51303,3
51304,51304,3
51305,51305,3
51306,51306,3
51307,51307,3
51308,51308,3
51309,51309,6
51310,51310,3
51311,51311,3
51312,51312,3
51313,51313,3
51314,51314,9
51315,51315,3
51316,51316,3
51317,51317,3
51318,51318,3
51319,51319,3
51320,51320,3
51321,51321,2
51322,51322,2
51323,51323,2
51324,51324,2
51325,51325,6
51326,51326,6
51327,51327,6
51328,51328,6
51329,51329,6
51330,51330,6
51331,51331,3
51332,51332,3
51333,51333,3
51334,51334,3
51335,51335,3
51336,51336,6
51337,51337,6
51338,51338,6
51339,51339,6
51340,51340,6
51341,51341,6
51342,51342,6
51343,51343,6
51344,51344,6
51345,51345,6
51346,51346,6
51347,51347,6
51348,51348,6
51349,51349,6
51350,51350,6
51351,51351,6
51352,51352,6
51353,51353,6
51354,51354,0
51355,51355,6
51356,51356,6
51357,51357,6
51358,51358,10
51359,51359,9
51360,51360,9
51361,51361,9
51362,51362,6
51363,51363,0
51364,51364,0
51365,51365,8
51366,51366,7
51367,51367,3
51368,51368,3
51369,51369,3
51370,51370,3
51371,51371,8
51372,51372,3
51373,51373,3
51374,51374,3
51375,51375,3
51376,51376,1
51377,51377,1
51378,51378,6
51379,51379,3
51380,51380,3
51381,51381,1
51382,51382,7
51383,51383,7
51384,51384,7
51385,51385,7
51386,51386,9
51387,51387,7
51388,51388,6
51389,51389,0
51390,51390,6
51391,51391,3
51392,51392,8
51393,51393,6
51394,51394,3
51395,51395,3
51396,51396,3
51397,51397,6
51398,51398,3
51399,51399,6
51400,51400,7
51401,51401,6
51402,51402,0
51403,51403,1
51404,51404,1
51405,51405,1
51406,51406,1
51407,51407,6
51408,51408,6
51409,51409,2
51410,51410,2
51411,51411,2
51412,51412,1
51413,51413,6
51414,51414,3
51415,51415,3
51416,51416,3
51417,51417,3
51418,51418,0
51419,51419,2
51420,51420,2
51421,51421,2
51422,51422,2
51423,51423,2
51424,51424,2
51425,51425,7
51426,51426,7
51427,51427,6
51428,51428,6
51429,51429,6
51430,51430,6
51431,51431,6
51432,51432,6
51433,51433,6
51434,51434,0
51435,51435,0
51436,51436,0
51437,51437,3
51438,51438,0
51439,51439,0
51440,51440,6
51441,51441,6
51442,51442,6
51443,51443,6
51444,51444,7
51445,51445,7
51446,51446,1
51447,51447,1
51448,51448,1
51449,51449,1
51450,51450,1
51451,51451,8
51452,51452,7
51453,51453,7
51454,51454,0
51455,51455,1
51456,51456,3
51457,51457,3
51458,51458,3
51459,51459,0
51460,51460,0
51461,51461,8
51462,51462,6
51463,51463,3
51464,51464,3
51465,51465,6
51466,51466,6
51467,51467,6
51468,51468,6
51469,51469,6
51470,51470,6
51471,51471,3
51472,51472,3
51473,51473,3
51474,51474,10
51475,51475,3
51476,51476,1
51477,51477,8
51478,51478,3
51479,51479,3
51480,51480,1
51481,51481,7
51482,51482,7
51483,51483,7
51484,51484,7
51485,51485,7
51486,51486,7
51487,51487,8
51488,51488,7
51489,51489,7
51490,51490,7
51491,51491,7
51492,51492,7
51493,51493,8
51494,51494,8
51495,51495,1
51496,51496,1
51497,51497,7
51498,51498,7
51499,51499,8
51500,51500,1
51501,51501,6
51502,51502,1
51503,51503,3
51504,51504,3
51505,51505,6
51506,51506,0
51507,51507,0
51508,51508,0
51509,51509,0
51510,51510,8
51511,51511,3
51512,51512,6
51513,51513,6
51514,51514,6
51515,51515,6
51516,51516,6
51517,51517,6
51518,51518,6
51519,51519,6
51520,51520,7
51521,51521,3
51522,51522,6
51523,51523,6
51524,51524,0
51525,51525,0
51526,51526,6
51527,51527,3
51528,51528,3
51529,51529,1
51530,51530,7
51531,51531,7
51532,51532,7
51533,51533,1
51534,51534,7
51535,51535,6
51536,51536,7
51537,51537,7
51538,51538,1
51539,51539,7
51540,51540,6
51541,51541,3
51542,51542,3
51543,51543,3
51544,51544,3
51545,51545,3
51546,51546,3
51547,51547,6
51548,51548,6
51549,51549,6
51550,51550,3
51551,51551,3
51552,51552,3
51553,51553,0
51554,51554,8
51555,51555,3
51556,51556,10
51557,51557,7
51558,51558,2
51559,51559,7
51560,51560,7
51561,51561,4
51562,51562,4
51563,51563,3
51564,51564,6
51565,51565,6
51566,51566,3
51567,51567,6
51568,51568,6
51569,51569,6
51570,51570,6
51571,51571,0
51572,51572,7
51573,51573,2
51574,51574,2
51575,51575,3
51576,51576,3
51577,51577,2
51578,51578,8
51579,51579,2
51580,51580,3
51581,51581,3
51582,51582,3
51583,51583,3
51584,51584,3
51585,51585,3
51586,51586,6
51587,51587,0
51588,51588,0
51589,51589,0
51590,51590,0
51591,51591,3
51592,51592,3
51593,51593,3
51594,51594,3
51595,51595,3
51596,51596,3
51597,51597,3
51598,51598,3
51599,51599,6
51600,51600,3
51601,51601,3
51602,51602,3
51603,51603,3
51604,51604,3
51605,51605,3
51606,51606,3
51607,51607,3
51608,51608,3
51609,51609,8
51610,51610,6
51611,51611,6
51612,51612,6
51613,51613,0
51614,51614,2
51615,51615,6
51616,51616,8
51617,51617,3
51618,51618,3
51619,51619,3
51620,51620,2
51621,51621,8
51622,51622,6
51623,51623,2
51624,51624,6
51625,51625,8
51626,51626,8
51627,51627,8
51628,51628,8
51629,51629,6
51630,51630,6
51631,51631,6
51632,51632,6
51633,51633,6
51634,51634,6
51635,51635,6
51636,51636,6
51637,51637,3
51638,51638,6
51639,51639,3
51640,51640,3
51641,51641,3
51642,51642,3
51643,51643,3
51644,51644,8
51645,51645,0
51646,51646,0
51647,51647,0
51648,51648,0
51649,51649,0
51650,51650,0
51651,51651,3
51652,51652,0
51653,51653,3
51654,51654,6
51655,51655,8
51656,51656,3
51657,51657,6
51658,51658,6
51659,51659,6
51660,51660,11
51661,51661,6
51662,51662,0
51663,51663,6
51664,51664,6
51665,51665,10
51666,51666,10
51667,51667,7
51668,51668,6
51669,51669,7
51670,51670,3
51671,51671,10
51672,51672,3
51673,51673,3
51674,51674,3
51675,51675,3
51676,51676,3
51677,51677,9
51678,51678,9
51679,51679,9
51680,51680,9
51681,51681,3
51682,51682,3
51683,51683,3
51684,51684,3
51685,51685,3
51686,51686,3
51687,51687,3
51688,51688,3
51689,51689,3
51690,51690,7
51691,51691,3
51692,51692,3
51693,51693,3
51694,51694,3
51695,51695,3
51696,51696,3
51697,51697,3
51698,51698,3
51699,51699,3
51700,51700,0
51701,51701,3
51702,51702,1
51703,51703,3
51704,51704,3
51705,51705,3
51706,51706,3
51707,51707,3
51708,51708,2
51709,51709,6
51710,51710,3
51711,51711,3
51712,51712,3
51713,51713,6
51714,51714,6
51715,51715,7
51716,51716,7
51717,51717,3
51718,51718,8
51719,51719,3
51720,51720,3
51721,51721,6
51722,51722,0
51723,51723,9
51724,51724,9
51725,51725,6
51726,51726,6
51727,51727,7
51728,51728,3
51729,51729,3
51730,51730,1
51731,51731,0
51732,51732,6
51733,51733,6
51734,51734,2
51735,51735,3
51736,51736,3
51737,51737,0
51738,51738,0
51739,51739,0
51740,51740,0
51741,51741,0
51742,51742,0
51743,51743,0
51744,51744,0
51745,51745,0
51746,51746,7
51747,51747,0
51748,51748,7
51749,51749,0
51750,51750,0
51751,51751,6
51752,51752,6
51753,51753,0
51754,51754,0
51755,51755,6
51756,51756,6
51757,51757,3
51758,51758,0
51759,51759,6
51760,51760,6
51761,51761,7
51762,51762,7
51763,51763,7
51764,51764,7
51765,51765,3
51766,51766,3
51767,51767,8
51768,51768,3
51769,51769,0
51770,51770,6
51771,51771,0
51772,51772,1
51773,51773,6
51774,51774,3
51775,51775,6
51776,51776,6
51777,51777,0
51778,51778,0
51779,51779,7
51780,51780,1
51781,51781,3
51782,51782,7
51783,51783,6
51784,51784,6
51785,51785,6
51786,51786,0
51787,51787,0
51788,51788,0
51789,51789,0
51790,51790,6
51791,51791,6
51792,51792,6
51793,51793,6
51794,51794,6
51795,51795,0
51796,51796,6
51797,51797,6
51798,51798,2
51799,51799,1
51800,51800,6
51801,51801,0
51802,51802,0
51803,51803,7
51804,51804,3
51805,51805,3
51806,51806,6
51807,51807,6
51808,51808,0
51809,51809,0
51810,51810,0
51811,51811,0
51812,51812,0
51813,51813,0
51814,51814,0
51815,51815,0
51816,51816,8
51817,51817,8
51818,51818,8
51819,51819,8
51820,51820,8
51821,51821,8
51822,51822,8
51823,51823,8
51824,51824,6
51825,51825,0
51826,51826,0
51827,51827,0
51828,51828,0
51829,51829,0
51830,51830,4
51831,51831,4
51832,51832,6
51833,51833,1
51834,51834,8
51835,51835,8
51836,51836,6
51837,51837,2
51838,51838,6
51839,51839,6
51840,51840,9
51841,51841,3
51842,51842,3
51843,51843,3
51844,51844,6
51845,51845,0
51846,51846,3
51847,51847,3
51848,51848,3
51849,51849,7
51850,51850,1
51851,51851,6
51852,51852,8
51853,51853,6
51854,51854,6
51855,51855,6
51856,51856,0
51857,51857,8
51858,51858,6
51859,51859,0
51860,51860,10
51861,51861,8
51862,51862,8
51863,51863,3
51864,51864,7
51865,51865,3
51866,51866,3
51867,51867,6
51868,51868,0
51869,51869,6
51870,51870,3
51871,51871,7
51872,51872,1
51873,51873,6
51874,51874,6
51875,51875,3
51876,51876,3
51877,51877,3
51878,51878,3
51879,51879,9
51880,51880,3
51881,51881,9
51882,51882,6
51883,51883,6
51884,51884,3
51885,51885,3
51886,51886,3
51887,51887,3
51888,51888,3
51889,51889,3
51890,51890,3
51891,51891,3
51892,51892,3
51893,51893,3
51894,51894,3
51895,51895,3
51896,51896,3
51897,51897,3
51898,51898,3
51899,51899,6
51900,51900,1
51901,51901,6
51902,51902,3
51903,51903,6
51904,51904,7
51905,51905,7
51906,51906,7
51907,51907,7
51908,51908,7
51909,51909,6
51910,51910,6
51911,51911,1
51912,51912,3
51913,51913,6
51914,51914,6
51915,51915,6
51916,51916,3
51917,51917,3
51918,51918,1
51919,51919,6
51920,51920,6
51921,51921,6
51922,51922,6
51923,51923,6
51924,51924,3
51925,51925,6
51926,51926,6
51927,51927,3
51928,51928,6
51929,51929,7
51930,51930,6
51931,51931,8
51932,51932,6
51933,51933,6
51934,51934,6
51935,51935,8
51936,51936,6
51937,51937,6
51938,51938,3
51939,51939,7
51940,51940,3
51941,51941,3
51942,51942,3
51943,51943,6
51944,51944,8
51945,51945,8
51946,51946,7
51947,51947,7
51948,51948,6
51949,51949,6
51950,51950,7
51951,51951,1
51952,51952,8
51953,51953,8
51954,51954,1
51955,51955,0
51956,51956,7
51957,51957,0
51958,51958,7
51959,51959,6
51960,51960,0
51961,51961,0
51962,51962,0
51963,51963,0
51964,51964,7
51965,51965,0
51966,51966,6
51967,51967,0
51968,51968,3
51969,51969,6
51970,51970,7
51971,51971,4
51972,51972,3
51973,51973,8
51974,51974,3
51975,51975,7
51976,51976,4
51977,51977,6
51978,51978,3
51979,51979,6
51980,51980,6
51981,51981,7
51982,51982,6
51983,51983,11
51984,51984,11
51985,51985,11
51986,51986,11
51987,51987,0
51988,51988,0
51989,51989,0
51990,51990,0
51991,51991,0
51992,51992,0
51993,51993,0
51994,51994,0
51995,51995,0
51996,51996,0
51997,51997,0
51998,51998,0
51999,51999,0
52000,52000,0
52001,52001,0
52002,52002,0
52003,52003,0
52004,52004,0
52005,52005,0
52006,52006,0
52007,52007,0
52008,52008,0
52009,52009,0
52010,52010,0
52011,52011,0
52012,52012,0
52013,52013,0
52014,52014,0
52015,52015,0
52016,52016,0
52017,52017,0
52018,52018,0
52019,52019,0
52020,52020,0
52021,52021,0
52022,52022,0
52023,52023,0
52024,52024,0
52025,52025,0
52026,52026,0
52027,52027,0
52028,52028,0
52029,52029,0
52030,52030,0
52031,52031,0
52032,52032,0
52033,52033,0
52034,52034,0
52035,52035,0
52036,52036,0
52037,52037,0
52038,52038,0
52039,52039,0
52040,52040,0
52041,52041,0
52042,52042,0
52043,52043,0
52044,52044,0
52045,52045,0
52046,52046,0
52047,52047,0
52048,52048,0
52049,52049,0
52050,52050,0
52051,52051,0
52052,52052,0
52053,52053,0
52054,52054,0
52055,52055,0
52056,52056,0
52057,52057,0
52058,52058,0
52059,52059,0
52060,52060,0
52061,52061,0
52062,52062,0
52063,52063,0
52064,52064,0
52065,52065,0
52066,52066,0
52067,52067,0
52068,52068,0
52069,52069,0
52070,52070,0
52071,52071,0
52072,52072,0
52073,52073,0
52074,52074,0
52075,52075,0
52076,52076,0
52077,52077,0
52078,52078,0
52079,52079,0
52080,52080,0
52081,52081,0
52082,52082,0
52083,52083,0
52084,52084,6
52085,52085,6
52086,52086,0
52087,52087,0
52088,52088,0
52089,52089,6
52090,52090,0
52091,52091,0
52092,52092,0
52093,52093,0
52094,52094,0
52095,52095,0
52096,52096,0
52097,52097,0
52098,52098,0
52099,52099,0
52100,52100,0
52101,52101,0
52102,52102,0
52103,52103,0
52104,52104,0
52105,52105,0
52106,52106,0
52107,52107,0
52108,52108,0
52109,52109,0
52110,52110,0
52111,52111,0
52112,52112,0
52113,52113,0
52114,52114,0
52115,52115,0
52116,52116,0
52117,52117,0
52118,52118,0
52119,52119,0
52120,52120,0
52121,52121,0
52122,52122,0
52123,52123,0
52124,52124,0
52125,52125,0
52126,52126,0
52127,52127,0
52128,52128,0
52129,52129,0
52130,52130,0
52131,52131,0
52132,52132,0
52133,52133,0
52134,52134,0
52135,52135,0
52136,52136,0
52137,52137,0
52138,52138,0
52139,52139,0
52140,52140,0
52141,52141,0
52142,52142,0
52143,52143,0
52144,52144,0
52145,52145,0
52146,52146,0
52147,52147,0
52148,52148,0
52149,52149,0
52150,52150,0
52151,52151,0
52152,52152,0
52153,52153,0
52154,52154,0
52155,52155,0
52156,52156,0
52157,52157,0
52158,52158,0
52159,52159,0
52160,52160,0
52161,52161,0
52162,52162,0
52163,52163,0
52164,52164,0
52165,52165,0
52166,52166,6
52167,52167,0
52168,52168,0
52169,52169,0
52170,52170,0
52171,52171,0
52172,52172,0
52173,52173,0
52174,52174,0
52175,52175,0
52176,52176,0
52177,52177,0
52178,52178,0
52179,52179,0
52180,52180,0
52181,52181,0
52182,52182,0
52183,52183,0
52184,52184,5
52185,52185,5
52186,52186,5
52187,52187,5
52188,52188,0
52189,52189,0
52190,52190,0
52191,52191,0
52192,52192,0
52193,52193,0
52194,52194,0
52195,52195,0
52196,52196,0
52197,52197,0
52198,52198,0
52199,52199,0
52200,52200,0
52201,52201,0
52202,52202,0
52203,52203,0
52204,52204,0
52205,52205,0
52206,52206,0
52207,52207,0
52208,52208,0
52209,52209,0
52210,52210,0
52211,52211,0
52212,52212,0
52213,52213,0
52214,52214,0
52215,52215,0
52216,52216,0
52217,52217,0
52218,52218,0
52219,52219,0
52220,52220,0
52221,52221,0
52222,52222,0
52223,52223,0
52224,52224,0
52225,52225,0
52226,52226,0
52227,52227,0
52228,52228,0
52229,52229,0
52230,52230,0
52231,52231,0
52232,52232,0
52233,52233,0
52234,52234,0
52235,52235,0
52236,52236,0
52237,52237,0
52238,52238,0
52239,52239,0
52240,52240,5
52241,52241,0
52242,52242,5
52243,52243,5
52244,52244,0
52245,52245,0
52246,52246,0
52247,52247,5
52248,52248,5
52249,52249,5
52250,52250,5
52251,52251,0
52252,52252,5
52253,52253,5
52254,52254,5
52255,52255,0
52256,52256,0
52257,52257,0
52258,52258,0
52259,52259,0
52260,52260,0
52261,52261,5
52262,52262,0
52263,52263,0
52264,52264,0
52265,52265,5
52266,52266,5
52267,52267,5
52268,52268,5
52269,52269,0
52270,52270,0
52271,52271,5
52272,52272,5
52273,52273,0
52274,52274,5
52275,52275,0
52276,52276,0
52277,52277,0
52278,52278,0
52279,52279,0
52280,52280,0
52281,52281,5
52282,52282,5
52283,52283,5
52284,52284,5
52285,52285,5
52286,52286,5
52287,52287,0
52288,52288,0
52289,52289,0
52290,52290,0
52291,52291,0
52292,52292,0
52293,52293,0
52294,52294,0
52295,52295,0
52296,52296,0
52297,52297,0
52298,52298,0
52299,52299,0
52300,52300,0
52301,52301,0
52302,52302,0
52303,52303,0
52304,52304,5
52305,52305,5
52306,52306,5
52307,52307,5
52308,52308,5
52309,52309,5
52310,52310,5
52311,52311,5
52312,52312,0
52313,52313,0
52314,52314,0
52315,52315,0
52316,52316,0
52317,52317,0
52318,52318,0
52319,52319,0
52320,52320,0
52321,52321,0
52322,52322,0
52323,52323,0
52324,52324,0
52325,52325,0
52326,52326,0
52327,52327,0
52328,52328,0
52329,52329,0
52330,52330,0
52331,52331,0
52332,52332,0
52333,52333,0
52334,52334,0
52335,52335,0
52336,52336,0
52337,52337,0
52338,52338,0
52339,52339,0
52340,52340,0
52341,52341,0
52342,52342,0
52343,52343,0
52344,52344,0
52345,52345,0
52346,52346,0
52347,52347,0
52348,52348,0
52349,52349,0
52350,52350,0
52351,52351,0
52352,52352,0
52353,52353,0
52354,52354,0
52355,52355,0
52356,52356,0
52357,52357,0
52358,52358,0
52359,52359,0
52360,52360,0
52361,52361,0
52362,52362,0
52363,52363,0
52364,52364,0
52365,52365,0
52366,52366,0
52367,52367,0
52368,52368,0
52369,52369,0
52370,52370,0
52371,52371,0
52372,52372,0
52373,52373,0
52374,52374,0
52375,52375,0
52376,52376,0
52377,52377,0
52378,52378,0
52379,52379,0
52380,52380,0
52381,52381,0
52382,52382,0
52383,52383,0
52384,52384,7
52385,52385,7
52386,52386,6
52387,52387,3
52388,52388,3
52389,52389,9
52390,52390,3
52391,52391,3
52392,52392,1
52393,52393,6
52394,52394,6
52395,52395,3
52396,52396,4
52397,52397,6
52398,52398,1
52399,52399,1
52400,52400,1
52401,52401,3
52402,52402,6
52403,52403,3
52404,52404,6
52405,52405,6
52406,52406,3
52407,52407,3
52408,52408,3
52409,52409,0
52410,52410,0
52411,52411,0
52412,52412,3
52413,52413,7
52414,52414,3
52415,52415,6
52416,52416,3
52417,52417,6
52418,52418,6
52419,52419,9
52420,52420,3
52421,52421,3
52422,52422,3
52423,52423,3
52424,52424,3
52425,52425,3
52426,52426,3
52427,52427,3
52428,52428,3
52429,52429,6
52430,52430,9
52431,52431,9
52432,52432,3
52433,52433,3
52434,52434,3
52435,52435,3
52436,52436,3
52437,52437,3
52438,52438,3
52439,52439,3
52440,52440,3
52441,52441,3
52442,52442,4
52443,52443,9
52444,52444,3
52445,52445,3
52446,52446,3
52447,52447,3
52448,52448,3
52449,52449,3
52450,52450,3
52451,52451,3
52452,52452,3
52453,52453,3
52454,52454,3
52455,52455,6
52456,52456,3
52457,52457,6
52458,52458,6
52459,52459,6
52460,52460,6
52461,52461,6
52462,52462,6
52463,52463,1
52464,52464,1
52465,52465,1
52466,52466,1
52467,52467,6
52468,52468,6
52469,52469,3
52470,52470,6
52471,52471,3
52472,52472,3
52473,52473,3
52474,52474,6
52475,52475,3
52476,52476,6
52477,52477,6
52478,52478,6
52479,52479,3
52480,52480,6
52481,52481,6
52482,52482,3
52483,52483,3
52484,52484,3
52485,52485,3
52486,52486,6
52487,52487,3
52488,52488,3
52489,52489,3
52490,52490,3
52491,52491,3
52492,52492,3
52493,52493,3
52494,52494,3
52495,52495,3
52496,52496,3
52497,52497,3
52498,52498,7
52499,52499,7
52500,52500,7
52501,52501,7
52502,52502,7
52503,52503,7
52504,52504,7
52505,52505,7
52506,52506,7
52507,52507,7
52508,52508,7
52509,52509,7
52510,52510,0
52511,52511,7
52512,52512,7
52513,52513,7
52514,52514,0
52515,52515,0
52516,52516,7
52517,52517,7
52518,52518,7
52519,52519,7
52520,52520,7
52521,52521,7
52522,52522,7
52523,52523,7
52524,52524,7
52525,52525,7
52526,52526,7
52527,52527,7
52528,52528,7
52529,52529,7
52530,52530,7
52531,52531,7
52532,52532,7
52533,52533,7
52534,52534,7
52535,52535,7
52536,52536,7
52537,52537,7
52538,52538,7
52539,52539,7
52540,52540,7
52541,52541,7
52542,52542,7
52543,52543,7
52544,52544,7
52545,52545,7
52546,52546,7
52547,52547,7
52548,52548,7
52549,52549,7
52550,52550,7
52551,52551,7
52552,52552,7
52553,52553,7
52554,52554,7
52555,52555,7
52556,52556,7
52557,52557,7
52558,52558,7
52559,52559,7
52560,52560,7
52561,52561,7
52562,52562,7
52563,52563,7
52564,52564,7
52565,52565,7
52566,52566,0
52567,52567,0
52568,52568,7
52569,52569,0
52570,52570,7
52571,52571,7
52572,52572,7
52573,52573,7
52574,52574,0
52575,52575,7
52576,52576,0
52577,52577,0
52578,52578,7
52579,52579,0
52580,52580,7
52581,52581,0
52582,52582,7
52583,52583,7
52584,52584,7
52585,52585,7
52586,52586,7
52587,52587,7
52588,52588,7
52589,52589,7
52590,52590,7
52591,52591,7
52592,52592,7
52593,52593,7
52594,52594,7
52595,52595,7
52596,52596,7
52597,52597,7
52598,52598,7
52599,52599,7
52600,52600,0
52601,52601,0
52602,52602,0
52603,52603,0
52604,52604,0
52605,52605,0
52606,52606,0
52607,52607,0
52608,52608,0
52609,52609,0
52610,52610,0
52611,52611,0
52612,52612,7
52613,52613,0
52614,52614,7
52615,52615,7
52616,52616,7
52617,52617,7
52618,52618,0
52619,52619,8
52620,52620,7
52621,52621,7
52622,52622,7
52623,52623,7
52624,52624,0
52625,52625,0
52626,52626,0
52627,52627,0
52628,52628,0
52629,52629,0
52630,52630,0
52631,52631,0
52632,52632,0
52633,52633,0
52634,52634,0
52635,52635,0
52636,52636,0
52637,52637,0
52638,52638,0
52639,52639,0
52640,52640,0
52641,52641,0
52642,52642,0
52643,52643,0
52644,52644,0
52645,52645,0
52646,52646,5
52647,52647,5
52648,52648,7
52649,52649,0
52650,52650,0
52651,52651,0
52652,52652,0
52653,52653,0
52654,52654,0
52655,52655,0
52656,52656,0
52657,52657,0
52658,52658,0
52659,52659,0
52660,52660,0
52661,52661,0
52662,52662,0
52663,52663,0
52664,52664,0
52665,52665,0
52666,52666,5
52667,52667,5
52668,52668,0
52669,52669,5
52670,52670,0
52671,52671,5
52672,52672,5
52673,52673,5
52674,52674,5
52675,52675,5
52676,52676,0
52677,52677,0
52678,52678,0
52679,52679,0
52680,52680,0
52681,52681,0
52682,52682,0
52683,52683,0
52684,52684,5
52685,52685,5
52686,52686,5
52687,52687,0
52688,52688,5
52689,52689,5
52690,52690,5
52691,52691,5
52692,52692,0
52693,52693,5
52694,52694,5
52695,52695,5
52696,52696,5
52697,52697,5
52698,52698,5
52699,52699,5
52700,52700,5
52701,52701,5
52702,52702,5
52703,52703,5
52704,52704,5
52705,52705,0
52706,52706,5
52707,52707,5
52708,52708,5
52709,52709,5
52710,52710,5
52711,52711,0
52712,52712,0
52713,52713,0
52714,52714,0
52715,52715,0
52716,52716,0
52717,52717,5
52718,52718,5
52719,52719,5
52720,52720,5
52721,52721,5
52722,52722,5
52723,52723,0
52724,52724,0
52725,52725,0
52726,52726,0
52727,52727,0
52728,52728,0
52729,52729,0
52730,52730,0
52731,52731,0
52732,52732,0
52733,52733,0
52734,52734,0
52735,52735,0
52736,52736,0
52737,52737,0
52738,52738,0
52739,52739,0
52740,52740,0
52741,52741,0
52742,52742,0
52743,52743,0
52744,52744,0
52745,52745,0
52746,52746,0
52747,52747,0
52748,52748,0
52749,52749,0
52750,52750,0
52751,52751,0
52752,52752,0
52753,52753,0
52754,52754,0
52755,52755,0
52756,52756,0
52757,52757,0
52758,52758,0
52759,52759,0
52760,52760,0
52761,52761,0
52762,52762,0
52763,52763,0
52764,52764,0
52765,52765,0
52766,52766,0
52767,52767,0
52768,52768,0
52769,52769,0
52770,52770,0
52771,52771,0
52772,52772,0
52773,52773,0
52774,52774,0
52775,52775,0
52776,52776,0
52777,52777,0
52778,52778,0
52779,52779,0
52780,52780,0
52781,52781,0
52782,52782,0
52783,52783,0
52784,52784,0
52785,52785,0
52786,52786,0
52787,52787,0
52788,52788,0
52789,52789,0
52790,52790,0
52791,52791,0
52792,52792,0
52793,52793,0
52794,52794,0
52795,52795,0
52796,52796,0
52797,52797,0
52798,52798,0
52799,52799,0
52800,52800,0
52801,52801,0
52802,52802,0
52803,52803,0
52804,52804,0
52805,52805,0
52806,52806,0
52807,52807,0
52808,52808,0
52809,52809,0
52810,52810,0
52811,52811,0
52812,52812,0
52813,52813,0
52814,52814,0
52815,52815,0
52816,52816,0
52817,52817,0
52818,52818,0
52819,52819,0
52820,52820,0
52821,52821,7
52822,52822,0
52823,52823,0
52824,52824,0
52825,52825,0
52826,52826,0
52827,52827,0
52828,52828,0
52829,52829,0
52830,52830,0
52831,52831,7
52832,52832,0
52833,52833,0
52834,52834,0
52835,52835,0
52836,52836,0
52837,52837,0
52838,52838,0
52839,52839,0
52840,52840,0
52841,52841,0
52842,52842,0
52843,52843,0
52844,52844,0
52845,52845,0
52846,52846,0
52847,52847,0
52848,52848,0
52849,52849,0
52850,52850,0
52851,52851,0
52852,52852,0
52853,52853,0
52854,52854,0
52855,52855,0
52856,52856,0
52857,52857,0
52858,52858,0
52859,52859,7
52860,52860,0
52861,52861,0
52862,52862,0
52863,52863,0
52864,52864,0
52865,52865,0
52866,52866,0
52867,52867,0
52868,52868,7
52869,52869,0
52870,52870,0
52871,52871,0
52872,52872,0
52873,52873,0
52874,52874,0
52875,52875,0
52876,52876,0
52877,52877,0
52878,52878,7
52879,52879,0
52880,52880,0
52881,52881,0
52882,52882,0
52883,52883,0
52884,52884,7
52885,52885,5
52886,52886,5
52887,52887,5
52888,52888,5
52889,52889,5
52890,52890,5
52891,52891,5
52892,52892,5
52893,52893,5
52894,52894,5
52895,52895,0
52896,52896,0
52897,52897,5
52898,52898,5
52899,52899,5
52900,52900,5
52901,52901,5
52902,52902,5
52903,52903,5
52904,52904,0
52905,52905,0
52906,52906,5
52907,52907,5
52908,52908,5
52909,52909,5
52910,52910,5
52911,52911,5
52912,52912,5
52913,52913,5
52914,52914,5
52915,52915,5
52916,52916,5
52917,52917,5
52918,52918,0
52919,52919,0
52920,52920,0
52921,52921,0
52922,52922,0
52923,52923,5
52924,52924,5
52925,52925,5
52926,52926,5
52927,52927,0
52928,52928,0
52929,52929,0
52930,52930,0
52931,52931,0
52932,52932,0
52933,52933,0
52934,52934,0
52935,52935,0
52936,52936,0
52937,52937,0
52938,52938,0
52939,52939,0
52940,52940,0
52941,52941,0
52942,52942,0
52943,52943,0
52944,52944,0
52945,52945,0
52946,52946,0
52947,52947,7
52948,52948,7
52949,52949,0
52950,52950,0
52951,52951,0
52952,52952,0
52953,52953,0
52954,52954,0
52955,52955,0
52956,52956,0
52957,52957,0
52958,52958,0
52959,52959,0
52960,52960,0
52961,52961,0
52962,52962,0
52963,52963,0
52964,52964,0
52965,52965,0
52966,52966,0
52967,52967,0
52968,52968,0
52969,52969,0
52970,52970,0
52971,52971,0
52972,52972,0
52973,52973,0
52974,52974,0
52975,52975,6
52976,52976,6
52977,52977,6
52978,52978,11
52979,52979,11
52980,52980,11
52981,52981,11
52982,52982,0
52983,52983,0
52984,52984,0
52985,52985,0
52986,52986,0
52987,52987,0
52988,52988,3
52989,52989,3
52990,52990,4
52991,52991,4
52992,52992,6
52993,52993,6
52994,52994,0
52995,52995,0
52996,52996,0
52997,52997,6
52998,52998,6
52999,52999,6
53000,53000,0
53001,53001,0
53002,53002,0
53003,53003,0
53004,53004,0
53005,53005,0
53006,53006,0
53007,53007,7
53008,53008,7
53009,53009,7
53010,53010,8
53011,53011,8
53012,53012,8
53013,53013,7
53014,53014,7
53015,53015,7
53016,53016,7
53017,53017,7
53018,53018,7
53019,53019,0
53020,53020,7
53021,53021,8
53022,53022,6
53023,53023,6
53024,53024,8
53025,53025,8
53026,53026,8
53027,53027,8
53028,53028,8
53029,53029,8
53030,53030,6
53031,53031,6
53032,53032,6
53033,53033,8
53034,53034,0
53035,53035,7
53036,53036,0
53037,53037,0
53038,53038,0
53039,53039,0
53040,53040,0
53041,53041,7
53042,53042,0
53043,53043,0
53044,53044,0
53045,53045,0
53046,53046,0
53047,53047,0
53048,53048,0
53049,53049,0
53050,53050,0
53051,53051,0
53052,53052,0
53053,53053,6
53054,53054,6
53055,53055,6
53056,53056,6
53057,53057,0
53058,53058,0
53059,53059,6
53060,53060,6
53061,53061,6
53062,53062,4
53063,53063,4
53064,53064,4
53065,53065,4
53066,53066,4
53067,53067,4
53068,53068,3
53069,53069,4
53070,53070,3
53071,53071,4
53072,53072,4
53073,53073,4
53074,53074,4
53075,53075,4
53076,53076,4
53077,53077,4
53078,53078,4
53079,53079,4
53080,53080,6
53081,53081,4
53082,53082,4
53083,53083,4
53084,53084,4
53085,53085,4
53086,53086,4
53087,53087,4
53088,53088,11
53089,53089,4
53090,53090,4
53091,53091,4
53092,53092,11
53093,53093,6
53094,53094,6
53095,53095,6
53096,53096,6
53097,53097,6
53098,53098,6
53099,53099,0
53100,53100,0
53101,53101,0
53102,53102,0
53103,53103,0
53104,53104,0
53105,53105,0
53106,53106,6
53107,53107,6
53108,53108,0
53109,53109,0
53110,53110,0
53111,53111,6
53112,53112,6
53113,53113,0
53114,53114,0
53115,53115,6
53116,53116,0
53117,53117,0
53118,53118,0
53119,53119,0
53120,53120,0
53121,53121,0
53122,53122,0
53123,53123,0
53124,53124,0
53125,53125,0
53126,53126,0
53127,53127,0
53128,53128,0
53129,53129,0
53130,53130,0
53131,53131,0
53132,53132,0
53133,53133,0
53134,53134,6
53135,53135,6
53136,53136,6
53137,53137,4
53138,53138,6
53139,53139,4
53140,53140,4
53141,53141,4
53142,53142,3
53143,53143,3
53144,53144,6
53145,53145,6
53146,53146,6
53147,53147,6
53148,53148,6
53149,53149,6
53150,53150,6
53151,53151,6
53152,53152,1
53153,53153,6
53154,53154,6
53155,53155,6
53156,53156,6
53157,53157,6
53158,53158,6
53159,53159,6
53160,53160,3
53161,53161,6
53162,53162,3
53163,53163,6
53164,53164,6
53165,53165,6
53166,53166,3
53167,53167,4
53168,53168,4
53169,53169,4
53170,53170,4
53171,53171,4
53172,53172,11
53173,53173,11
53174,53174,3
53175,53175,3
53176,53176,4
53177,53177,4
53178,53178,11
53179,53179,11
53180,53180,11
53181,53181,11
53182,53182,11
53183,53183,11
53184,53184,3
53185,53185,3
53186,53186,3
53187,53187,3
53188,53188,3
53189,53189,3
53190,53190,4
53191,53191,4
53192,53192,4
53193,53193,4
53194,53194,11
53195,53195,11
53196,53196,11
53197,53197,11
53198,53198,11
53199,53199,11
53200,53200,11
53201,53201,4
53202,53202,11
53203,53203,11
53204,53204,11
53205,53205,11
53206,53206,4
53207,53207,4
53208,53208,4
53209,53209,4
53210,53210,4
53211,53211,4
53212,53212,11
53213,53213,11
53214,53214,11
53215,53215,11
53216,53216,4
53217,53217,4
53218,53218,4
53219,53219,4
53220,53220,4
53221,53221,4
53222,53222,4
53223,53223,3
53224,53224,4
53225,53225,11
53226,53226,11
53227,53227,11
53228,53228,11
53229,53229,11
53230,53230,11
53231,53231,11
53232,53232,11
53233,53233,11
53234,53234,11
53235,53235,11
53236,53236,11
53237,53237,11
53238,53238,11
53239,53239,11
53240,53240,11
53241,53241,11
53242,53242,11
53243,53243,11
53244,53244,11
53245,53245,11
53246,53246,11
53247,53247,11
53248,53248,11
53249,53249,11
53250,53250,11
53251,53251,5
53252,53252,11
53253,53253,11
53254,53254,11
53255,53255,11
53256,53256,11
53257,53257,11
53258,53258,11
53259,53259,11
53260,53260,11
53261,53261,11
53262,53262,11
53263,53263,11
53264,53264,11
53265,53265,11
53266,53266,11
53267,53267,11
53268,53268,11
53269,53269,11
53270,53270,11
53271,53271,4
53272,53272,11
53273,53273,11
53274,53274,11
53275,53275,11
53276,53276,11
53277,53277,11
53278,53278,11
53279,53279,11
53280,53280,11
53281,53281,11
53282,53282,11
53283,53283,4
53284,53284,4
53285,53285,11
53286,53286,11
53287,53287,11
53288,53288,11
53289,53289,11
53290,53290,11
53291,53291,11
53292,53292,11
53293,53293,11
53294,53294,11
53295,53295,11
53296,53296,4
53297,53297,4
53298,53298,4
53299,53299,11
53300,53300,11
53301,53301,4
53302,53302,11
53303,53303,11
53304,53304,11
53305,53305,11
53306,53306,11
53307,53307,11
53308,53308,11
53309,53309,11
53310,53310,11
53311,53311,11
53312,53312,11
53313,53313,11
53314,53314,11
53315,53315,11
53316,53316,11
53317,53317,11
53318,53318,11
53319,53319,11
53320,53320,11
53321,53321,11
53322,53322,11
53323,53323,11
53324,53324,3
53325,53325,3
53326,53326,3
53327,53327,9
53328,53328,9
53329,53329,3
53330,53330,3
53331,53331,3
53332,53332,3
53333,53333,3
53334,53334,3
53335,53335,11
53336,53336,11
53337,53337,4
53338,53338,4
53339,53339,4
53340,53340,4
53341,53341,4
53342,53342,11
53343,53343,4
53344,53344,4
53345,53345,4
53346,53346,4
53347,53347,4
53348,53348,3
53349,53349,3
53350,53350,3
53351,53351,3
53352,53352,3
53353,53353,3
53354,53354,3
53355,53355,3
53356,53356,3
53357,53357,3
53358,53358,3
53359,53359,3
53360,53360,3
53361,53361,1
53362,53362,1
53363,53363,3
53364,53364,1
53365,53365,1
53366,53366,1
53367,53367,1
53368,53368,1
53369,53369,3
53370,53370,3
53371,53371,1
53372,53372,1
53373,53373,1
53374,53374,1
53375,53375,1
53376,53376,1
53377,53377,1
53378,53378,6
53379,53379,6
53380,53380,8
53381,53381,6
53382,53382,0
53383,53383,0
53384,53384,8
53385,53385,8
53386,53386,8
53387,53387,7
53388,53388,8
53389,53389,6
53390,53390,8
53391,53391,8
53392,53392,6
53393,53393,6
53394,53394,8
53395,53395,6
53396,53396,6
53397,53397,6
53398,53398,8
53399,53399,6
53400,53400,6
53401,53401,6
53402,53402,6
53403,53403,6
53404,53404,6
53405,53405,0
53406,53406,0
53407,53407,6
53408,53408,6
53409,53409,6
53410,53410,6
53411,53411,0
53412,53412,6
53413,53413,6
53414,53414,6
53415,53415,6
53416,53416,6
53417,53417,6
53418,53418,6
53419,53419,6
53420,53420,6
53421,53421,6
53422,53422,6
53423,53423,6
53424,53424,6
53425,53425,6
53426,53426,6
53427,53427,0
53428,53428,7
53429,53429,7
53430,53430,0
53431,53431,0
53432,53432,0
53433,53433,0
53434,53434,0
53435,53435,0
53436,53436,7
53437,53437,0
53438,53438,7
53439,53439,2
53440,53440,2
53441,53441,7
53442,53442,7
53443,53443,7
53444,53444,0
53445,53445,7
53446,53446,7
53447,53447,8
53448,53448,8
53449,53449,8
53450,53450,8
53451,53451,8
53452,53452,8
53453,53453,8
53454,53454,7
53455,53455,8
53456,53456,8
53457,53457,8
53458,53458,8
53459,53459,8
53460,53460,8
53461,53461,8
53462,53462,8
53463,53463,8
53464,53464,8
53465,53465,8
53466,53466,8
53467,53467,8
53468,53468,8
53469,53469,8
53470,53470,8
53471,53471,8
53472,53472,8
53473,53473,0
53474,53474,0
53475,53475,0
53476,53476,0
53477,53477,0
53478,53478,0
53479,53479,0
53480,53480,0
53481,53481,0
53482,53482,0
53483,53483,0
53484,53484,0
53485,53485,0
53486,53486,0
53487,53487,0
53488,53488,0
53489,53489,0
53490,53490,0
53491,53491,0
53492,53492,0
53493,53493,7
53494,53494,7
53495,53495,7
53496,53496,7
53497,53497,7
53498,53498,7
53499,53499,7
53500,53500,7
53501,53501,7
53502,53502,7
53503,53503,7
53504,53504,7
53505,53505,7
53506,53506,7
53507,53507,7
53508,53508,7
53509,53509,7
53510,53510,7
53511,53511,7
53512,53512,7
53513,53513,7
53514,53514,7
53515,53515,7
53516,53516,7
53517,53517,7
53518,53518,7
53519,53519,7
53520,53520,7
53521,53521,7
53522,53522,7
53523,53523,7
53524,53524,7
53525,53525,7
53526,53526,7
53527,53527,7
53528,53528,7
53529,53529,7
53530,53530,7
53531,53531,7
53532,53532,7
53533,53533,7
53534,53534,7
53535,53535,7
53536,53536,7
53537,53537,7
53538,53538,7
53539,53539,7
53540,53540,7
53541,53541,7
53542,53542,7
53543,53543,7
53544,53544,2
53545,53545,2
53546,53546,2
53547,53547,2
53548,53548,7
53549,53549,2
53550,53550,7
53551,53551,7
53552,53552,7
53553,53553,7
53554,53554,7
53555,53555,2
53556,53556,7
53557,53557,7
53558,53558,7
53559,53559,7
53560,53560,7
53561,53561,7
53562,53562,7
53563,53563,7
53564,53564,2
53565,53565,2
53566,53566,2
53567,53567,2
53568,53568,2
53569,53569,0
53570,53570,2
53571,53571,2
53572,53572,0
53573,53573,2
53574,53574,2
53575,53575,2
53576,53576,2
53577,53577,2
53578,53578,2
53579,53579,2
53580,53580,2
53581,53581,2
53582,53582,2
53583,53583,2
53584,53584,2
53585,53585,2
53586,53586,2
53587,53587,2
53588,53588,2
53589,53589,2
53590,53590,2
53591,53591,2
53592,53592,2
53593,53593,2
53594,53594,2
53595,53595,2
53596,53596,2
53597,53597,2
53598,53598,2
53599,53599,2
53600,53600,2
53601,53601,2
53602,53602,2
53603,53603,2
53604,53604,2
53605,53605,2
53606,53606,2
53607,53607,2
53608,53608,2
53609,53609,2
53610,53610,2
53611,53611,2
53612,53612,2
53613,53613,2
53614,53614,0
53615,53615,0
53616,53616,0
53617,53617,2
53618,53618,2
53619,53619,0
53620,53620,0
53621,53621,2
53622,53622,0
53623,53623,2
53624,53624,0
53625,53625,2
53626,53626,0
53627,53627,0
53628,53628,0
53629,53629,0
53630,53630,0
53631,53631,0
53632,53632,2
53633,53633,0
53634,53634,2
53635,53635,2
53636,53636,0
53637,53637,0
53638,53638,2
53639,53639,0
53640,53640,0
53641,53641,2
53642,53642,2
53643,53643,2
53644,53644,0
53645,53645,0
53646,53646,2
53647,53647,2
53648,53648,0
53649,53649,0
53650,53650,0
53651,53651,0
53652,53652,0
53653,53653,0
53654,53654,0
53655,53655,0
53656,53656,0
53657,53657,0
53658,53658,0
53659,53659,0
53660,53660,0
53661,53661,0
53662,53662,0
53663,53663,0
53664,53664,0
53665,53665,0
53666,53666,0
53667,53667,0
53668,53668,0
53669,53669,0
53670,53670,0
53671,53671,0
53672,53672,0
53673,53673,0
53674,53674,0
53675,53675,0
53676,53676,0
53677,53677,0
53678,53678,0
53679,53679,0
53680,53680,0
53681,53681,0
53682,53682,0
53683,53683,0
53684,53684,0
53685,53685,0
53686,53686,0
53687,53687,0
53688,53688,0
53689,53689,0
53690,53690,0
53691,53691,0
53692,53692,0
53693,53693,0
53694,53694,0
53695,53695,0
53696,53696,0
53697,53697,0
53698,53698,0
53699,53699,0
53700,53700,0
53701,53701,0
53702,53702,0
53703,53703,0
53704,53704,0
53705,53705,0
53706,53706,0
53707,53707,0
53708,53708,7
53709,53709,0
53710,53710,0
53711,53711,0
53712,53712,0
53713,53713,0
53714,53714,0
53715,53715,0
53716,53716,0
53717,53717,0
53718,53718,0
53719,53719,0
53720,53720,0
53721,53721,0
53722,53722,0
53723,53723,0
53724,53724,0
53725,53725,0
53726,53726,0
53727,53727,0
53728,53728,0
53729,53729,0
53730,53730,0
53731,53731,0
53732,53732,7
53733,53733,7
53734,53734,0
53735,53735,0
53736,53736,0
53737,53737,0
53738,53738,0
53739,53739,0
53740,53740,0
53741,53741,0
53742,53742,0
53743,53743,0
53744,53744,0
53745,53745,0
53746,53746,0
53747,53747,0
53748,53748,0
53749,53749,0
53750,53750,0
53751,53751,0
53752,53752,0
53753,53753,0
53754,53754,0
53755,53755,0
53756,53756,0
53757,53757,7
53758,53758,0
53759,53759,0
53760,53760,0
53761,53761,0
53762,53762,0
53763,53763,0
53764,53764,0
53765,53765,0
53766,53766,0
53767,53767,0
53768,53768,0
53769,53769,0
53770,53770,0
53771,53771,0
53772,53772,0
53773,53773,0
53774,53774,0
53775,53775,0
53776,53776,0
53777,53777,0
53778,53778,0
53779,53779,0
53780,53780,0
53781,53781,0
53782,53782,0
53783,53783,0
53784,53784,0
53785,53785,0
53786,53786,0
53787,53787,0
53788,53788,0
53789,53789,0
53790,53790,0
53791,53791,0
53792,53792,0
53793,53793,0
53794,53794,0
53795,53795,0
53796,53796,0
53797,53797,0
53798,53798,0
53799,53799,0
53800,53800,0
53801,53801,0
53802,53802,0
53803,53803,0
53804,53804,0
53805,53805,0
53806,53806,0
53807,53807,0
53808,53808,0
53809,53809,0
53810,53810,0
53811,53811,0
53812,53812,0
53813,53813,0
53814,53814,0
53815,53815,0
53816,53816,0
53817,53817,0
53818,53818,0
53819,53819,0
53820,53820,0
53821,53821,0
53822,53822,0
53823,53823,0
53824,53824,0
53825,53825,0
53826,53826,0
53827,53827,0
53828,53828,0
53829,53829,0
53830,53830,0
53831,53831,0
53832,53832,0
53833,53833,0
53834,53834,0
53835,53835,0
53836,53836,0
53837,53837,0
53838,53838,7
53839,53839,0
53840,53840,0
53841,53841,0
53842,53842,0
53843,53843,0
53844,53844,0
53845,53845,0
53846,53846,0
53847,53847,0
53848,53848,0
53849,53849,0
53850,53850,0
53851,53851,0
53852,53852,0
53853,53853,0
53854,53854,7
53855,53855,7
53856,53856,7
53857,53857,0
53858,53858,0
53859,53859,0
53860,53860,0
53861,53861,0
53862,53862,0
53863,53863,6
53864,53864,0
53865,53865,0
53866,53866,0
53867,53867,0
53868,53868,7
53869,53869,7
53870,53870,7
53871,53871,7
53872,53872,7
53873,53873,7
53874,53874,0
53875,53875,0
53876,53876,0
53877,53877,7
53878,53878,7
53879,53879,7
53880,53880,7
53881,53881,0
53882,53882,7
53883,53883,7
53884,53884,7
53885,53885,7
53886,53886,0
53887,53887,7
53888,53888,7
53889,53889,7
53890,53890,0
53891,53891,0
53892,53892,0
53893,53893,7
53894,53894,0
53895,53895,0
53896,53896,0
53897,53897,0
53898,53898,0
53899,53899,7
53900,53900,0
53901,53901,0
53902,53902,0
53903,53903,0
53904,53904,0
53905,53905,0
53906,53906,0
53907,53907,0
53908,53908,0
53909,53909,0
53910,53910,0
53911,53911,0
53912,53912,0
53913,53913,0
53914,53914,0
53915,53915,7
53916,53916,7
53917,53917,7
53918,53918,0
53919,53919,2
53920,53920,2
53921,53921,2
53922,53922,2
53923,53923,2
53924,53924,2
53925,53925,2
53926,53926,2
53927,53927,2
53928,53928,2
53929,53929,2
53930,53930,2
53931,53931,2
53932,53932,2
53933,53933,2
53934,53934,2
53935,53935,2
53936,53936,2
53937,53937,2
53938,53938,2
53939,53939,2
53940,53940,2
53941,53941,2
53942,53942,2
53943,53943,2
53944,53944,2
53945,53945,2
53946,53946,2
53947,53947,2
53948,53948,2
53949,53949,2
53950,53950,2
53951,53951,2
53952,53952,0
53953,53953,2
53954,53954,2
53955,53955,2
53956,53956,2
53957,53957,2
53958,53958,2
53959,53959,2
53960,53960,2
53961,53961,2
53962,53962,2
53963,53963,2
53964,53964,2
53965,53965,2
53966,53966,2
53967,53967,2
53968,53968,0
53969,53969,2
53970,53970,0
53971,53971,0
53972,53972,0
53973,53973,0
53974,53974,0
53975,53975,0
53976,53976,0
53977,53977,0
53978,53978,0
53979,53979,0
53980,53980,8
53981,53981,8
53982,53982,8
53983,53983,8
53984,53984,8
53985,53985,8
53986,53986,8
53987,53987,8
53988,53988,8
53989,53989,8
53990,53990,8
53991,53991,8
53992,53992,8
53993,53993,8
53994,53994,8
53995,53995,8
53996,53996,8
53997,53997,8
53998,53998,8
53999,53999,8
54000,54000,8
54001,54001,8
54002,54002,8
54003,54003,8
54004,54004,8
54005,54005,8
54006,54006,8
54007,54007,8
54008,54008,8
54009,54009,8
54010,54010,8
54011,54011,8
54012,54012,8
54013,54013,8
54014,54014,8
54015,54015,8
54016,54016,8
54017,54017,8
54018,54018,8
54019,54019,10
54020,54020,10
54021,54021,6
54022,54022,1
54023,54023,1
54024,54024,1
54025,54025,6
54026,54026,1
54027,54027,1
54028,54028,3
54029,54029,3
54030,54030,3
54031,54031,10
54032,54032,10
54033,54033,3
54034,54034,10
54035,54035,3
54036,54036,6
54037,54037,1
54038,54038,1
54039,54039,6
54040,54040,6
54041,54041,6
54042,54042,6
54043,54043,6
54044,54044,3
54045,54045,3
54046,54046,4
54047,54047,4
54048,54048,3
54049,54049,3
54050,54050,3
54051,54051,3
54052,54052,3
54053,54053,3
54054,54054,4
54055,54055,4
54056,54056,4
54057,54057,4
54058,54058,4
54059,54059,4
54060,54060,4
54061,54061,6
54062,54062,6
54063,54063,6
54064,54064,1
54065,54065,3
54066,54066,4
54067,54067,4
54068,54068,4
54069,54069,3
54070,54070,6
54071,54071,4
54072,54072,6
54073,54073,1
54074,54074,1
54075,54075,4
54076,54076,3
54077,54077,3
54078,54078,3
54079,54079,3
54080,54080,3
54081,54081,3
54082,54082,3
54083,54083,6
54084,54084,3
54085,54085,10
54086,54086,10
54087,54087,3
54088,54088,3
54089,54089,3
54090,54090,3
54091,54091,3
54092,54092,3
54093,54093,3
54094,54094,3
54095,54095,9
54096,54096,3
54097,54097,3
54098,54098,3
54099,54099,3
54100,54100,3
54101,54101,3
54102,54102,9
54103,54103,9
54104,54104,9
54105,54105,9
54106,54106,9
54107,54107,9
54108,54108,9
54109,54109,9
54110,54110,9
54111,54111,3
54112,54112,3
54113,54113,3
54114,54114,3
54115,54115,3
54116,54116,3
54117,54117,3
54118,54118,3
54119,54119,3
54120,54120,3
54121,54121,3
54122,54122,3
54123,54123,9
54124,54124,3
54125,54125,3
54126,54126,3
54127,54127,3
54128,54128,3
54129,54129,3
54130,54130,10
54131,54131,3
54132,54132,3
54133,54133,3
54134,54134,10
54135,54135,3
54136,54136,3
54137,54137,3
54138,54138,3
54139,54139,3
54140,54140,11
54141,54141,11
54142,54142,3
54143,54143,3
54144,54144,3
54145,54145,3
54146,54146,3
54147,54147,3
54148,54148,3
54149,54149,10
54150,54150,10
54151,54151,10
54152,54152,8
54153,54153,8
54154,54154,8
54155,54155,8
54156,54156,8
54157,54157,8
54158,54158,7
54159,54159,7
54160,54160,7
54161,54161,7
54162,54162,8
54163,54163,8
54164,54164,7
54165,54165,7
54166,54166,7
54167,54167,7
54168,54168,7
54169,54169,7
54170,54170,7
54171,54171,7
54172,54172,8
54173,54173,8
54174,54174,8
54175,54175,8
54176,54176,8
54177,54177,8
54178,54178,8
54179,54179,8
54180,54180,8
54181,54181,8
54182,54182,8
54183,54183,8
54184,54184,8
54185,54185,8
54186,54186,8
54187,54187,8
54188,54188,8
54189,54189,8
54190,54190,8
54191,54191,8
54192,54192,8
54193,54193,8
54194,54194,8
54195,54195,8
54196,54196,8
54197,54197,8
54198,54198,8
54199,54199,8
54200,54200,8
54201,54201,8
54202,54202,2
54203,54203,7
54204,54204,2
54205,54205,2
54206,54206,2
54207,54207,2
54208,54208,2
54209,54209,2
54210,54210,2
54211,54211,0
54212,54212,0
54213,54213,7
54214,54214,0
54215,54215,0
54216,54216,0
54217,54217,0
54218,54218,0
54219,54219,0
54220,54220,0
54221,54221,0
54222,54222,0
54223,54223,7
54224,54224,0
54225,54225,7
54226,54226,0
54227,54227,7
54228,54228,7
54229,54229,7
54230,54230,0
54231,54231,0
54232,54232,0
54233,54233,7
54234,54234,7
54235,54235,2
54236,54236,2
54237,54237,2
54238,54238,2
54239,54239,2
54240,54240,7
54241,54241,2
54242,54242,2
54243,54243,2
54244,54244,2
54245,54245,0
54246,54246,2
54247,54247,2
54248,54248,2
54249,54249,2
54250,54250,2
54251,54251,2
54252,54252,2
54253,54253,2
54254,54254,2
54255,54255,2
54256,54256,2
54257,54257,2
54258,54258,2
54259,54259,2
54260,54260,0
54261,54261,2
54262,54262,2
54263,54263,2
54264,54264,2
54265,54265,2
54266,54266,2
54267,54267,2
54268,54268,2
54269,54269,2
54270,54270,2
54271,54271,2
54272,54272,2
54273,54273,2
54274,54274,2
54275,54275,2
54276,54276,2
54277,54277,2
54278,54278,2
54279,54279,2
54280,54280,2
54281,54281,2
54282,54282,2
54283,54283,2
54284,54284,2
54285,54285,2
54286,54286,2
54287,54287,2
54288,54288,2
54289,54289,2
54290,54290,2
54291,54291,2
54292,54292,2
54293,54293,2
54294,54294,3
54295,54295,3
54296,54296,8
54297,54297,8
54298,54298,8
54299,54299,8
54300,54300,1
54301,54301,1
54302,54302,1
54303,54303,8
54304,54304,8
54305,54305,1
54306,54306,1
54307,54307,6
54308,54308,6
54309,54309,6
54310,54310,6
54311,54311,8
54312,54312,0
54313,54313,0
54314,54314,0
54315,54315,6
54316,54316,6
54317,54317,6
54318,54318,6
54319,54319,0
54320,54320,0
54321,54321,0
54322,54322,0
54323,54323,6
54324,54324,6
54325,54325,6
54326,54326,6
54327,54327,0
54328,54328,0
54329,54329,0
54330,54330,8
54331,54331,0
54332,54332,6
54333,54333,6
54334,54334,6
54335,54335,6
54336,54336,0
54337,54337,0
54338,54338,0
54339,54339,0
54340,54340,0
54341,54341,0
54342,54342,0
54343,54343,0
54344,54344,0
54345,54345,8
54346,54346,8
54347,54347,8
54348,54348,8
54349,54349,8
54350,54350,6
54351,54351,7
54352,54352,7
54353,54353,7
54354,54354,0
54355,54355,0
54356,54356,0
54357,54357,0
54358,54358,0
54359,54359,0
54360,54360,0
54361,54361,0
54362,54362,0
54363,54363,0
54364,54364,0
54365,54365,0
54366,54366,0
54367,54367,0
54368,54368,0
54369,54369,8
54370,54370,8
54371,54371,7
54372,54372,7
54373,54373,7
54374,54374,7
54375,54375,7
54376,54376,0
54377,54377,0
54378,54378,0
54379,54379,0
54380,54380,0
54381,54381,0
54382,54382,0
54383,54383,0
54384,54384,0
54385,54385,0
54386,54386,0
54387,54387,0
54388,54388,0
54389,54389,8
54390,54390,0
54391,54391,0
54392,54392,0
54393,54393,7
54394,54394,8
54395,54395,0
54396,54396,0
54397,54397,0
54398,54398,0
54399,54399,8
54400,54400,8
54401,54401,0
54402,54402,2
54403,54403,2
54404,54404,2
54405,54405,2
54406,54406,0
54407,54407,0
54408,54408,8
54409,54409,8
54410,54410,8
54411,54411,0
54412,54412,0
54413,54413,0
54414,54414,0
54415,54415,0
54416,54416,0
54417,54417,0
54418,54418,0
54419,54419,0
54420,54420,0
54421,54421,0
54422,54422,0
54423,54423,0
54424,54424,0
54425,54425,0
54426,54426,0
54427,54427,0
54428,54428,0
54429,54429,0
54430,54430,8
54431,54431,8
54432,54432,0
54433,54433,0
54434,54434,0
54435,54435,8
54436,54436,8
54437,54437,8
54438,54438,0
54439,54439,0
54440,54440,8
54441,54441,7
54442,54442,8
54443,54443,8
54444,54444,0
54445,54445,8
54446,54446,0
54447,54447,0
54448,54448,0
54449,54449,0
54450,54450,0
54451,54451,0
54452,54452,0
54453,54453,0
54454,54454,0
54455,54455,0
54456,54456,0
54457,54457,8
54458,54458,0
54459,54459,8
54460,54460,0
54461,54461,0
54462,54462,0
54463,54463,0
54464,54464,0
54465,54465,0
54466,54466,0
54467,54467,0
54468,54468,0
54469,54469,0
54470,54470,0
54471,54471,0
54472,54472,0
54473,54473,0
54474,54474,0
54475,54475,8
54476,54476,8
54477,54477,8
54478,54478,0
54479,54479,0
54480,54480,0
54481,54481,0
54482,54482,0
54483,54483,0
54484,54484,0
54485,54485,0
54486,54486,0
54487,54487,0
54488,54488,0
54489,54489,0
54490,54490,8
54491,54491,8
54492,54492,2
54493,54493,2
54494,54494,2
54495,54495,2
54496,54496,2
54497,54497,2
54498,54498,2
54499,54499,2
54500,54500,2
54501,54501,2
54502,54502,2
54503,54503,2
54504,54504,2
54505,54505,2
54506,54506,2
54507,54507,2
54508,54508,2
54509,54509,2
54510,54510,2
54511,54511,2
54512,54512,2
54513,54513,2
54514,54514,2
54515,54515,2
54516,54516,2
54517,54517,2
54518,54518,2
54519,54519,2
54520,54520,2
54521,54521,2
54522,54522,2
54523,54523,2
54524,54524,2
54525,54525,2
54526,54526,8
54527,54527,8
54528,54528,8
54529,54529,8
54530,54530,8
54531,54531,8
54532,54532,8
54533,54533,8
54534,54534,8
54535,54535,8
54536,54536,7
54537,54537,7
54538,54538,7
54539,54539,7
54540,54540,7
54541,54541,7
54542,54542,7
54543,54543,7
54544,54544,7
54545,54545,7
54546,54546,7
54547,54547,7
54548,54548,7
54549,54549,7
54550,54550,7
54551,54551,7
54552,54552,7
54553,54553,7
54554,54554,7
54555,54555,7
54556,54556,0
54557,54557,0
54558,54558,0
54559,54559,0
54560,54560,7
54561,54561,7
54562,54562,0
54563,54563,0
54564,54564,0
54565,54565,0
54566,54566,7
54567,54567,7
54568,54568,0
54569,54569,0
54570,54570,0
54571,54571,7
54572,54572,2
54573,54573,2
54574,54574,7
54575,54575,7
54576,54576,7
54577,54577,2
54578,54578,2
54579,54579,2
54580,54580,2
54581,54581,2
54582,54582,2
54583,54583,2
54584,54584,2
54585,54585,2
54586,54586,7
54587,54587,0
54588,54588,0
54589,54589,7
54590,54590,0
54591,54591,7
54592,54592,2
54593,54593,2
54594,54594,2
54595,54595,0
54596,54596,0
54597,54597,2
54598,54598,0
54599,54599,0
54600,54600,0
54601,54601,0
54602,54602,0
54603,54603,7
54604,54604,7
54605,54605,7
54606,54606,7
54607,54607,7
54608,54608,7
54609,54609,7
54610,54610,7
54611,54611,7
54612,54612,7
54613,54613,7
54614,54614,7
54615,54615,7
54616,54616,7
54617,54617,7
54618,54618,7
54619,54619,7
54620,54620,7
54621,54621,7
54622,54622,7
54623,54623,7
54624,54624,7
54625,54625,7
54626,54626,7
54627,54627,2
54628,54628,7
54629,54629,2
54630,54630,2
54631,54631,2
54632,54632,7
54633,54633,2
54634,54634,7
54635,54635,7
54636,54636,7
54637,54637,7
54638,54638,7
54639,54639,7
54640,54640,8
54641,54641,7
54642,54642,8
54643,54643,1
54644,54644,10
54645,54645,10
54646,54646,8
54647,54647,8
54648,54648,8
54649,54649,8
54650,54650,8
54651,54651,8
54652,54652,8
54653,54653,8
54654,54654,8
54655,54655,8
54656,54656,8
54657,54657,8
54658,54658,8
54659,54659,8
54660,54660,8
54661,54661,8
54662,54662,8
54663,54663,8
54664,54664,8
54665,54665,8
54666,54666,8
54667,54667,8
54668,54668,8
54669,54669,0
54670,54670,8
54671,54671,8
54672,54672,8
54673,54673,8
54674,54674,8
54675,54675,8
54676,54676,8
54677,54677,8
54678,54678,8
54679,54679,8
54680,54680,8
54681,54681,8
54682,54682,8
54683,54683,8
54684,54684,8
54685,54685,8
54686,54686,8
54687,54687,8
54688,54688,8
54689,54689,8
54690,54690,3
54691,54691,3
54692,54692,3
54693,54693,3
54694,54694,3
54695,54695,3
54696,54696,3
54697,54697,3
54698,54698,3
54699,54699,3
54700,54700,3
54701,54701,3
54702,54702,3
54703,54703,3
54704,54704,8
54705,54705,8
54706,54706,8
54707,54707,0
54708,54708,8
54709,54709,10
54710,54710,3
54711,54711,10
54712,54712,10
54713,54713,6
54714,54714,3
54715,54715,7
54716,54716,1
54717,54717,3
54718,54718,3
54719,54719,3
54720,54720,3
54721,54721,7
54722,54722,7
54723,54723,7
54724,54724,8
54725,54725,8
54726,54726,8
54727,54727,8
54728,54728,8
54729,54729,8
54730,54730,0
54731,54731,0
54732,54732,0
54733,54733,0
54734,54734,8
54735,54735,8
54736,54736,8
54737,54737,8
54738,54738,8
54739,54739,8
54740,54740,8
54741,54741,8
54742,54742,0
54743,54743,0
54744,54744,0
54745,54745,0
54746,54746,0
54747,54747,0
54748,54748,2
54749,54749,2
54750,54750,2
54751,54751,2
54752,54752,0
54753,54753,0
54754,54754,0
54755,54755,0
54756,54756,0
54757,54757,0
54758,54758,0
54759,54759,0
54760,54760,2
54761,54761,0
54762,54762,2
54763,54763,0
54764,54764,0
54765,54765,0
54766,54766,0
54767,54767,0
54768,54768,0
54769,54769,0
54770,54770,0
54771,54771,0
54772,54772,0
54773,54773,0
54774,54774,0
54775,54775,0
54776,54776,0
54777,54777,0
54778,54778,0
54779,54779,0
54780,54780,0
54781,54781,0
54782,54782,0
54783,54783,0
54784,54784,0
54785,54785,0
54786,54786,0
54787,54787,0
54788,54788,0
54789,54789,0
54790,54790,0
54791,54791,0
54792,54792,0
54793,54793,0
54794,54794,0
54795,54795,0
54796,54796,0
54797,54797,0
54798,54798,0
54799,54799,0
54800,54800,0
54801,54801,0
54802,54802,0
54803,54803,0
54804,54804,0
54805,54805,0
54806,54806,0
54807,54807,0
54808,54808,0
54809,54809,0
54810,54810,0
54811,54811,0
54812,54812,0
54813,54813,0
54814,54814,0
54815,54815,0
54816,54816,0
54817,54817,0
54818,54818,0
54819,54819,0
54820,54820,0
54821,54821,2
54822,54822,0
54823,54823,0
54824,54824,0
54825,54825,0
54826,54826,0
54827,54827,0
54828,54828,0
54829,54829,0
54830,54830,0
54831,54831,0
54832,54832,0
54833,54833,7
54834,54834,7
54835,54835,7
54836,54836,7
54837,54837,7
54838,54838,7
54839,54839,7
54840,54840,7
54841,54841,7
54842,54842,7
54843,54843,7
54844,54844,7
54845,54845,7
54846,54846,7
54847,54847,7
54848,54848,7
54849,54849,7
54850,54850,7
54851,54851,7
54852,54852,7
54853,54853,7
54854,54854,7
54855,54855,7
54856,54856,7
54857,54857,7
54858,54858,7
54859,54859,7
54860,54860,7
54861,54861,7
54862,54862,7
54863,54863,7
54864,54864,7
54865,54865,0
54866,54866,0
54867,54867,8
54868,54868,8
54869,54869,8
54870,54870,8
54871,54871,8
54872,54872,8
54873,54873,8
54874,54874,2
54875,54875,2
54876,54876,2
54877,54877,2
54878,54878,2
54879,54879,2
54880,54880,2
54881,54881,2
54882,54882,2
54883,54883,2
54884,54884,2
54885,54885,2
54886,54886,2
54887,54887,2
54888,54888,2
54889,54889,2
54890,54890,2
54891,54891,2
54892,54892,2
54893,54893,2
54894,54894,2
54895,54895,2
54896,54896,2
54897,54897,2
54898,54898,0
54899,54899,0
54900,54900,0
54901,54901,2
54902,54902,2
54903,54903,2
54904,54904,0
54905,54905,0
54906,54906,0
54907,54907,2
54908,54908,2
54909,54909,0
54910,54910,0
54911,54911,0
54912,54912,0
54913,54913,0
54914,54914,0
54915,54915,0
54916,54916,0
54917,54917,0
54918,54918,0
54919,54919,0
54920,54920,0
54921,54921,0
54922,54922,0
54923,54923,6
54924,54924,1
54925,54925,6
54926,54926,6
54927,54927,6
54928,54928,6
54929,54929,6
54930,54930,6
54931,54931,6
54932,54932,6
54933,54933,6
54934,54934,6
54935,54935,6
54936,54936,6
54937,54937,6
54938,54938,6
54939,54939,6
54940,54940,0
54941,54941,6
54942,54942,0
54943,54943,6
54944,54944,0
54945,54945,6
54946,54946,6
54947,54947,0
54948,54948,6
54949,54949,6
54950,54950,1
54951,54951,1
54952,54952,6
54953,54953,6
54954,54954,6
54955,54955,6
54956,54956,6
54957,54957,6
54958,54958,8
54959,54959,6
54960,54960,0
54961,54961,6
54962,54962,6
54963,54963,6
54964,54964,6
54965,54965,3
54966,54966,6
54967,54967,6
54968,54968,4
54969,54969,3
54970,54970,3
54971,54971,4
54972,54972,6
54973,54973,6
54974,54974,4
54975,54975,6
54976,54976,7
54977,54977,7
54978,54978,7
54979,54979,7
54980,54980,7
54981,54981,7
54982,54982,8
54983,54983,8
54984,54984,8
54985,54985,8
54986,54986,8
54987,54987,8
54988,54988,8
54989,54989,8
54990,54990,8
54991,54991,8
54992,54992,8
54993,54993,8
54994,54994,6
54995,54995,6
54996,54996,8
54997,54997,1
54998,54998,1
54999,54999,1
55000,55000,8
55001,55001,1
55002,55002,6
55003,55003,1
55004,55004,1
55005,55005,6
55006,55006,6
55007,55007,6
55008,55008,0
55009,55009,3
55010,55010,3
55011,55011,3
55012,55012,3
55013,55013,3
55014,55014,6
55015,55015,3
55016,55016,6
55017,55017,6
55018,55018,6
55019,55019,6
55020,55020,6
55021,55021,6
55022,55022,6
55023,55023,6
55024,55024,6
55025,55025,6
55026,55026,6
55027,55027,6
55028,55028,6
55029,55029,6
55030,55030,6
55031,55031,6
55032,55032,6
55033,55033,6
55034,55034,6
55035,55035,6
55036,55036,6
55037,55037,6
55038,55038,6
55039,55039,6
55040,55040,0
55041,55041,6
55042,55042,0
55043,55043,6
55044,55044,6
55045,55045,6
55046,55046,6
55047,55047,6
55048,55048,6
55049,55049,6
55050,55050,6
55051,55051,6
55052,55052,6
55053,55053,6
55054,55054,6
55055,55055,8
55056,55056,8
55057,55057,8
55058,55058,8
55059,55059,8
55060,55060,8
55061,55061,8
55062,55062,8
55063,55063,8
55064,55064,8
55065,55065,8
55066,55066,8
55067,55067,8
55068,55068,8
55069,55069,8
55070,55070,8
55071,55071,8
55072,55072,8
55073,55073,8
55074,55074,8
55075,55075,8
55076,55076,8
55077,55077,8
55078,55078,8
55079,55079,8
55080,55080,8
55081,55081,8
55082,55082,8
55083,55083,8
55084,55084,8
55085,55085,8
55086,55086,0
55087,55087,8
55088,55088,0
55089,55089,0
55090,55090,8
55091,55091,0
55092,55092,0
55093,55093,8
55094,55094,0
55095,55095,0
55096,55096,0
55097,55097,0
55098,55098,0
55099,55099,0
55100,55100,0
55101,55101,8
55102,55102,10
55103,55103,8
55104,55104,8
55105,55105,8
55106,55106,10
55107,55107,10
55108,55108,10
55109,55109,10
55110,55110,10
55111,55111,10
55112,55112,10
55113,55113,10
55114,55114,10
55115,55115,10
55116,55116,10
55117,55117,10
55118,55118,10
55119,55119,10
55120,55120,10
55121,55121,10
55122,55122,3
55123,55123,10
55124,55124,10
55125,55125,10
55126,55126,3
55127,55127,3
55128,55128,3
55129,55129,8
55130,55130,8
55131,55131,8
55132,55132,8
55133,55133,8
55134,55134,8
55135,55135,8
55136,55136,8
55137,55137,8
55138,55138,0
55139,55139,0
55140,55140,8
55141,55141,8
55142,55142,8
55143,55143,8
55144,55144,8
55145,55145,8
55146,55146,8
55147,55147,8
55148,55148,8
55149,55149,8
55150,55150,8
55151,55151,8
55152,55152,0
55153,55153,8
55154,55154,8
55155,55155,8
55156,55156,0
55157,55157,8
55158,55158,8
55159,55159,8
55160,55160,8
55161,55161,8
55162,55162,0
55163,55163,0
55164,55164,0
55165,55165,0
55166,55166,0
55167,55167,0
55168,55168,8
55169,55169,0
55170,55170,0
55171,55171,0
55172,55172,0
55173,55173,0
55174,55174,0
55175,55175,0
55176,55176,0
55177,55177,0
55178,55178,0
55179,55179,0
55180,55180,0
55181,55181,0
55182,55182,0
55183,55183,0
55184,55184,0
55185,55185,0
55186,55186,8
55187,55187,8
55188,55188,8
55189,55189,0
55190,55190,0
55191,55191,0
55192,55192,0
55193,55193,0
55194,55194,0
55195,55195,8
55196,55196,8
55197,55197,0
55198,55198,0
55199,55199,0
55200,55200,0
55201,55201,0
55202,55202,0
55203,55203,0
55204,55204,0
55205,55205,8
55206,55206,0
55207,55207,0
55208,55208,0
55209,55209,0
55210,55210,0
55211,55211,0
55212,55212,0
55213,55213,0
55214,55214,0
55215,55215,0
55216,55216,0
55217,55217,0
55218,55218,0
55219,55219,0
55220,55220,0
55221,55221,0
55222,55222,0
55223,55223,0
55224,55224,0
55225,55225,0
55226,55226,0
55227,55227,0
55228,55228,0
55229,55229,0
55230,55230,0
55231,55231,0
55232,55232,0
55233,55233,0
55234,55234,0
55235,55235,0
55236,55236,0
55237,55237,0
55238,55238,0
55239,55239,0
55240,55240,0
55241,55241,0
55242,55242,0
55243,55243,0
55244,55244,0
55245,55245,8
55246,55246,6
55247,55247,6
55248,55248,6
55249,55249,0
55250,55250,0
55251,55251,0
55252,55252,0
55253,55253,0
55254,55254,0
55255,55255,0
55256,55256,0
55257,55257,0
55258,55258,0
55259,55259,0
55260,55260,0
55261,55261,0
55262,55262,6
55263,55263,0
55264,55264,0
55265,55265,0
55266,55266,6
55267,55267,6
55268,55268,0
55269,55269,0
55270,55270,0
55271,55271,6
55272,55272,6
55273,55273,6
55274,55274,6
55275,55275,6
55276,55276,6
55277,55277,8
55278,55278,8
55279,55279,0
55280,55280,6
55281,55281,6
55282,55282,6
55283,55283,0
55284,55284,0
55285,55285,6
55286,55286,6
55287,55287,6
55288,55288,6
55289,55289,6
55290,55290,6
55291,55291,3
55292,55292,3
55293,55293,3
55294,55294,3
55295,55295,8
55296,55296,8
55297,55297,8
55298,55298,8
55299,55299,8
55300,55300,8
55301,55301,8
55302,55302,8
55303,55303,8
55304,55304,8
55305,55305,0
55306,55306,8
55307,55307,8
55308,55308,8
55309,55309,0
55310,55310,8
55311,55311,8
55312,55312,8
55313,55313,8
55314,55314,8
55315,55315,8
55316,55316,8
55317,55317,8
55318,55318,8
55319,55319,8
55320,55320,8
55321,55321,8
55322,55322,8
55323,55323,0
55324,55324,8
55325,55325,8
55326,55326,0
55327,55327,8
55328,55328,8
55329,55329,0
55330,55330,0
55331,55331,8
55332,55332,8
55333,55333,8
55334,55334,0
55335,55335,0
55336,55336,0
55337,55337,0
55338,55338,0
55339,55339,0
55340,55340,0
55341,55341,0
55342,55342,0
55343,55343,0
55344,55344,0
55345,55345,0
55346,55346,0
55347,55347,0
55348,55348,0
55349,55349,0
55350,55350,8
55351,55351,0
55352,55352,8
55353,55353,8
55354,55354,8
55355,55355,8
55356,55356,8
55357,55357,10
55358,55358,4
55359,55359,4
55360,55360,4
55361,55361,3
55362,55362,7
55363,55363,7
55364,55364,1
55365,55365,8
55366,55366,8
55367,55367,8
55368,55368,8
55369,55369,1
55370,55370,1
55371,55371,6
55372,55372,7
55373,55373,7
55374,55374,7
55375,55375,0
55376,55376,0
55377,55377,0
55378,55378,0
55379,55379,7
55380,55380,7
55381,55381,7
55382,55382,7
55383,55383,0
55384,55384,0
55385,55385,0
55386,55386,0
55387,55387,2
55388,55388,0
55389,55389,0
55390,55390,0
55391,55391,7
55392,55392,7
55393,55393,7
55394,55394,7
55395,55395,7
55396,55396,7
55397,55397,7
55398,55398,7
55399,55399,7
55400,55400,7
55401,55401,8
55402,55402,8
55403,55403,2
55404,55404,2
55405,55405,2
55406,55406,2
55407,55407,2
55408,55408,2
55409,55409,2
55410,55410,2
55411,55411,2
55412,55412,0
55413,55413,2
55414,55414,2
55415,55415,0
55416,55416,0
55417,55417,0
55418,55418,0
55419,55419,8
55420,55420,0
55421,55421,0
55422,55422,0
55423,55423,8
55424,55424,6
55425,55425,6
55426,55426,6
55427,55427,6
55428,55428,6
55429,55429,6
55430,55430,6
55431,55431,6
55432,55432,6
55433,55433,6
55434,55434,6
55435,55435,6
55436,55436,6
55437,55437,6
55438,55438,6
55439,55439,6
55440,55440,6
55441,55441,6
55442,55442,8
55443,55443,8
55444,55444,0
55445,55445,7
55446,55446,0
55447,55447,0
55448,55448,7
55449,55449,2
55450,55450,2
55451,55451,2
55452,55452,2
55453,55453,6
55454,55454,6
55455,55455,6
55456,55456,6
55457,55457,6
55458,55458,6
55459,55459,6
55460,55460,6
55461,55461,6
55462,55462,0
55463,55463,6
55464,55464,6
55465,55465,6
55466,55466,6
55467,55467,3
55468,55468,6
55469,55469,0
55470,55470,0
55471,55471,6
55472,55472,0
55473,55473,6
55474,55474,6
55475,55475,6
55476,55476,6
55477,55477,6
55478,55478,3
55479,55479,8
55480,55480,8
55481,55481,2
55482,55482,3
55483,55483,3
55484,55484,3
55485,55485,3
55486,55486,3
55487,55487,3
55488,55488,3
55489,55489,3
55490,55490,3
55491,55491,3
55492,55492,1
55493,55493,1
55494,55494,6
55495,55495,6
55496,55496,6
55497,55497,1
55498,55498,0
55499,55499,0
55500,55500,0
55501,55501,6
55502,55502,0
55503,55503,0
55504,55504,6
55505,55505,6
55506,55506,6
55507,55507,6
55508,55508,0
55509,55509,0
55510,55510,0
55511,55511,0
55512,55512,0
55513,55513,8
55514,55514,8
55515,55515,0
55516,55516,0
55517,55517,0
55518,55518,0
55519,55519,0
55520,55520,0
55521,55521,0
55522,55522,0
55523,55523,0
55524,55524,0
55525,55525,0
55526,55526,8
55527,55527,8
55528,55528,8
55529,55529,0
55530,55530,8
55531,55531,8
55532,55532,0
55533,55533,8
55534,55534,0
55535,55535,6
55536,55536,6
55537,55537,6
55538,55538,6
55539,55539,6
55540,55540,6
55541,55541,6
55542,55542,6
55543,55543,6
55544,55544,6
55545,55545,6
55546,55546,3
55547,55547,3
55548,55548,3
55549,55549,4
55550,55550,4
55551,55551,4
55552,55552,4
55553,55553,7
55554,55554,7
55555,55555,7
55556,55556,7
55557,55557,7
55558,55558,7
55559,55559,0
55560,55560,2
55561,55561,0
55562,55562,7
55563,55563,7
55564,55564,7
55565,55565,7
55566,55566,2
55567,55567,7
55568,55568,7
55569,55569,0
55570,55570,0
55571,55571,7
55572,55572,2
55573,55573,7
55574,55574,2
55575,55575,2
55576,55576,2
55577,55577,2
55578,55578,2
55579,55579,2
55580,55580,2
55581,55581,2
55582,55582,7
55583,55583,2
55584,55584,2
55585,55585,2
55586,55586,2
55587,55587,7
55588,55588,8
55589,55589,8
55590,55590,8
55591,55591,8
55592,55592,8
55593,55593,8
55594,55594,8
55595,55595,8
55596,55596,8
55597,55597,6
55598,55598,0
55599,55599,0
55600,55600,0
55601,55601,0
55602,55602,0
55603,55603,0
55604,55604,0
55605,55605,0
55606,55606,0
55607,55607,0
55608,55608,0
55609,55609,0
55610,55610,0
55611,55611,0
55612,55612,0
55613,55613,0
55614,55614,0
55615,55615,0
55616,55616,0
55617,55617,0
55618,55618,0
55619,55619,0
55620,55620,0
55621,55621,0
55622,55622,0
55623,55623,0
55624,55624,0
55625,55625,0
55626,55626,2
55627,55627,7
55628,55628,7
55629,55629,7
55630,55630,7
55631,55631,7
55632,55632,7
55633,55633,7
55634,55634,7
55635,55635,7
55636,55636,7
55637,55637,7
55638,55638,7
55639,55639,7
55640,55640,7
55641,55641,7
55642,55642,7
55643,55643,7
55644,55644,0
55645,55645,6
55646,55646,0
55647,55647,0
55648,55648,0
55649,55649,6
55650,55650,6
55651,55651,6
55652,55652,6
55653,55653,0
55654,55654,0
55655,55655,6
55656,55656,6
55657,55657,6
55658,55658,6
55659,55659,6
55660,55660,6
55661,55661,0
55662,55662,6
55663,55663,6
55664,55664,6
55665,55665,6
55666,55666,6
55667,55667,6
55668,55668,6
55669,55669,6
55670,55670,6
55671,55671,6
55672,55672,6
55673,55673,6
55674,55674,6
55675,55675,6
55676,55676,6
55677,55677,6
55678,55678,6
55679,55679,6
55680,55680,6
55681,55681,6
55682,55682,6
55683,55683,6
55684,55684,6
55685,55685,6
55686,55686,6
55687,55687,6
55688,55688,1
55689,55689,1
55690,55690,1
55691,55691,1
55692,55692,1
55693,55693,1
55694,55694,1
55695,55695,1
55696,55696,1
55697,55697,1
55698,55698,1
55699,55699,3
55700,55700,3
55701,55701,3
55702,55702,3
55703,55703,3
55704,55704,3
55705,55705,3
55706,55706,1
55707,55707,8
55708,55708,7
55709,55709,7
55710,55710,6
55711,55711,3
55712,55712,6
55713,55713,0
55714,55714,0
55715,55715,0
55716,55716,0
55717,55717,2
55718,55718,2
55719,55719,2
55720,55720,2
55721,55721,0
55722,55722,0
55723,55723,0
55724,55724,0
55725,55725,0
55726,55726,0
55727,55727,0
55728,55728,7
55729,55729,7
55730,55730,7
55731,55731,7
55732,55732,2
55733,55733,2
55734,55734,2
55735,55735,2
55736,55736,2
55737,55737,2
55738,55738,2
55739,55739,2
55740,55740,2
55741,55741,7
55742,55742,7
55743,55743,8
55744,55744,8
55745,55745,8
55746,55746,0
55747,55747,0
55748,55748,8
55749,55749,8
55750,55750,8
55751,55751,8
55752,55752,8
55753,55753,8
55754,55754,6
55755,55755,0
55756,55756,6
55757,55757,0
55758,55758,6
55759,55759,0
55760,55760,0
55761,55761,0
55762,55762,0
55763,55763,0
55764,55764,0
55765,55765,0
55766,55766,8
55767,55767,6
55768,55768,6
55769,55769,0
55770,55770,0
55771,55771,0
55772,55772,0
55773,55773,0
55774,55774,0
55775,55775,0
55776,55776,0
55777,55777,0
55778,55778,0
55779,55779,0
55780,55780,0
55781,55781,0
55782,55782,8
55783,55783,0
55784,55784,0
55785,55785,0
55786,55786,0
55787,55787,6
55788,55788,0
55789,55789,0
55790,55790,6
55791,55791,6
55792,55792,0
55793,55793,0
55794,55794,6
55795,55795,0
55796,55796,0
55797,55797,0
55798,55798,0
55799,55799,0
55800,55800,0
55801,55801,0
55802,55802,0
55803,55803,6
55804,55804,6
55805,55805,8
55806,55806,0
55807,55807,6
55808,55808,0
55809,55809,0
55810,55810,0
55811,55811,0
55812,55812,0
55813,55813,0
55814,55814,0
55815,55815,0
55816,55816,0
55817,55817,0
55818,55818,0
55819,55819,0
55820,55820,0
55821,55821,0
55822,55822,6
55823,55823,6
55824,55824,6
55825,55825,0
55826,55826,0
55827,55827,0
55828,55828,0
55829,55829,6
55830,55830,0
55831,55831,0
55832,55832,0
55833,55833,0
55834,55834,0
55835,55835,0
55836,55836,0
55837,55837,0
55838,55838,0
55839,55839,0
55840,55840,0
55841,55841,0
55842,55842,0
55843,55843,0
55844,55844,6
55845,55845,6
55846,55846,6
55847,55847,6
55848,55848,6
55849,55849,6
55850,55850,6
55851,55851,8
55852,55852,6
55853,55853,8
55854,55854,6
55855,55855,6
55856,55856,6
55857,55857,6
55858,55858,6
55859,55859,6
55860,55860,8
55861,55861,8
55862,55862,8
55863,55863,8
55864,55864,8
55865,55865,8
55866,55866,8
55867,55867,8
55868,55868,6
55869,55869,6
55870,55870,6
55871,55871,6
55872,55872,6
55873,55873,8
55874,55874,0
55875,55875,0
55876,55876,0
55877,55877,0
55878,55878,0
55879,55879,0
55880,55880,0
55881,55881,6
55882,55882,6
55883,55883,6
55884,55884,6
55885,55885,10
55886,55886,6
55887,55887,6
55888,55888,8
55889,55889,6
55890,55890,6
55891,55891,6
55892,55892,6
55893,55893,6
55894,55894,6
55895,55895,6
55896,55896,6
55897,55897,6
55898,55898,6
55899,55899,6
55900,55900,6
55901,55901,6
55902,55902,6
55903,55903,6
55904,55904,6
55905,55905,6
55906,55906,6
55907,55907,6
55908,55908,8
55909,55909,0
55910,55910,0
55911,55911,0
55912,55912,0
55913,55913,0
55914,55914,0
55915,55915,0
55916,55916,0
55917,55917,0
55918,55918,0
55919,55919,0
55920,55920,0
55921,55921,0
55922,55922,0
55923,55923,0
55924,55924,0
55925,55925,0
55926,55926,0
55927,55927,0
55928,55928,0
55929,55929,0
55930,55930,0
55931,55931,8
55932,55932,0
55933,55933,0
55934,55934,0
55935,55935,0
55936,55936,0
55937,55937,0
55938,55938,0
55939,55939,0
55940,55940,0
55941,55941,0
55942,55942,0
55943,55943,0
55944,55944,0
55945,55945,0
55946,55946,0
55947,55947,0
55948,55948,0
55949,55949,0
55950,55950,0
55951,55951,0
55952,55952,0
55953,55953,0
55954,55954,8
55955,55955,8
55956,55956,2
55957,55957,2
55958,55958,2
55959,55959,2
55960,55960,2
55961,55961,2
55962,55962,2
55963,55963,2
55964,55964,2
55965,55965,2
55966,55966,2
55967,55967,2
55968,55968,2
55969,55969,2
55970,55970,2
55971,55971,2
55972,55972,2
55973,55973,2
55974,55974,2
55975,55975,2
55976,55976,2
55977,55977,0
55978,55978,0
55979,55979,0
55980,55980,0
55981,55981,0
55982,55982,2
55983,55983,2
55984,55984,2
55985,55985,0
55986,55986,0
55987,55987,0
55988,55988,0
55989,55989,0
55990,55990,2
55991,55991,2
55992,55992,8
55993,55993,0
55994,55994,8
55995,55995,0
55996,55996,0
55997,55997,0
55998,55998,0
55999,55999,8
56000,56000,7
56001,56001,8
56002,56002,8
56003,56003,8
56004,56004,8
56005,56005,8
56006,56006,8
56007,56007,8
56008,56008,8
56009,56009,8
56010,56010,8
56011,56011,8
56012,56012,8
56013,56013,8
56014,56014,8
56015,56015,8
56016,56016,8
56017,56017,3
56018,56018,3
56019,56019,0
56020,56020,0
56021,56021,8
56022,56022,8
56023,56023,8
56024,56024,8
56025,56025,8
56026,56026,8
56027,56027,8
56028,56028,8
56029,56029,8
56030,56030,8
56031,56031,8
56032,56032,1
56033,56033,1
56034,56034,1
56035,56035,7
56036,56036,8
56037,56037,8
56038,56038,8
56039,56039,8
56040,56040,8
56041,56041,7
56042,56042,2
56043,56043,2
56044,56044,2
56045,56045,0
56046,56046,0
56047,56047,0
56048,56048,0
56049,56049,0
56050,56050,7
56051,56051,8
56052,56052,8
56053,56053,0
56054,56054,0
56055,56055,8
56056,56056,0
56057,56057,8
56058,56058,8
56059,56059,7
56060,56060,7
56061,56061,7
56062,56062,7
56063,56063,7
56064,56064,7
56065,56065,7
56066,56066,7
56067,56067,7
56068,56068,7
56069,56069,7
56070,56070,7
56071,56071,7
56072,56072,7
56073,56073,7
56074,56074,0
56075,56075,7
56076,56076,7
56077,56077,7
56078,56078,7
56079,56079,0
56080,56080,7
56081,56081,7
56082,56082,7
56083,56083,7
56084,56084,7
56085,56085,7
56086,56086,7
56087,56087,7
56088,56088,7
56089,56089,7
56090,56090,2
56091,56091,1
56092,56092,1
56093,56093,1
56094,56094,1
56095,56095,1
56096,56096,1
56097,56097,1
56098,56098,1
56099,56099,1
56100,56100,7
56101,56101,7
56102,56102,7
56103,56103,7
56104,56104,7
56105,56105,7
56106,56106,7
56107,56107,6
56108,56108,6
56109,56109,6
56110,56110,3
56111,56111,3
56112,56112,6
56113,56113,6
56114,56114,6
56115,56115,6
56116,56116,6
56117,56117,6
56118,56118,6
56119,56119,6
56120,56120,6
56121,56121,6
56122,56122,6
56123,56123,6
56124,56124,6
56125,56125,6
56126,56126,6
56127,56127,6
56128,56128,6
56129,56129,6
56130,56130,6
56131,56131,3
56132,56132,3
56133,56133,3
56134,56134,3
56135,56135,3
56136,56136,3
56137,56137,3
56138,56138,0
56139,56139,6
56140,56140,6
56141,56141,6
56142,56142,6
56143,56143,6
56144,56144,6
56145,56145,6
56146,56146,6
56147,56147,6
56148,56148,6
56149,56149,6
56150,56150,6
56151,56151,6
56152,56152,0
56153,56153,0
56154,56154,6
56155,56155,6
56156,56156,6
56157,56157,6
56158,56158,6
56159,56159,6
56160,56160,0
56161,56161,6
56162,56162,0
56163,56163,0
56164,56164,6
56165,56165,0
56166,56166,6
56167,56167,6
56168,56168,0
56169,56169,6
56170,56170,6
56171,56171,6
56172,56172,6
56173,56173,0
56174,56174,6
56175,56175,0
56176,56176,0
56177,56177,8
56178,56178,8
56179,56179,0
56180,56180,8
56181,56181,0
56182,56182,8
56183,56183,8
56184,56184,8
56185,56185,8
56186,56186,8
56187,56187,8
56188,56188,8
56189,56189,8
56190,56190,8
56191,56191,8
56192,56192,8
56193,56193,8
56194,56194,8
56195,56195,6
56196,56196,6
56197,56197,6
56198,56198,6
56199,56199,6
56200,56200,0
56201,56201,6
56202,56202,6
56203,56203,6
56204,56204,6
56205,56205,6
56206,56206,6
56207,56207,6
56208,56208,6
56209,56209,6
56210,56210,6
56211,56211,6
56212,56212,6
56213,56213,6
56214,56214,6
56215,56215,6
56216,56216,6
56217,56217,6
56218,56218,6
56219,56219,6
56220,56220,6
56221,56221,4
56222,56222,4
56223,56223,4
56224,56224,4
56225,56225,4
56226,56226,7
56227,56227,7
56228,56228,7
56229,56229,7
56230,56230,7
56231,56231,7
56232,56232,7
56233,56233,7
56234,56234,8
56235,56235,7
56236,56236,7
56237,56237,7
56238,56238,7
56239,56239,7
56240,56240,7
56241,56241,7
56242,56242,7
56243,56243,7
56244,56244,7
56245,56245,7
56246,56246,7
56247,56247,7
56248,56248,7
56249,56249,7
56250,56250,7
56251,56251,7
56252,56252,7
56253,56253,7
56254,56254,7
56255,56255,7
56256,56256,7
56257,56257,6
56258,56258,6
56259,56259,6
56260,56260,6
56261,56261,6
56262,56262,6
56263,56263,6
56264,56264,6
56265,56265,6
56266,56266,6
56267,56267,6
56268,56268,6
56269,56269,6
56270,56270,6
56271,56271,6
56272,56272,6
56273,56273,6
56274,56274,6
56275,56275,6
56276,56276,6
56277,56277,1
56278,56278,1
56279,56279,6
56280,56280,1
56281,56281,8
56282,56282,8
56283,56283,8
56284,56284,8
56285,56285,8
56286,56286,6
56287,56287,0
56288,56288,0
56289,56289,6
56290,56290,6
56291,56291,0
56292,56292,0
56293,56293,0
56294,56294,0
56295,56295,0
56296,56296,0
56297,56297,0
56298,56298,0
56299,56299,0
56300,56300,0
56301,56301,0
56302,56302,0
56303,56303,6
56304,56304,6
56305,56305,6
56306,56306,6
56307,56307,0
56308,56308,6
56309,56309,6
56310,56310,6
56311,56311,0
56312,56312,0
56313,56313,6
56314,56314,0
56315,56315,0
56316,56316,0
56317,56317,0
56318,56318,0
56319,56319,0
56320,56320,0
56321,56321,0
56322,56322,0
56323,56323,0
56324,56324,0
56325,56325,0
56326,56326,0
56327,56327,0
56328,56328,6
56329,56329,0
56330,56330,6
56331,56331,6
56332,56332,0
56333,56333,0
56334,56334,0
56335,56335,0
56336,56336,0
56337,56337,0
56338,56338,0
56339,56339,0
56340,56340,0
56341,56341,0
56342,56342,0
56343,56343,0
56344,56344,0
56345,56345,0
56346,56346,0
56347,56347,0
56348,56348,0
56349,56349,0
56350,56350,0
56351,56351,0
56352,56352,0
56353,56353,0
56354,56354,0
56355,56355,0
56356,56356,0
56357,56357,0
56358,56358,0
56359,56359,0
56360,56360,0
56361,56361,0
56362,56362,0
56363,56363,0
56364,56364,0
56365,56365,0
56366,56366,0
56367,56367,0
56368,56368,0
56369,56369,0
56370,56370,0
56371,56371,0
56372,56372,0
56373,56373,0
56374,56374,6
56375,56375,0
56376,56376,0
56377,56377,6
56378,56378,6
56379,56379,0
56380,56380,0
56381,56381,0
56382,56382,0
56383,56383,0
56384,56384,0
56385,56385,0
56386,56386,0
56387,56387,0
56388,56388,0
56389,56389,0
56390,56390,0
56391,56391,0
56392,56392,0
56393,56393,0
56394,56394,0
56395,56395,0
56396,56396,0
56397,56397,0
56398,56398,0
56399,56399,0
56400,56400,0
56401,56401,0
56402,56402,0
56403,56403,0
56404,56404,0
56405,56405,0
56406,56406,0
56407,56407,0
56408,56408,0
56409,56409,0
56410,56410,0
56411,56411,0
56412,56412,0
56413,56413,0
56414,56414,0
56415,56415,0
56416,56416,0
56417,56417,0
56418,56418,0
56419,56419,0
56420,56420,0
56421,56421,0
56422,56422,0
56423,56423,6
56424,56424,6
56425,56425,3
56426,56426,3
56427,56427,3
56428,56428,3
56429,56429,6
56430,56430,6
56431,56431,1
56432,56432,1
56433,56433,1
56434,56434,1
56435,56435,3
56436,56436,7
56437,56437,7
56438,56438,6
56439,56439,6
56440,56440,6
56441,56441,3
56442,56442,6
56443,56443,6
56444,56444,6
56445,56445,6
56446,56446,6
56447,56447,6
56448,56448,6
56449,56449,6
56450,56450,6
56451,56451,6
56452,56452,0
56453,56453,0
56454,56454,6
56455,56455,0
56456,56456,0
56457,56457,0
56458,56458,0
56459,56459,0
56460,56460,6
56461,56461,6
56462,56462,6
56463,56463,6
56464,56464,6
56465,56465,6
56466,56466,6
56467,56467,1
56468,56468,6
56469,56469,1
56470,56470,1
56471,56471,1
56472,56472,8
56473,56473,1
56474,56474,1
56475,56475,6
56476,56476,6
56477,56477,1
56478,56478,6
56479,56479,0
56480,56480,0
56481,56481,0
56482,56482,0
56483,56483,0
56484,56484,0
56485,56485,0
56486,56486,0
56487,56487,0
56488,56488,0
56489,56489,0
56490,56490,8
56491,56491,8
56492,56492,8
56493,56493,8
56494,56494,8
56495,56495,8
56496,56496,8
56497,56497,7
56498,56498,0
56499,56499,6
56500,56500,6
56501,56501,3
56502,56502,6
56503,56503,6
56504,56504,6
56505,56505,0
56506,56506,6
56507,56507,0
56508,56508,8
56509,56509,6
56510,56510,0
56511,56511,0
56512,56512,8
56513,56513,0
56514,56514,0
56515,56515,0
56516,56516,8
56517,56517,6
56518,56518,6
56519,56519,6
56520,56520,8
56521,56521,6
56522,56522,6
56523,56523,6
56524,56524,6
56525,56525,0
56526,56526,6
56527,56527,6
56528,56528,6
56529,56529,6
56530,56530,6
56531,56531,6
56532,56532,2
56533,56533,2
56534,56534,2
56535,56535,2
56536,56536,2
56537,56537,2
56538,56538,2
56539,56539,1
56540,56540,1
56541,56541,6
56542,56542,6
56543,56543,6
56544,56544,6
56545,56545,6
56546,56546,6
56547,56547,3
56548,56548,6
56549,56549,3
56550,56550,6
56551,56551,3
56552,56552,3
56553,56553,3
56554,56554,0
56555,56555,0
56556,56556,0
56557,56557,0
56558,56558,6
56559,56559,0
56560,56560,0
56561,56561,0
56562,56562,0
56563,56563,0
56564,56564,6
56565,56565,6
56566,56566,6
56567,56567,6
56568,56568,6
56569,56569,6
56570,56570,1
56571,56571,6
56572,56572,6
56573,56573,6
56574,56574,6
56575,56575,6
56576,56576,6
56577,56577,0
56578,56578,0
56579,56579,6
56580,56580,6
56581,56581,6
56582,56582,6
56583,56583,6
56584,56584,6
56585,56585,6
56586,56586,8
56587,56587,8
56588,56588,8
56589,56589,8
56590,56590,8
56591,56591,8
56592,56592,6
56593,56593,6
56594,56594,6
56595,56595,8
56596,56596,8
56597,56597,8
56598,56598,8
56599,56599,6
56600,56600,8
56601,56601,6
56602,56602,6
56603,56603,6
56604,56604,3
56605,56605,3
56606,56606,6
56607,56607,3
56608,56608,6
56609,56609,6
56610,56610,6
56611,56611,3
56612,56612,3
56613,56613,3
56614,56614,3
56615,56615,6
56616,56616,6
56617,56617,3
56618,56618,3
56619,56619,6
56620,56620,6
56621,56621,8
56622,56622,6
56623,56623,8
56624,56624,6
56625,56625,6
56626,56626,8
56627,56627,6
56628,56628,8
56629,56629,6
56630,56630,6
56631,56631,0
56632,56632,8
56633,56633,8
56634,56634,8
56635,56635,6
56636,56636,6
56637,56637,6
56638,56638,6
56639,56639,6
56640,56640,6
56641,56641,6
56642,56642,6
56643,56643,6
56644,56644,0
56645,56645,6
56646,56646,6
56647,56647,8
56648,56648,6
56649,56649,1
56650,56650,1
56651,56651,1
56652,56652,1
56653,56653,6
56654,56654,6
56655,56655,6
56656,56656,6
56657,56657,1
56658,56658,6
56659,56659,6
56660,56660,1
56661,56661,1
56662,56662,6
56663,56663,0
56664,56664,8
56665,56665,0
56666,56666,0
56667,56667,8
56668,56668,0
56669,56669,0
56670,56670,0
56671,56671,0
56672,56672,0
56673,56673,0
56674,56674,8
56675,56675,0
56676,56676,0
56677,56677,8
56678,56678,8
56679,56679,8
56680,56680,8
56681,56681,8
56682,56682,8
56683,56683,8
56684,56684,8
56685,56685,0
56686,56686,8
56687,56687,8
56688,56688,8
56689,56689,8
56690,56690,8
56691,56691,0
56692,56692,8
56693,56693,6
56694,56694,8
56695,56695,8
56696,56696,8
56697,56697,8
56698,56698,8
56699,56699,6
56700,56700,6
56701,56701,7
56702,56702,7
56703,56703,7
56704,56704,0
56705,56705,6
56706,56706,0
56707,56707,0
56708,56708,0
56709,56709,0
56710,56710,0
56711,56711,0
56712,56712,0
56713,56713,0
56714,56714,0
56715,56715,0
56716,56716,0
56717,56717,0
56718,56718,7
56719,56719,2
56720,56720,6
56721,56721,6
56722,56722,6
56723,56723,3
56724,56724,6
56725,56725,3
56726,56726,6
56727,56727,1
56728,56728,6
56729,56729,6
56730,56730,8
56731,56731,8
56732,56732,8
56733,56733,1
56734,56734,6
56735,56735,8
56736,56736,8
56737,56737,8
56738,56738,8
56739,56739,8
56740,56740,8
56741,56741,8
56742,56742,8
56743,56743,6
56744,56744,6
56745,56745,1
56746,56746,1
56747,56747,1
56748,56748,1
56749,56749,1
56750,56750,8
56751,56751,8
56752,56752,8
56753,56753,8
56754,56754,8
56755,56755,0
56756,56756,8
56757,56757,8
56758,56758,0
56759,56759,0
56760,56760,0
56761,56761,0
56762,56762,0
56763,56763,0
56764,56764,0
56765,56765,0
56766,56766,0
56767,56767,0
56768,56768,0
56769,56769,0
56770,56770,0
56771,56771,8
56772,56772,8
56773,56773,0
56774,56774,8
56775,56775,8
56776,56776,0
56777,56777,0
56778,56778,8
56779,56779,0
56780,56780,8
56781,56781,8
56782,56782,8
56783,56783,8
56784,56784,8
56785,56785,8
56786,56786,8
56787,56787,8
56788,56788,8
56789,56789,8
56790,56790,0
56791,56791,0
56792,56792,6
56793,56793,6
56794,56794,6
56795,56795,6
56796,56796,6
56797,56797,6
56798,56798,8
56799,56799,8
56800,56800,8
56801,56801,8
56802,56802,6
56803,56803,0
56804,56804,0
56805,56805,8
56806,56806,0
56807,56807,0
56808,56808,0
56809,56809,0
56810,56810,0
56811,56811,0
56812,56812,0
56813,56813,0
56814,56814,0
56815,56815,0
56816,56816,0
56817,56817,0
56818,56818,0
56819,56819,0
56820,56820,0
56821,56821,0
56822,56822,0
56823,56823,0
56824,56824,0
56825,56825,0
56826,56826,0
56827,56827,0
56828,56828,0
56829,56829,0
56830,56830,0
56831,56831,0
56832,56832,0
56833,56833,0
56834,56834,0
56835,56835,0
56836,56836,0
56837,56837,0
56838,56838,0
56839,56839,0
56840,56840,0
56841,56841,0
56842,56842,0
56843,56843,0
56844,56844,0
56845,56845,10
56846,56846,10
56847,56847,10
56848,56848,10
56849,56849,10
56850,56850,10
56851,56851,10
56852,56852,10
56853,56853,10
56854,56854,10
56855,56855,10
56856,56856,10
56857,56857,10
56858,56858,10
56859,56859,10
56860,56860,0
56861,56861,0
56862,56862,0
56863,56863,0
56864,56864,0
56865,56865,0
56866,56866,0
56867,56867,0
56868,56868,0
56869,56869,0
56870,56870,0
56871,56871,6
56872,56872,6
56873,56873,3
56874,56874,3
56875,56875,6
56876,56876,6
56877,56877,6
56878,56878,10
56879,56879,10
56880,56880,10
56881,56881,8
56882,56882,8
56883,56883,8
56884,56884,8
56885,56885,8
56886,56886,8
56887,56887,8
56888,56888,8
56889,56889,6
56890,56890,6
56891,56891,6
56892,56892,6
56893,56893,6
56894,56894,6
56895,56895,6
56896,56896,6
56897,56897,6
56898,56898,6
56899,56899,6
56900,56900,6
56901,56901,8
56902,56902,8
56903,56903,10
56904,56904,4
56905,56905,8
56906,56906,8
56907,56907,10
56908,56908,8
56909,56909,10
56910,56910,8
56911,56911,8
56912,56912,8
56913,56913,4
56914,56914,3
56915,56915,4
56916,56916,0
56917,56917,0
56918,56918,0
56919,56919,0
56920,56920,0
56921,56921,0
56922,56922,0
56923,56923,0
56924,56924,0
56925,56925,0
56926,56926,0
56927,56927,0
56928,56928,0
56929,56929,0
56930,56930,0
56931,56931,0
56932,56932,0
56933,56933,0
56934,56934,0
56935,56935,0
56936,56936,0
56937,56937,0
56938,56938,0
56939,56939,0
56940,56940,0
56941,56941,0
56942,56942,0
56943,56943,0
56944,56944,0
56945,56945,0
56946,56946,0
56947,56947,0
56948,56948,0
56949,56949,0
56950,56950,0
56951,56951,0
56952,56952,0
56953,56953,0
56954,56954,0
56955,56955,0
56956,56956,0
56957,56957,0
56958,56958,0
56959,56959,0
56960,56960,0
56961,56961,0
56962,56962,0
56963,56963,0
56964,56964,0
56965,56965,0
56966,56966,0
56967,56967,0
56968,56968,0
56969,56969,0
56970,56970,0
56971,56971,0
56972,56972,0
56973,56973,0
56974,56974,0
56975,56975,0
56976,56976,0
56977,56977,0
56978,56978,0
56979,56979,0
56980,56980,0
56981,56981,0
56982,56982,0
56983,56983,0
56984,56984,0
56985,56985,0
56986,56986,0
56987,56987,0
56988,56988,0
56989,56989,0
56990,56990,0
56991,56991,0
56992,56992,0
56993,56993,0
56994,56994,0
56995,56995,0
56996,56996,0
56997,56997,0
56998,56998,0
56999,56999,0
57000,57000,0
57001,57001,0
57002,57002,0
57003,57003,2
57004,57004,2
57005,57005,2
57006,57006,2
57007,57007,1
57008,57008,1
57009,57009,0
57010,57010,3
57011,57011,3
57012,57012,3
57013,57013,6
57014,57014,3
57015,57015,6
57016,57016,3
57017,57017,0
57018,57018,0
57019,57019,6
57020,57020,0
57021,57021,3
57022,57022,0
57023,57023,6
57024,57024,6
57025,57025,6
57026,57026,6
57027,57027,0
57028,57028,0
57029,57029,0
57030,57030,0
57031,57031,0
57032,57032,0
57033,57033,0
57034,57034,0
57035,57035,0
57036,57036,0
57037,57037,0
57038,57038,0
57039,57039,0
57040,57040,0
57041,57041,0
57042,57042,0
57043,57043,0
57044,57044,0
57045,57045,3
57046,57046,3
57047,57047,3
57048,57048,3
57049,57049,6
57050,57050,1
57051,57051,1
57052,57052,1
57053,57053,3
57054,57054,3
57055,57055,6
57056,57056,6
57057,57057,6
57058,57058,6
57059,57059,6
57060,57060,6
57061,57061,6
57062,57062,6
57063,57063,6
57064,57064,6
57065,57065,0
57066,57066,0
57067,57067,0
57068,57068,0
57069,57069,0
57070,57070,0
57071,57071,0
57072,57072,0
57073,57073,0
57074,57074,0
57075,57075,0
57076,57076,0
57077,57077,0
57078,57078,0
57079,57079,0
57080,57080,0
57081,57081,0
57082,57082,0
57083,57083,0
57084,57084,0
57085,57085,0
57086,57086,0
57087,57087,0
57088,57088,0
57089,57089,3
57090,57090,3
57091,57091,8
57092,57092,0
57093,57093,0
57094,57094,0
57095,57095,0
57096,57096,0
57097,57097,3
57098,57098,3
57099,57099,3
57100,57100,1
57101,57101,6
57102,57102,1
57103,57103,10
57104,57104,10
57105,57105,10
57106,57106,7
57107,57107,7
57108,57108,8
57109,57109,7
57110,57110,8
57111,57111,8
57112,57112,8
57113,57113,8
57114,57114,8
57115,57115,8
57116,57116,8
57117,57117,8
57118,57118,8
57119,57119,8
57120,57120,0
57121,57121,0
57122,57122,0
57123,57123,0
57124,57124,0
57125,57125,0
57126,57126,0
57127,57127,0
57128,57128,0
57129,57129,0
57130,57130,0
57131,57131,0
57132,57132,0
57133,57133,0
57134,57134,0
57135,57135,0
57136,57136,0
57137,57137,0
57138,57138,0
57139,57139,0
57140,57140,2
57141,57141,0
57142,57142,2
57143,57143,0
57144,57144,2
57145,57145,0
57146,57146,2
57147,57147,0
57148,57148,0
57149,57149,0
57150,57150,0
57151,57151,6
57152,57152,6
57153,57153,6
57154,57154,6
57155,57155,6
57156,57156,6
57157,57157,0
57158,57158,6
57159,57159,8
57160,57160,6
57161,57161,6
57162,57162,8
57163,57163,8
57164,57164,6
57165,57165,6
57166,57166,10
57167,57167,0
57168,57168,0
57169,57169,0
57170,57170,0
57171,57171,0
57172,57172,0
57173,57173,0
57174,57174,0
57175,57175,0
57176,57176,0
57177,57177,0
57178,57178,0
57179,57179,0
57180,57180,0
57181,57181,0
57182,57182,0
57183,57183,8
57184,57184,8
57185,57185,0
57186,57186,0
57187,57187,3
57188,57188,0
57189,57189,0
57190,57190,0
57191,57191,8
57192,57192,0
57193,57193,0
57194,57194,0
57195,57195,0
57196,57196,6
57197,57197,6
57198,57198,8
57199,57199,8
57200,57200,0
57201,57201,0
57202,57202,0
57203,57203,0
57204,57204,0
57205,57205,0
57206,57206,0
57207,57207,6
57208,57208,6
57209,57209,6
57210,57210,6
57211,57211,6
57212,57212,6
57213,57213,6
57214,57214,6
57215,57215,6
57216,57216,6
57217,57217,0
57218,57218,6
57219,57219,6
57220,57220,6
57221,57221,6
57222,57222,0
57223,57223,6
57224,57224,6
57225,57225,3
57226,57226,3
57227,57227,2
57228,57228,2
57229,57229,2
57230,57230,2
57231,57231,2
57232,57232,2
57233,57233,1
57234,57234,1
57235,57235,1
57236,57236,6
57237,57237,6
57238,57238,1
57239,57239,1
57240,57240,1
57241,57241,0
57242,57242,0
57243,57243,0
57244,57244,0
57245,57245,0
57246,57246,0
57247,57247,2
57248,57248,2
57249,57249,2
57250,57250,2
57251,57251,2
57252,57252,2
57253,57253,2
57254,57254,2
57255,57255,2
57256,57256,2
57257,57257,2
57258,57258,2
57259,57259,2
57260,57260,2
57261,57261,2
57262,57262,2
57263,57263,2
57264,57264,2
57265,57265,2
57266,57266,2
57267,57267,2
57268,57268,2
57269,57269,2
57270,57270,2
57271,57271,7
57272,57272,7
57273,57273,3
57274,57274,3
57275,57275,3
57276,57276,3
57277,57277,3
57278,57278,3
57279,57279,3
57280,57280,3
57281,57281,3
57282,57282,3
57283,57283,3
57284,57284,3
57285,57285,4
57286,57286,3
57287,57287,3
57288,57288,3
57289,57289,3
57290,57290,6
57291,57291,0
57292,57292,6
57293,57293,0
57294,57294,6
57295,57295,0
57296,57296,0
57297,57297,0
57298,57298,0
57299,57299,8
57300,57300,8
57301,57301,8
57302,57302,0
57303,57303,0
57304,57304,0
57305,57305,0
57306,57306,0
57307,57307,0
57308,57308,1
57309,57309,1
57310,57310,1
57311,57311,1
57312,57312,1
57313,57313,6
57314,57314,1
57315,57315,1
57316,57316,1
57317,57317,1
57318,57318,1
57319,57319,1
57320,57320,6
57321,57321,6
57322,57322,6
57323,57323,6
57324,57324,6
57325,57325,6
57326,57326,6
57327,57327,6
57328,57328,6
57329,57329,6
57330,57330,6
57331,57331,6
57332,57332,6
57333,57333,6
57334,57334,6
57335,57335,6
57336,57336,6
57337,57337,0
57338,57338,0
57339,57339,0
57340,57340,0
57341,57341,6
57342,57342,6
57343,57343,3
57344,57344,3
57345,57345,6
57346,57346,3
57347,57347,8
57348,57348,8
57349,57349,1
57350,57350,6
57351,57351,6
57352,57352,6
57353,57353,0
57354,57354,0
57355,57355,0
57356,57356,8
57357,57357,8
57358,57358,8
57359,57359,8
57360,57360,0
57361,57361,0
57362,57362,3
57363,57363,1
57364,57364,1
57365,57365,1
57366,57366,4
57367,57367,6
57368,57368,6
57369,57369,6
57370,57370,6
57371,57371,6
57372,57372,6
57373,57373,6
57374,57374,0
57375,57375,6
57376,57376,6
57377,57377,6
57378,57378,6
57379,57379,2
57380,57380,2
57381,57381,2
57382,57382,6
57383,57383,6
57384,57384,6
57385,57385,6
57386,57386,6
57387,57387,6
57388,57388,6
57389,57389,6
57390,57390,8
57391,57391,0
57392,57392,0
57393,57393,0
57394,57394,0
57395,57395,0
57396,57396,0
57397,57397,0
57398,57398,0
57399,57399,0
57400,57400,0
57401,57401,0
57402,57402,0
57403,57403,0
57404,57404,0
57405,57405,8
57406,57406,8
57407,57407,3
57408,57408,2
57409,57409,2
57410,57410,6
57411,57411,6
57412,57412,6
57413,57413,6
57414,57414,6
57415,57415,6
57416,57416,4
57417,57417,4
57418,57418,4
57419,57419,4
57420,57420,4
57421,57421,0
57422,57422,0
57423,57423,2
57424,57424,2
57425,57425,3
57426,57426,3
57427,57427,3
57428,57428,6
57429,57429,6
57430,57430,8
57431,57431,6
57432,57432,6
57433,57433,6
57434,57434,8
57435,57435,8
57436,57436,6
57437,57437,1
57438,57438,8
57439,57439,1
57440,57440,8
57441,57441,8
57442,57442,6
57443,57443,6
57444,57444,6
57445,57445,6
57446,57446,0
57447,57447,2
57448,57448,2
57449,57449,0
57450,57450,0
57451,57451,0
57452,57452,2
57453,57453,2
57454,57454,3
57455,57455,3
57456,57456,3
57457,57457,3
57458,57458,3
57459,57459,3
57460,57460,7
57461,57461,7
57462,57462,7
57463,57463,7
57464,57464,7
57465,57465,0
57466,57466,0
57467,57467,0
57468,57468,0
57469,57469,0
57470,57470,0
57471,57471,0
57472,57472,0
57473,57473,0
57474,57474,0
57475,57475,0
57476,57476,0
57477,57477,0
57478,57478,0
57479,57479,0
57480,57480,0
57481,57481,0
57482,57482,0
57483,57483,0
57484,57484,6
57485,57485,0
57486,57486,3
57487,57487,3
57488,57488,3
57489,57489,3
57490,57490,3
57491,57491,3
57492,57492,0
57493,57493,0
57494,57494,0
57495,57495,0
57496,57496,0
57497,57497,0
57498,57498,0
57499,57499,0
57500,57500,0
57501,57501,0
57502,57502,0
57503,57503,0
57504,57504,0
57505,57505,2
57506,57506,0
57507,57507,2
57508,57508,3
57509,57509,3
57510,57510,2
57511,57511,2
57512,57512,2
57513,57513,2
57514,57514,2
57515,57515,2
57516,57516,7
57517,57517,6
57518,57518,6
57519,57519,6
57520,57520,6
57521,57521,6
57522,57522,6
57523,57523,0
57524,57524,0
57525,57525,3
57526,57526,3
57527,57527,6
57528,57528,6
57529,57529,0
57530,57530,0
57531,57531,0
57532,57532,0
57533,57533,0
57534,57534,0
57535,57535,0
57536,57536,0
57537,57537,0
57538,57538,1
57539,57539,8
57540,57540,8
57541,57541,8
57542,57542,0
57543,57543,0
57544,57544,0
57545,57545,0
57546,57546,0
57547,57547,0
57548,57548,0
57549,57549,0
57550,57550,0
57551,57551,0
57552,57552,6
57553,57553,6
57554,57554,6
57555,57555,6
57556,57556,6
57557,57557,6
57558,57558,0
57559,57559,0
57560,57560,0
57561,57561,0
57562,57562,0
57563,57563,0
57564,57564,0
57565,57565,0
57566,57566,0
57567,57567,0
57568,57568,0
57569,57569,0
57570,57570,0
57571,57571,0
57572,57572,0
57573,57573,0
57574,57574,0
57575,57575,0
57576,57576,7
57577,57577,7
57578,57578,4
57579,57579,11
57580,57580,11
57581,57581,11
57582,57582,4
57583,57583,11
57584,57584,6
57585,57585,6
57586,57586,6
57587,57587,6
57588,57588,6
57589,57589,6
57590,57590,6
57591,57591,6
57592,57592,6
57593,57593,6
57594,57594,0
57595,57595,0
57596,57596,0
57597,57597,6
57598,57598,6
57599,57599,6
57600,57600,6
57601,57601,7
57602,57602,7
57603,57603,7
57604,57604,7
57605,57605,7
57606,57606,7
57607,57607,0
57608,57608,0
57609,57609,0
57610,57610,0
57611,57611,0
57612,57612,0
57613,57613,0
57614,57614,0
57615,57615,0
57616,57616,8
57617,57617,8
57618,57618,8
57619,57619,0
57620,57620,0
57621,57621,0
57622,57622,0
57623,57623,0
57624,57624,0
57625,57625,0
57626,57626,0
57627,57627,0
57628,57628,0
57629,57629,0
57630,57630,0
57631,57631,6
57632,57632,8
57633,57633,6
57634,57634,0
57635,57635,0
57636,57636,0
57637,57637,4
57638,57638,4
